label,text,article_link,instruction,prediction
1,world's leading entomologist calls for someone to get it off,https://www.theonion.com/worlds-leading-entomologist-calls-for-someone-to-get-it-1819571391,"Below is an instruction that describes a sentiment analysis task.

### Instruction:
Given the following text, please determine if it should be classified as funny or not funny. Base your classification on humor elements such as wit, irony, absurdity, or comedic timing.

### Input:
world's leading entomologist calls for someone to get it off

### Response:
",Yes
1,addition of ketchup factored into calculation of french fry's final temperature,https://local.theonion.com/addition-of-ketchup-factored-into-calculation-of-french-1819580019,"Below is an instruction that describes a sentiment analysis task.

### Instruction:
Given the following text, please determine if it should be classified as funny or not funny. Base your classification on humor elements such as wit, irony, absurdity, or comedic timing.

### Input:
addition of ketchup factored into calculation of french fry's final temperature

### Response:
",Yes
0,i'm going to keep smiling,https://www.huffingtonpost.com/entry/im-going-to-keep-smiling_b_9125372.html,"Below is an instruction that describes a sentiment analysis task.

### Instruction:
Given the following text, please determine if it should be classified as funny or not funny. Base your classification on humor elements such as wit, irony, absurdity, or comedic timing.

### Input:
i'm going to keep smiling

### Response:
",No
0,daily meditation: mantra,https://www.huffingtonpost.com/entry/daily-meditation-mantra_us_57abb602e4b0db3be07d2a57,"Below is an instruction that describes a sentiment analysis task.

### Instruction:
Given the following text, please determine if it should be classified as funny or not funny. Base your classification on humor elements such as wit, irony, absurdity, or comedic timing.

### Input:
daily meditation: mantra

### Response:
",No
1,woman seamlessly transitions from being too hungry to focus on job to being too full to focus on job,https://local.theonion.com/woman-seamlessly-transitions-from-being-too-hungry-to-f-1835567502,"Below is an instruction that describes a sentiment analysis task.

### Instruction:
Given the following text, please determine if it should be classified as funny or not funny. Base your classification on humor elements such as wit, irony, absurdity, or comedic timing.

### Input:
woman seamlessly transitions from being too hungry to focus on job to being too full to focus on job

### Response:
",Yes
0,modern day activists call it 'historic trauma',https://www.huffingtonpost.com/entry/modern-day-activists-call_b_11752680.html,"Below is an instruction that describes a sentiment analysis task.

### Instruction:
Given the following text, please determine if it should be classified as funny or not funny. Base your classification on humor elements such as wit, irony, absurdity, or comedic timing.

### Input:
modern day activists call it 'historic trauma'

### Response:
",No
1,couple dressed as mario and luigi drunkenly making out on couch,https://local.theonion.com/couple-dressed-as-mario-and-luigi-drunkenly-making-out-1819591444,"Below is an instruction that describes a sentiment analysis task.

### Instruction:
Given the following text, please determine if it should be classified as funny or not funny. Base your classification on humor elements such as wit, irony, absurdity, or comedic timing.

### Input:
couple dressed as mario and luigi drunkenly making out on couch

### Response:
",Yes
1,nation's wildlife fleeing to canada,https://www.theonion.com/nations-wildlife-fleeing-to-canada-1819587696,"Below is an instruction that describes a sentiment analysis task.

### Instruction:
Given the following text, please determine if it should be classified as funny or not funny. Base your classification on humor elements such as wit, irony, absurdity, or comedic timing.

### Input:
nation's wildlife fleeing to canada

### Response:
",No
0,7 things you should know if you love someone who gets migraines,https://www.huffingtonpost.com/entry/migraines-what-you-should-know_us_5acf6490e4b08337adca5af8,"Below is an instruction that describes a sentiment analysis task.

### Instruction:
Given the following text, please determine if it should be classified as funny or not funny. Base your classification on humor elements such as wit, irony, absurdity, or comedic timing.

### Input:
7 things you should know if you love someone who gets migraines

### Response:
",No
1,bill gates offering $1 million to anyone who can design condom he can't break,https://www.theonion.com/bill-gates-offering-1-million-to-anyone-who-can-design-1829496936,"Below is an instruction that describes a sentiment analysis task.

### Instruction:
Given the following text, please determine if it should be classified as funny or not funny. Base your classification on humor elements such as wit, irony, absurdity, or comedic timing.

### Input:
bill gates offering $1 million to anyone who can design condom he can't break

### Response:
",Yes
0,22 terrifying and magical capabilities someone has when you fall for them,https://www.huffingtonpost.com/entry/22-terrifying-and-magical-capabilities-someone-has-when-you-fall-for-them_b_7052530.html,"Below is an instruction that describes a sentiment analysis task.

### Instruction:
Given the following text, please determine if it should be classified as funny or not funny. Base your classification on humor elements such as wit, irony, absurdity, or comedic timing.

### Input:
22 terrifying and magical capabilities someone has when you fall for them

### Response:
",Yes
1,hypnotist looking for gimmick to set him apart from other hypnotists,https://entertainment.theonion.com/hypnotist-looking-for-gimmick-to-set-him-apart-from-oth-1819566464,"Below is an instruction that describes a sentiment analysis task.

### Instruction:
Given the following text, please determine if it should be classified as funny or not funny. Base your classification on humor elements such as wit, irony, absurdity, or comedic timing.

### Input:
hypnotist looking for gimmick to set him apart from other hypnotists

### Response:
",Yes
1,another boxing hall of fame induction ends with everyone punching each other,https://sports.theonion.com/another-boxing-hall-of-fame-induction-ends-with-everyon-1819572734,"Below is an instruction that describes a sentiment analysis task.

### Instruction:
Given the following text, please determine if it should be classified as funny or not funny. Base your classification on humor elements such as wit, irony, absurdity, or comedic timing.

### Input:
another boxing hall of fame induction ends with everyone punching each other

### Response:
",Yes
1,"it doesn't look that cold out, reports man who doesn't have thermo-sensing eyes",https://local.theonion.com/it-doesnt-look-that-cold-out-reports-man-who-doesnt-ha-1819572187,"Below is an instruction that describes a sentiment analysis task.

### Instruction:
Given the following text, please determine if it should be classified as funny or not funny. Base your classification on humor elements such as wit, irony, absurdity, or comedic timing.

### Input:
it doesn't look that cold out, reports man who doesn't have thermo-sensing eyes

### Response:
",Yes
1,town hall audience member asks clinton to quickly pivot away from his question and then state her platform,https://politics.theonion.com/town-hall-audience-member-asks-clinton-to-quickly-pivot-1819579329,"Below is an instruction that describes a sentiment analysis task.

### Instruction:
Given the following text, please determine if it should be classified as funny or not funny. Base your classification on humor elements such as wit, irony, absurdity, or comedic timing.

### Input:
town hall audience member asks clinton to quickly pivot away from his question and then state her platform

### Response:
",Yes
1,mom spends beach vacation assuming all household duties in closer proximity to ocean,https://www.theonion.com/mom-spends-beach-vacation-assuming-all-household-duties-1819575406,"Below is an instruction that describes a sentiment analysis task.

### Instruction:
Given the following text, please determine if it should be classified as funny or not funny. Base your classification on humor elements such as wit, irony, absurdity, or comedic timing.

### Input:
mom spends beach vacation assuming all household duties in closer proximity to ocean

### Response:
",Yes
1,"'no one will push you into running for president,' jeb bush softly whispers before tucking in sleeping grandson",https://politics.theonion.com/no-one-will-push-you-into-running-for-president-jeb-1819578581,"Below is an instruction that describes a sentiment analysis task.

### Instruction:
Given the following text, please determine if it should be classified as funny or not funny. Base your classification on humor elements such as wit, irony, absurdity, or comedic timing.

### Input:
'no one will push you into running for president,' jeb bush softly whispers before tucking in sleeping grandson

### Response:
",Yes
1,man thinks receptionist is hitting on him,https://local.theonion.com/man-thinks-receptionist-is-hitting-on-him-1819567021,"Below is an instruction that describes a sentiment analysis task.

### Instruction:
Given the following text, please determine if it should be classified as funny or not funny. Base your classification on humor elements such as wit, irony, absurdity, or comedic timing.

### Input:
man thinks receptionist is hitting on him

### Response:
",Yes
0,garbage truck scoops up man looking for wallet,https://www.huffingtonpost.com/entry/garbage-truck-scoops-up-m_n_6489916.html,"Below is an instruction that describes a sentiment analysis task.

### Instruction:
Given the following text, please determine if it should be classified as funny or not funny. Base your classification on humor elements such as wit, irony, absurdity, or comedic timing.

### Input:
garbage truck scoops up man looking for wallet

### Response:
",Yes
1,"blogger takes few moments every morning to decide whether to feel outraged, incensed, or shocked by day's news",https://www.theonion.com/blogger-takes-few-moments-every-morning-to-decide-wheth-1819578040,"Below is an instruction that describes a sentiment analysis task.

### Instruction:
Given the following text, please determine if it should be classified as funny or not funny. Base your classification on humor elements such as wit, irony, absurdity, or comedic timing.

### Input:
blogger takes few moments every morning to decide whether to feel outraged, incensed, or shocked by day's news

### Response:
",Yes
1,"pope promises more open, transparent molestation in future",https://www.theonion.com/pope-promises-more-open-transparent-molestation-in-fut-1828663069,"Below is an instruction that describes a sentiment analysis task.

### Instruction:
Given the following text, please determine if it should be classified as funny or not funny. Base your classification on humor elements such as wit, irony, absurdity, or comedic timing.

### Input:
pope promises more open, transparent molestation in future

### Response:
",Yes
0,trump's trade rhetoric is unhinged. his tariffs aren't.,https://www.huffingtonpost.com/entry/trump-trade-tariffs-twitter_us_5ac51b86e4b09ef3b2430789,"Below is an instruction that describes a sentiment analysis task.

### Instruction:
Given the following text, please determine if it should be classified as funny or not funny. Base your classification on humor elements such as wit, irony, absurdity, or comedic timing.

### Input:
trump's trade rhetoric is unhinged. his tariffs aren't.

### Response:
",No
0,photo of meghan markle's dad could offer a big clue about the royal wedding,https://www.huffingtonpost.com/entry/this-photo-of-meghan-markles-dad-offers-a-big-clue-about-the-royal-wedding_us_5ac53522e4b0aacd15b7ff45,"Below is an instruction that describes a sentiment analysis task.

### Instruction:
Given the following text, please determine if it should be classified as funny or not funny. Base your classification on humor elements such as wit, irony, absurdity, or comedic timing.

### Input:
photo of meghan markle's dad could offer a big clue about the royal wedding

### Response:
",No
1,song banged out in half hour by professional songwriters to define teenager's personality for next two years,https://entertainment.theonion.com/song-banged-out-in-half-hour-by-professional-songwriter-1834990574,"Below is an instruction that describes a sentiment analysis task.

### Instruction:
Given the following text, please determine if it should be classified as funny or not funny. Base your classification on humor elements such as wit, irony, absurdity, or comedic timing.

### Input:
song banged out in half hour by professional songwriters to define teenager's personality for next two years

### Response:
",Yes
0,the book we're talking about,https://www.huffingtonpost.com/entry/michael-cunningham-the-snow-queen_n_5268855.html,"Below is an instruction that describes a sentiment analysis task.

### Instruction:
Given the following text, please determine if it should be classified as funny or not funny. Base your classification on humor elements such as wit, irony, absurdity, or comedic timing.

### Input:
the book we're talking about

### Response:
",No
0,dick cheney would torture again,https://www.huffingtonpost.com/entry/dick-cheney-torture_n_6322872.html,"Below is an instruction that describes a sentiment analysis task.

### Instruction:
Given the following text, please determine if it should be classified as funny or not funny. Base your classification on humor elements such as wit, irony, absurdity, or comedic timing.

### Input:
dick cheney would torture again

### Response:
",No
0,fiercest fighting in days between kurds and isis in kobani,https://www.huffingtonpost.com/entry/kobani-kurds-isis_n_6010504.html,"Below is an instruction that describes a sentiment analysis task.

### Instruction:
Given the following text, please determine if it should be classified as funny or not funny. Base your classification on humor elements such as wit, irony, absurdity, or comedic timing.

### Input:
fiercest fighting in days between kurds and isis in kobani

### Response:
",No
0,new evidence this simple reform would get a lot more people registered to vote,https://www.huffingtonpost.com/entry/vermont-automatic-voter-registration_us_59970776e4b0e8cc855d58e8,"Below is an instruction that describes a sentiment analysis task.

### Instruction:
Given the following text, please determine if it should be classified as funny or not funny. Base your classification on humor elements such as wit, irony, absurdity, or comedic timing.

### Input:
new evidence this simple reform would get a lot more people registered to vote

### Response:
",No
1,40-foot american flag pin welded to statue of liberty,https://local.theonion.com/40-foot-american-flag-pin-welded-to-statue-of-liberty-1819589091,"Below is an instruction that describes a sentiment analysis task.

### Instruction:
Given the following text, please determine if it should be classified as funny or not funny. Base your classification on humor elements such as wit, irony, absurdity, or comedic timing.

### Input:
40-foot american flag pin welded to statue of liberty

### Response:
",Yes
0,minnesota to replace al franken with lt. gov. tina smith,https://www.huffingtonpost.com/entry/tina-smith-franken-replacement_us_5a290ed6e4b03ece030036ef,"Below is an instruction that describes a sentiment analysis task.

### Instruction:
Given the following text, please determine if it should be classified as funny or not funny. Base your classification on humor elements such as wit, irony, absurdity, or comedic timing.

### Input:
minnesota to replace al franken with lt. gov. tina smith

### Response:
",No
1,the thinkable happens to local man,https://local.theonion.com/the-thinkable-happens-to-local-man-1819566287,"Below is an instruction that describes a sentiment analysis task.

### Instruction:
Given the following text, please determine if it should be classified as funny or not funny. Base your classification on humor elements such as wit, irony, absurdity, or comedic timing.

### Input:
the thinkable happens to local man

### Response:
",No
1,ham glazed to dangerously delicious levels,https://www.theonion.com/ham-glazed-to-dangerously-delicious-levels-1819565083,"Below is an instruction that describes a sentiment analysis task.

### Instruction:
Given the following text, please determine if it should be classified as funny or not funny. Base your classification on humor elements such as wit, irony, absurdity, or comedic timing.

### Input:
ham glazed to dangerously delicious levels

### Response:
",No
1,"bacon good for you, reports best scientist ever",https://www.theonion.com/bacon-good-for-you-reports-best-scientist-ever-1819566748,"Below is an instruction that describes a sentiment analysis task.

### Instruction:
Given the following text, please determine if it should be classified as funny or not funny. Base your classification on humor elements such as wit, irony, absurdity, or comedic timing.

### Input:
bacon good for you, reports best scientist ever

### Response:
",Yes
0,a radical post-bernie cooperative multicultural immigrant manifesto,https://www.huffingtonpost.com/entry/a-radical-post-bernie-coo_b_13707698.html,"Below is an instruction that describes a sentiment analysis task.

### Instruction:
Given the following text, please determine if it should be classified as funny or not funny. Base your classification on humor elements such as wit, irony, absurdity, or comedic timing.

### Input:
a radical post-bernie cooperative multicultural immigrant manifesto

### Response:
",Yes
1,"report: gen x irony, cynicism may be permanently obsolete",https://www.theonion.com/report-gen-x-irony-cynicism-may-be-permanently-obsole-1819566172,"Below is an instruction that describes a sentiment analysis task.

### Instruction:
Given the following text, please determine if it should be classified as funny or not funny. Base your classification on humor elements such as wit, irony, absurdity, or comedic timing.

### Input:
report: gen x irony, cynicism may be permanently obsolete

### Response:
",Yes
0,monica lewinsky: 'i'm not alone anymore' thanks to the me too movement,https://www.huffingtonpost.com/entry/monica-lewinsky-me-too-movement_us_5a940a51e4b0ee6416a51ea6,"Below is an instruction that describes a sentiment analysis task.

### Instruction:
Given the following text, please determine if it should be classified as funny or not funny. Base your classification on humor elements such as wit, irony, absurdity, or comedic timing.

### Input:
monica lewinsky: 'i'm not alone anymore' thanks to the me too movement

### Response:
",No
1,al-qaeda: latest missile attack bears hallmarks of u.s. military,https://www.theonion.com/al-qaeda-latest-missile-attack-bears-hallmarks-of-u-s-1819572582,"Below is an instruction that describes a sentiment analysis task.

### Instruction:
Given the following text, please determine if it should be classified as funny or not funny. Base your classification on humor elements such as wit, irony, absurdity, or comedic timing.

### Input:
al-qaeda: latest missile attack bears hallmarks of u.s. military

### Response:
",No
1,open-minded man tries to get news from variety of facebook friends,https://local.theonion.com/open-minded-man-tries-to-get-news-from-variety-of-faceb-1819579632,"Below is an instruction that describes a sentiment analysis task.

### Instruction:
Given the following text, please determine if it should be classified as funny or not funny. Base your classification on humor elements such as wit, irony, absurdity, or comedic timing.

### Input:
open-minded man tries to get news from variety of facebook friends

### Response:
",Yes
1,condoleezza rice's lunch missing,https://politics.theonion.com/condoleezza-rices-lunch-missing-1819566916,"Below is an instruction that describes a sentiment analysis task.

### Instruction:
Given the following text, please determine if it should be classified as funny or not funny. Base your classification on humor elements such as wit, irony, absurdity, or comedic timing.

### Input:
condoleezza rice's lunch missing

### Response:
",Yes
1,dog meets owner at door in desperate attempt to get ahead of diarrhea-rug scandal,https://local.theonion.com/dog-meets-owner-at-door-in-desperate-attempt-to-get-ahe-1827971891,"Below is an instruction that describes a sentiment analysis task.

### Instruction:
Given the following text, please determine if it should be classified as funny or not funny. Base your classification on humor elements such as wit, irony, absurdity, or comedic timing.

### Input:
dog meets owner at door in desperate attempt to get ahead of diarrhea-rug scandal

### Response:
",Yes
0,i live in greece,https://www.huffingtonpost.com/entry/i-live-in-greece_b_7298074.html,"Below is an instruction that describes a sentiment analysis task.

### Instruction:
Given the following text, please determine if it should be classified as funny or not funny. Base your classification on humor elements such as wit, irony, absurdity, or comedic timing.

### Input:
i live in greece

### Response:
",No
1,mrs. butterworth's bottle central to terrifying lsd experience,https://www.theonion.com/mrs-butterworths-bottle-central-to-terrifying-lsd-expe-1819565203,"Below is an instruction that describes a sentiment analysis task.

### Instruction:
Given the following text, please determine if it should be classified as funny or not funny. Base your classification on humor elements such as wit, irony, absurdity, or comedic timing.

### Input:
mrs. butterworth's bottle central to terrifying lsd experience

### Response:
",Yes
1,roy clark deep-fried in beer batter,https://entertainment.theonion.com/roy-clark-deep-fried-in-beer-batter-1819586430,"Below is an instruction that describes a sentiment analysis task.

### Instruction:
Given the following text, please determine if it should be classified as funny or not funny. Base your classification on humor elements such as wit, irony, absurdity, or comedic timing.

### Input:
roy clark deep-fried in beer batter

### Response:
",No
1,loser can't even get wife pregnant,https://www.theonion.com/loser-cant-even-get-wife-pregnant-1819567002,"Below is an instruction that describes a sentiment analysis task.

### Instruction:
Given the following text, please determine if it should be classified as funny or not funny. Base your classification on humor elements such as wit, irony, absurdity, or comedic timing.

### Input:
loser can't even get wife pregnant

### Response:
",Yes
1,bend in road not sharp enough to merit so many roadside memorials,https://local.theonion.com/bend-in-road-not-sharp-enough-to-merit-so-many-roadside-1833604801,"Below is an instruction that describes a sentiment analysis task.

### Instruction:
Given the following text, please determine if it should be classified as funny or not funny. Base your classification on humor elements such as wit, irony, absurdity, or comedic timing.

### Input:
bend in road not sharp enough to merit so many roadside memorials

### Response:
",Yes
0,doing my daughter's hair makes me feel like a better dad,https://www.huffingtonpost.com/entry/three-lessons-from-doing-my-daughters-hair_us_594fe926e4b0326c0a8d0951,"Below is an instruction that describes a sentiment analysis task.

### Instruction:
Given the following text, please determine if it should be classified as funny or not funny. Base your classification on humor elements such as wit, irony, absurdity, or comedic timing.

### Input:
doing my daughter's hair makes me feel like a better dad

### Response:
",Yes
0,"5 years after miller v. alabama, looking to the states for justice",https://www.huffingtonpost.com/entry/five-years-after-miller-v-alabama-looking-to-the_us_59554ec3e4b0326c0a8d0ec3,"Below is an instruction that describes a sentiment analysis task.

### Instruction:
Given the following text, please determine if it should be classified as funny or not funny. Base your classification on humor elements such as wit, irony, absurdity, or comedic timing.

### Input:
5 years after miller v. alabama, looking to the states for justice

### Response:
",No
1,former high-school bully pulls you over for speeding,https://www.theonion.com/former-high-school-bully-pulls-you-over-for-speeding-1819587055,"Below is an instruction that describes a sentiment analysis task.

### Instruction:
Given the following text, please determine if it should be classified as funny or not funny. Base your classification on humor elements such as wit, irony, absurdity, or comedic timing.

### Input:
former high-school bully pulls you over for speeding

### Response:
",Yes
0,what wealth isn't,https://www.huffingtonpost.com/entry/what-wealth-isnt_b_5814054.html,"Below is an instruction that describes a sentiment analysis task.

### Instruction:
Given the following text, please determine if it should be classified as funny or not funny. Base your classification on humor elements such as wit, irony, absurdity, or comedic timing.

### Input:
what wealth isn't

### Response:
",No
1,70-year-old woman decides it time to start dressing entirely in purple,https://local.theonion.com/70-year-old-woman-decides-it-time-to-start-dressing-ent-1824210460,"Below is an instruction that describes a sentiment analysis task.

### Instruction:
Given the following text, please determine if it should be classified as funny or not funny. Base your classification on humor elements such as wit, irony, absurdity, or comedic timing.

### Input:
70-year-old woman decides it time to start dressing entirely in purple

### Response:
",Yes
0,energy department official who called obama a 'kenyan creampuff' resigns,https://www.huffingtonpost.com/entry/william-bradford-resigns_us_59a95b8fe4b0354e4409a4de,"Below is an instruction that describes a sentiment analysis task.

### Instruction:
Given the following text, please determine if it should be classified as funny or not funny. Base your classification on humor elements such as wit, irony, absurdity, or comedic timing.

### Input:
energy department official who called obama a 'kenyan creampuff' resigns

### Response:
",No
1,bizarre assemblage of shapes visible through area man's pockets,https://local.theonion.com/bizarre-assemblage-of-shapes-visible-through-area-mans-1819591102,"Below is an instruction that describes a sentiment analysis task.

### Instruction:
Given the following text, please determine if it should be classified as funny or not funny. Base your classification on humor elements such as wit, irony, absurdity, or comedic timing.

### Input:
bizarre assemblage of shapes visible through area man's pockets

### Response:
",Yes
1,clinton 'very disappointed' in missouri,https://politics.theonion.com/clinton-very-disappointed-in-missouri-1819565254,"Below is an instruction that describes a sentiment analysis task.

### Instruction:
Given the following text, please determine if it should be classified as funny or not funny. Base your classification on humor elements such as wit, irony, absurdity, or comedic timing.

### Input:
clinton 'very disappointed' in missouri

### Response:
",No
1,barbecue chicken panini succumbs to howard-related causes,https://local.theonion.com/barbecue-chicken-panini-succumbs-to-howard-related-caus-1819589536,"Below is an instruction that describes a sentiment analysis task.

### Instruction:
Given the following text, please determine if it should be classified as funny or not funny. Base your classification on humor elements such as wit, irony, absurdity, or comedic timing.

### Input:
barbecue chicken panini succumbs to howard-related causes

### Response:
",Yes
1,aliens mourn as final cheers episode reaches alpha centauri,https://www.theonion.com/aliens-mourn-as-final-cheers-episode-reaches-alpha-cent-1819586642,"Below is an instruction that describes a sentiment analysis task.

### Instruction:
Given the following text, please determine if it should be classified as funny or not funny. Base your classification on humor elements such as wit, irony, absurdity, or comedic timing.

### Input:
aliens mourn as final cheers episode reaches alpha centauri

### Response:
",No
0,she dropped everything to come fight for immigration reform. she's still waiting.,https://www.huffingtonpost.com/entry/undocumented-immigrants-reform-washington_us_5a7b713ae4b0c6726e0ef9c0,"Below is an instruction that describes a sentiment analysis task.

### Instruction:
Given the following text, please determine if it should be classified as funny or not funny. Base your classification on humor elements such as wit, irony, absurdity, or comedic timing.

### Input:
she dropped everything to come fight for immigration reform. she's still waiting.

### Response:
",Yes
1,seaworld whales demand 10 percent chum increase,https://www.theonion.com/seaworld-whales-demand-10-percent-chum-increase-1819587434,"Below is an instruction that describes a sentiment analysis task.

### Instruction:
Given the following text, please determine if it should be classified as funny or not funny. Base your classification on humor elements such as wit, irony, absurdity, or comedic timing.

### Input:
seaworld whales demand 10 percent chum increase

### Response:
",Yes
0,a reset button,https://www.huffingtonpost.com/entry/a-reset-button_b_6460096.html,"Below is an instruction that describes a sentiment analysis task.

### Instruction:
Given the following text, please determine if it should be classified as funny or not funny. Base your classification on humor elements such as wit, irony, absurdity, or comedic timing.

### Input:
a reset button

### Response:
",Yes
0,serena williams knocked out of olympics in stunning third-round loss,https://www.huffingtonpost.com/entry/serena-williams-loses-rio_us_57aa603de4b0db3be07c35fc,"Below is an instruction that describes a sentiment analysis task.

### Instruction:
Given the following text, please determine if it should be classified as funny or not funny. Base your classification on humor elements such as wit, irony, absurdity, or comedic timing.

### Input:
serena williams knocked out of olympics in stunning third-round loss

### Response:
",No
0,the grid: startup promises ai webdesign for the masses,https://www.huffingtonpost.com/entry/the-grid-startup-promises_b_7130772.html,"Below is an instruction that describes a sentiment analysis task.

### Instruction:
Given the following text, please determine if it should be classified as funny or not funny. Base your classification on humor elements such as wit, irony, absurdity, or comedic timing.

### Input:
the grid: startup promises ai webdesign for the masses

### Response:
",No
1,mueller combs through dozens of damning white house emails he was accidentally cc'd on,https://politics.theonion.com/mueller-combs-through-dozens-of-damning-white-house-ema-1825332645,"Below is an instruction that describes a sentiment analysis task.

### Instruction:
Given the following text, please determine if it should be classified as funny or not funny. Base your classification on humor elements such as wit, irony, absurdity, or comedic timing.

### Input:
mueller combs through dozens of damning white house emails he was accidentally cc'd on

### Response:
",Yes
0,the crossfit case for equal pay,https://www.huffingtonpost.com/entry/the-crossfit-case-for-equ_b_5639382.html,"Below is an instruction that describes a sentiment analysis task.

### Instruction:
Given the following text, please determine if it should be classified as funny or not funny. Base your classification on humor elements such as wit, irony, absurdity, or comedic timing.

### Input:
the crossfit case for equal pay

### Response:
",No
0,hillary clinton and donald trump are 'borne on the fm waves of the heart',https://www.huffingtonpost.com/entry/trump-clinton-against-me_us_57fc35ade4b0b6a4303517b4,"Below is an instruction that describes a sentiment analysis task.

### Instruction:
Given the following text, please determine if it should be classified as funny or not funny. Base your classification on humor elements such as wit, irony, absurdity, or comedic timing.

### Input:
hillary clinton and donald trump are 'borne on the fm waves of the heart'

### Response:
",Yes
0,in search of the sea gypsies (photos),https://www.huffingtonpost.com/entry/in-search-for-the-sea-gypsies-thailand_b_5517592.html,"Below is an instruction that describes a sentiment analysis task.

### Instruction:
Given the following text, please determine if it should be classified as funny or not funny. Base your classification on humor elements such as wit, irony, absurdity, or comedic timing.

### Input:
in search of the sea gypsies (photos)

### Response:
",No
1,area veal calf is totally cramped!,https://local.theonion.com/area-veal-calf-is-totally-cramped-1819586103,"Below is an instruction that describes a sentiment analysis task.

### Instruction:
Given the following text, please determine if it should be classified as funny or not funny. Base your classification on humor elements such as wit, irony, absurdity, or comedic timing.

### Input:
area veal calf is totally cramped!

### Response:
",No
0,mexican presidential candidate calls for cutting off thieves' hands,https://www.huffingtonpost.com/entry/mexican-presidential-debate-el-bronco_us_5add86dee4b089e33c899661,"Below is an instruction that describes a sentiment analysis task.

### Instruction:
Given the following text, please determine if it should be classified as funny or not funny. Base your classification on humor elements such as wit, irony, absurdity, or comedic timing.

### Input:
mexican presidential candidate calls for cutting off thieves' hands

### Response:
",No
0,man accused of shooting and burning 2 people after refusing to pay cab fare,https://www.huffingtonpost.com/entry/south-carolina-murder-cab-fare_us_56ddd970e4b0000de40565af,"Below is an instruction that describes a sentiment analysis task.

### Instruction:
Given the following text, please determine if it should be classified as funny or not funny. Base your classification on humor elements such as wit, irony, absurdity, or comedic timing.

### Input:
man accused of shooting and burning 2 people after refusing to pay cab fare

### Response:
",No
1,wildest friend called up from bench to help woman get over breakup,https://local.theonion.com/wildest-friend-called-up-from-bench-to-help-woman-get-o-1830006218,"Below is an instruction that describes a sentiment analysis task.

### Instruction:
Given the following text, please determine if it should be classified as funny or not funny. Base your classification on humor elements such as wit, irony, absurdity, or comedic timing.

### Input:
wildest friend called up from bench to help woman get over breakup

### Response:
",Yes
1,tucker carlson challenges alexandria ocasio-cortez to a date,https://www.theonion.com/tucker-carlson-challenges-alexandria-ocasio-cortez-to-a-1833754126,"Below is an instruction that describes a sentiment analysis task.

### Instruction:
Given the following text, please determine if it should be classified as funny or not funny. Base your classification on humor elements such as wit, irony, absurdity, or comedic timing.

### Input:
tucker carlson challenges alexandria ocasio-cortez to a date

### Response:
",Yes
1,west virginia celebrates as 32 die in non-mining-related accident,https://local.theonion.com/west-virginia-celebrates-as-32-die-in-non-mining-relate-1819572386,"Below is an instruction that describes a sentiment analysis task.

### Instruction:
Given the following text, please determine if it should be classified as funny or not funny. Base your classification on humor elements such as wit, irony, absurdity, or comedic timing.

### Input:
west virginia celebrates as 32 die in non-mining-related accident

### Response:
",No
1,crowd cheers as 93-year-old fuckup finally graduates from college,https://www.theonion.com/crowd-cheers-as-93-year-old-fuckup-finally-graduates-fr-1819575106,"Below is an instruction that describes a sentiment analysis task.

### Instruction:
Given the following text, please determine if it should be classified as funny or not funny. Base your classification on humor elements such as wit, irony, absurdity, or comedic timing.

### Input:
crowd cheers as 93-year-old fuckup finally graduates from college

### Response:
",Yes
0,who else besides joe biden might crash the debate?,https://www.huffingtonpost.com/entry/joe-biden-elizabeth-warren-democratic-debate_us_5617f5c6e4b0082030a25b02,"Below is an instruction that describes a sentiment analysis task.

### Instruction:
Given the following text, please determine if it should be classified as funny or not funny. Base your classification on humor elements such as wit, irony, absurdity, or comedic timing.

### Input:
who else besides joe biden might crash the debate?

### Response:
",Yes
0,"turkish police raid isis safe houses, detain 22 islamic state suspects as death toll climbs",https://www.huffingtonpost.com/entry/turkish-police-raid-isis-safe-houses_us_5775050de4b042fba1cf2f32,"Below is an instruction that describes a sentiment analysis task.

### Instruction:
Given the following text, please determine if it should be classified as funny or not funny. Base your classification on humor elements such as wit, irony, absurdity, or comedic timing.

### Input:
turkish police raid isis safe houses, detain 22 islamic state suspects as death toll climbs

### Response:
",No
1,daddy hitting mommy with a chair this time,https://local.theonion.com/daddy-hitting-mommy-with-a-chair-this-time-1819565204,"Below is an instruction that describes a sentiment analysis task.

### Instruction:
Given the following text, please determine if it should be classified as funny or not funny. Base your classification on humor elements such as wit, irony, absurdity, or comedic timing.

### Input:
daddy hitting mommy with a chair this time

### Response:
",Yes
0,gop lawmaker: gay rep. should have stayed in the closet,https://www.huffingtonpost.com/entry/mike-fleck-gay-election_n_5392039.html,"Below is an instruction that describes a sentiment analysis task.

### Instruction:
Given the following text, please determine if it should be classified as funny or not funny. Base your classification on humor elements such as wit, irony, absurdity, or comedic timing.

### Input:
gop lawmaker: gay rep. should have stayed in the closet

### Response:
",Yes
0,mexican immigrant challenges trump's hateful rhetoric with powerful photo series,https://www.huffingtonpost.com/entry/mexican-immigrant-challenges-trumps-hateful-rhetoric-with-powerful-photo-series_us_57fe6e9be4b0162c04394a9c,"Below is an instruction that describes a sentiment analysis task.

### Instruction:
Given the following text, please determine if it should be classified as funny or not funny. Base your classification on humor elements such as wit, irony, absurdity, or comedic timing.

### Input:
mexican immigrant challenges trump's hateful rhetoric with powerful photo series

### Response:
",No
0,it's complicated: 5 tips for using facebook while dating,https://www.huffingtonpost.com/entry/facebook-and-your-relatio_b_5756936.html,"Below is an instruction that describes a sentiment analysis task.

### Instruction:
Given the following text, please determine if it should be classified as funny or not funny. Base your classification on humor elements such as wit, irony, absurdity, or comedic timing.

### Input:
it's complicated: 5 tips for using facebook while dating

### Response:
",No
1,intel unveils oversized novelty processor,https://www.theonion.com/intel-unveils-oversized-novelty-processor-1819588266,"Below is an instruction that describes a sentiment analysis task.

### Instruction:
Given the following text, please determine if it should be classified as funny or not funny. Base your classification on humor elements such as wit, irony, absurdity, or comedic timing.

### Input:
intel unveils oversized novelty processor

### Response:
",No
0,eminem rips nra in a rap: 'they love their guns more than our children',https://www.huffingtonpost.com/entry/eminem-rips-nra-in-rap_us_5aa71088e4b087e5aaed1651,"Below is an instruction that describes a sentiment analysis task.

### Instruction:
Given the following text, please determine if it should be classified as funny or not funny. Base your classification on humor elements such as wit, irony, absurdity, or comedic timing.

### Input:
eminem rips nra in a rap: 'they love their guns more than our children'

### Response:
",No
1,nude aides huddled around trump assure him no one wearing wire,https://politics.theonion.com/nude-aides-huddled-around-trump-assure-him-no-one-weari-1820015399,"Below is an instruction that describes a sentiment analysis task.

### Instruction:
Given the following text, please determine if it should be classified as funny or not funny. Base your classification on humor elements such as wit, irony, absurdity, or comedic timing.

### Input:
nude aides huddled around trump assure him no one wearing wire

### Response:
",Yes
0,americans aren't thrilled with trump's threat of 'fire and fury' against north korea,https://www.huffingtonpost.com/entry/north-korea-poll-trump-fire-fury_us_598cc369e4b09071f6988b0f,"Below is an instruction that describes a sentiment analysis task.

### Instruction:
Given the following text, please determine if it should be classified as funny or not funny. Base your classification on humor elements such as wit, irony, absurdity, or comedic timing.

### Input:
americans aren't thrilled with trump's threat of 'fire and fury' against north korea

### Response:
",No
1,man wouldn't be eating at red robin if he knew bus was going to hit him in 18 minutes,https://local.theonion.com/man-wouldn-t-be-eating-at-red-robin-if-he-knew-bus-was-1828936821,"Below is an instruction that describes a sentiment analysis task.

### Instruction:
Given the following text, please determine if it should be classified as funny or not funny. Base your classification on humor elements such as wit, irony, absurdity, or comedic timing.

### Input:
man wouldn't be eating at red robin if he knew bus was going to hit him in 18 minutes

### Response:
",Yes
0,obama administration near ban on trans-fat: report,https://www.huffingtonpost.com/entry/obama-administration-near_0_n_7297816.html,"Below is an instruction that describes a sentiment analysis task.

### Instruction:
Given the following text, please determine if it should be classified as funny or not funny. Base your classification on humor elements such as wit, irony, absurdity, or comedic timing.

### Input:
obama administration near ban on trans-fat: report

### Response:
",No
0,"two more shipwrecks off libyan coast kill at least 239 migrants, u.n. says",https://www.huffingtonpost.com/entry/two-shipwrecks-libya-kill-migrants_us_581b31aee4b0c43e6c1e3b06,"Below is an instruction that describes a sentiment analysis task.

### Instruction:
Given the following text, please determine if it should be classified as funny or not funny. Base your classification on humor elements such as wit, irony, absurdity, or comedic timing.

### Input:
two more shipwrecks off libyan coast kill at least 239 migrants, u.n. says

### Response:
",No
0,an educator's lament: part i -- symptoms of our educational demise,https://www.huffingtonpost.com/entry/an-educators-lament-part-_b_5424920.html,"Below is an instruction that describes a sentiment analysis task.

### Instruction:
Given the following text, please determine if it should be classified as funny or not funny. Base your classification on humor elements such as wit, irony, absurdity, or comedic timing.

### Input:
an educator's lament: part i -- symptoms of our educational demise

### Response:
",Yes
0,everything you need to know about mike kelley,https://www.huffingtonpost.com/entry/mike-kelley-moca_n_5065789.html,"Below is an instruction that describes a sentiment analysis task.

### Instruction:
Given the following text, please determine if it should be classified as funny or not funny. Base your classification on humor elements such as wit, irony, absurdity, or comedic timing.

### Input:
everything you need to know about mike kelley

### Response:
",No
0,watch these dancers beautifully portray the evolution of a relationship,https://www.huffingtonpost.com/entry/dancers-relationship-stuck-with-me_us_56857857e4b014efe0da6a6f,"Below is an instruction that describes a sentiment analysis task.

### Instruction:
Given the following text, please determine if it should be classified as funny or not funny. Base your classification on humor elements such as wit, irony, absurdity, or comedic timing.

### Input:
watch these dancers beautifully portray the evolution of a relationship

### Response:
",Yes
0,how the wicked wanderlust can ruin your life,https://www.huffingtonpost.com/entry/travel-addiction-how-the-wicked-wanderlust-can-ruin_us_576572f6e4b0ed0729a1b2de,"Below is an instruction that describes a sentiment analysis task.

### Instruction:
Given the following text, please determine if it should be classified as funny or not funny. Base your classification on humor elements such as wit, irony, absurdity, or comedic timing.

### Input:
how the wicked wanderlust can ruin your life

### Response:
",Yes
1,chris collins thanks supporters with can't-miss tip on biotech stock,https://politics.theonion.com/chris-collins-thanks-supporters-with-cant-miss-tip-on-b-1830323221,"Below is an instruction that describes a sentiment analysis task.

### Instruction:
Given the following text, please determine if it should be classified as funny or not funny. Base your classification on humor elements such as wit, irony, absurdity, or comedic timing.

### Input:
chris collins thanks supporters with can't-miss tip on biotech stock

### Response:
",No
1,instant gratification sped up,https://www.theonion.com/instant-gratification-sped-up-1819564006,"Below is an instruction that describes a sentiment analysis task.

### Instruction:
Given the following text, please determine if it should be classified as funny or not funny. Base your classification on humor elements such as wit, irony, absurdity, or comedic timing.

### Input:
instant gratification sped up

### Response:
",Yes
0,outside money surge makes kansas senate race costliest in state history,https://www.huffingtonpost.com/entry/kansas-senate-money_n_6044524.html,"Below is an instruction that describes a sentiment analysis task.

### Instruction:
Given the following text, please determine if it should be classified as funny or not funny. Base your classification on humor elements such as wit, irony, absurdity, or comedic timing.

### Input:
outside money surge makes kansas senate race costliest in state history

### Response:
",No
0,reinventing win-win-win business relationships,https://www.huffingtonpost.com/entry/reinventing-winwinwin-bus_b_6291030.html,"Below is an instruction that describes a sentiment analysis task.

### Instruction:
Given the following text, please determine if it should be classified as funny or not funny. Base your classification on humor elements such as wit, irony, absurdity, or comedic timing.

### Input:
reinventing win-win-win business relationships

### Response:
",No
0,patrick dempsey's wife files for divorce,https://www.huffingtonpost.com/entry/patrick-dempseys-divorce_n_6537524.html,"Below is an instruction that describes a sentiment analysis task.

### Instruction:
Given the following text, please determine if it should be classified as funny or not funny. Base your classification on humor elements such as wit, irony, absurdity, or comedic timing.

### Input:
patrick dempsey's wife files for divorce

### Response:
",No
1,historians suggest 'goodfellas' youtube clips may be fragments of larger work,https://entertainment.theonion.com/historians-suggest-goodfellas-youtube-clips-may-be-fr-1819655088,"Below is an instruction that describes a sentiment analysis task.

### Instruction:
Given the following text, please determine if it should be classified as funny or not funny. Base your classification on humor elements such as wit, irony, absurdity, or comedic timing.

### Input:
historians suggest 'goodfellas' youtube clips may be fragments of larger work

### Response:
",No
1,high school bully worried victims will realize he actually retarded faggot himself,https://local.theonion.com/high-school-bully-worried-victims-will-realize-he-actua-1819578522,"Below is an instruction that describes a sentiment analysis task.

### Instruction:
Given the following text, please determine if it should be classified as funny or not funny. Base your classification on humor elements such as wit, irony, absurdity, or comedic timing.

### Input:
high school bully worried victims will realize he actually retarded faggot himself

### Response:
",Yes
0,the important conversation almost no one seems to be having,https://www.huffingtonpost.com/entry/end-of-life-planning_b_6110214.html,"Below is an instruction that describes a sentiment analysis task.

### Instruction:
Given the following text, please determine if it should be classified as funny or not funny. Base your classification on humor elements such as wit, irony, absurdity, or comedic timing.

### Input:
the important conversation almost no one seems to be having

### Response:
",No
1,"officials urge americans to sort plastics, glass into separate oceans",https://www.theonion.com/officials-urge-americans-to-sort-plastics-glass-into-s-1819577493,"Below is an instruction that describes a sentiment analysis task.

### Instruction:
Given the following text, please determine if it should be classified as funny or not funny. Base your classification on humor elements such as wit, irony, absurdity, or comedic timing.

### Input:
officials urge americans to sort plastics, glass into separate oceans

### Response:
",No
0,2016: all about the electorate,https://www.huffingtonpost.com/entry/2016-all-about-the-electorate_b_6449000.html,"Below is an instruction that describes a sentiment analysis task.

### Instruction:
Given the following text, please determine if it should be classified as funny or not funny. Base your classification on humor elements such as wit, irony, absurdity, or comedic timing.

### Input:
2016: all about the electorate

### Response:
",No
0,alec baldwin's trump impression is apparently even better than we thought,https://www.huffingtonpost.com/entry/alec-baldwins-trump-impression-is-officially-even-better-than-we-thought_us_59a18bfbe4b05710aa5c8b94,"Below is an instruction that describes a sentiment analysis task.

### Instruction:
Given the following text, please determine if it should be classified as funny or not funny. Base your classification on humor elements such as wit, irony, absurdity, or comedic timing.

### Input:
alec baldwin's trump impression is apparently even better than we thought

### Response:
",No
1,"green energy scientists unveil 800,000-ton potato capable of powering entire city",https://www.theonion.com/green-energy-scientists-unveil-800-000-ton-potato-capab-1828577530,"Below is an instruction that describes a sentiment analysis task.

### Instruction:
Given the following text, please determine if it should be classified as funny or not funny. Base your classification on humor elements such as wit, irony, absurdity, or comedic timing.

### Input:
green energy scientists unveil 800,000-ton potato capable of powering entire city

### Response:
",Yes
0,"trump reportedly called germans 'very bad,' vowed to stop german car sales in the u.s.",https://www.huffingtonpost.com/entry/trump-germans-very-bad_us_5927503be4b06f60805323dc,"Below is an instruction that describes a sentiment analysis task.

### Instruction:
Given the following text, please determine if it should be classified as funny or not funny. Base your classification on humor elements such as wit, irony, absurdity, or comedic timing.

### Input:
trump reportedly called germans 'very bad,' vowed to stop german car sales in the u.s.

### Response:
",Yes
0,robert pattinson & fka twigs spend time at chateau marmont,https://www.huffingtonpost.com/entry/pattinson_n_6204864.html,"Below is an instruction that describes a sentiment analysis task.

### Instruction:
Given the following text, please determine if it should be classified as funny or not funny. Base your classification on humor elements such as wit, irony, absurdity, or comedic timing.

### Input:
robert pattinson & fka twigs spend time at chateau marmont

### Response:
",No
1,study: 38 percent of people not actually entitled to their opinion,https://www.theonion.com/study-38-percent-of-people-not-actually-entitled-to-th-1819569126,"Below is an instruction that describes a sentiment analysis task.

### Instruction:
Given the following text, please determine if it should be classified as funny or not funny. Base your classification on humor elements such as wit, irony, absurdity, or comedic timing.

### Input:
study: 38 percent of people not actually entitled to their opinion

### Response:
",Yes
1,trump warns china not to underestimate his willingness to sacrifice every american's well-being,https://politics.theonion.com/trump-warns-china-not-to-underestimate-his-willingness-1834977231,"Below is an instruction that describes a sentiment analysis task.

### Instruction:
Given the following text, please determine if it should be classified as funny or not funny. Base your classification on humor elements such as wit, irony, absurdity, or comedic timing.

### Input:
trump warns china not to underestimate his willingness to sacrifice every american's well-being

### Response:
",Yes
1,woman upset at herself for feeling hungry,https://local.theonion.com/woman-upset-at-herself-for-feeling-hungry-1819570597,"Below is an instruction that describes a sentiment analysis task.

### Instruction:
Given the following text, please determine if it should be classified as funny or not funny. Base your classification on humor elements such as wit, irony, absurdity, or comedic timing.

### Input:
woman upset at herself for feeling hungry

### Response:
",Yes
1,tire salesman to hit them with a little razzle-dazzle,https://www.theonion.com/tire-salesman-to-hit-them-with-a-little-razzle-dazzle-1819589573,"Below is an instruction that describes a sentiment analysis task.

### Instruction:
Given the following text, please determine if it should be classified as funny or not funny. Base your classification on humor elements such as wit, irony, absurdity, or comedic timing.

### Input:
tire salesman to hit them with a little razzle-dazzle

### Response:
",Yes
0,"brad pitt's despondent weatherman is 'so, so, so, so scared' right now",https://www.huffingtonpost.com/entry/brad-pitt-weatherman-so-scared_us_5ae94ce3e4b06748dc8d7b20,"Below is an instruction that describes a sentiment analysis task.

### Instruction:
Given the following text, please determine if it should be classified as funny or not funny. Base your classification on humor elements such as wit, irony, absurdity, or comedic timing.

### Input:
brad pitt's despondent weatherman is 'so, so, so, so scared' right now

### Response:
",No
1,god announces successful test of first category 7 hurricane,https://www.theonion.com/god-announces-successful-test-of-first-category-7-hurri-1819579249,"Below is an instruction that describes a sentiment analysis task.

### Instruction:
Given the following text, please determine if it should be classified as funny or not funny. Base your classification on humor elements such as wit, irony, absurdity, or comedic timing.

### Input:
god announces successful test of first category 7 hurricane

### Response:
",Yes
1,man worried about drug dealer who's not picking up phone,https://local.theonion.com/man-worried-about-drug-dealer-whos-not-picking-up-phone-1819575944,"Below is an instruction that describes a sentiment analysis task.

### Instruction:
Given the following text, please determine if it should be classified as funny or not funny. Base your classification on humor elements such as wit, irony, absurdity, or comedic timing.

### Input:
man worried about drug dealer who's not picking up phone

### Response:
",No
1,"can of surge results in fully-loaded, in-your-face diabetic reaction",https://www.theonion.com/can-of-surge-results-in-fully-loaded-in-your-face-diab-1819586216,"Below is an instruction that describes a sentiment analysis task.

### Instruction:
Given the following text, please determine if it should be classified as funny or not funny. Base your classification on humor elements such as wit, irony, absurdity, or comedic timing.

### Input:
can of surge results in fully-loaded, in-your-face diabetic reaction

### Response:
",Yes
1,tsa guy circling stuff on boarding pass with reckless abandon,https://www.theonion.com/tsa-guy-circling-stuff-on-boarding-pass-with-reckless-a-1831638691,"Below is an instruction that describes a sentiment analysis task.

### Instruction:
Given the following text, please determine if it should be classified as funny or not funny. Base your classification on humor elements such as wit, irony, absurdity, or comedic timing.

### Input:
tsa guy circling stuff on boarding pass with reckless abandon

### Response:
",Yes
1,6-year-old hoping it's not too late to shift career path from astronaut to firefighter,https://local.theonion.com/6-year-old-hoping-it-s-not-too-late-to-shift-career-pat-1835334063,"Below is an instruction that describes a sentiment analysis task.

### Instruction:
Given the following text, please determine if it should be classified as funny or not funny. Base your classification on humor elements such as wit, irony, absurdity, or comedic timing.

### Input:
6-year-old hoping it's not too late to shift career path from astronaut to firefighter

### Response:
",Yes
1,producer tells actress non-disclosure agreement pretty standard for getting away with abusing his power,https://entertainment.theonion.com/producer-tells-actress-non-disclosure-agreement-pretty-1830879809,"Below is an instruction that describes a sentiment analysis task.

### Instruction:
Given the following text, please determine if it should be classified as funny or not funny. Base your classification on humor elements such as wit, irony, absurdity, or comedic timing.

### Input:
producer tells actress non-disclosure agreement pretty standard for getting away with abusing his power

### Response:
",Yes
1,generous military sends $800 in disability to man who wakes up screaming every night,https://local.theonion.com/generous-military-sends-800-in-disability-to-man-who-w-1819575926,"Below is an instruction that describes a sentiment analysis task.

### Instruction:
Given the following text, please determine if it should be classified as funny or not funny. Base your classification on humor elements such as wit, irony, absurdity, or comedic timing.

### Input:
generous military sends $800 in disability to man who wakes up screaming every night

### Response:
",Yes
0,taliban making military gains in afghanistan,https://www.huffingtonpost.com/entry/taliban-making-military-g_n_5623938.html,"Below is an instruction that describes a sentiment analysis task.

### Instruction:
Given the following text, please determine if it should be classified as funny or not funny. Base your classification on humor elements such as wit, irony, absurdity, or comedic timing.

### Input:
taliban making military gains in afghanistan

### Response:
",No
0,huffpost's instagram: what's new,https://www.huffingtonpost.com/entry/whats-new-on-huffposts-instagram_us_58c1c326e4b0d1078ca55ce5,"Below is an instruction that describes a sentiment analysis task.

### Instruction:
Given the following text, please determine if it should be classified as funny or not funny. Base your classification on humor elements such as wit, irony, absurdity, or comedic timing.

### Input:
huffpost's instagram: what's new

### Response:
",No
0,what does 'black-on-black crime' have to do with ferguson?,https://www.huffingtonpost.com/entry/what-does-blackonblack-cr_b_6239360.html,"Below is an instruction that describes a sentiment analysis task.

### Instruction:
Given the following text, please determine if it should be classified as funny or not funny. Base your classification on humor elements such as wit, irony, absurdity, or comedic timing.

### Input:
what does 'black-on-black crime' have to do with ferguson?

### Response:
",No
1,5th-grade teacher can already tell kids about to go apeshit for ending of 'the giver',https://local.theonion.com/5th-grade-teacher-can-already-tell-kids-about-to-go-ape-1824139990,"Below is an instruction that describes a sentiment analysis task.

### Instruction:
Given the following text, please determine if it should be classified as funny or not funny. Base your classification on humor elements such as wit, irony, absurdity, or comedic timing.

### Input:
5th-grade teacher can already tell kids about to go apeshit for ending of 'the giver'

### Response:
",Yes
1,exhausted nation unsure it has stamina to continue gun control dialogue for fifth consecutive day,https://www.theonion.com/exhausted-nation-unsure-it-has-stamina-to-continue-gun-1819578978,"Below is an instruction that describes a sentiment analysis task.

### Instruction:
Given the following text, please determine if it should be classified as funny or not funny. Base your classification on humor elements such as wit, irony, absurdity, or comedic timing.

### Input:
exhausted nation unsure it has stamina to continue gun control dialogue for fifth consecutive day

### Response:
",Yes
1,'lost dog' poster really tooting dog's horn,https://local.theonion.com/lost-dog-poster-really-tooting-dog-s-horn-1819580328,"Below is an instruction that describes a sentiment analysis task.

### Instruction:
Given the following text, please determine if it should be classified as funny or not funny. Base your classification on humor elements such as wit, irony, absurdity, or comedic timing.

### Input:
'lost dog' poster really tooting dog's horn

### Response:
",No
0,former pennsylvania congressman sentenced to 10 years in prison,https://www.huffingtonpost.com/entry/chaka-fattah-sentenced-fraud_us_584ecfcae4b04c8e2bb0b54b,"Below is an instruction that describes a sentiment analysis task.

### Instruction:
Given the following text, please determine if it should be classified as funny or not funny. Base your classification on humor elements such as wit, irony, absurdity, or comedic timing.

### Input:
former pennsylvania congressman sentenced to 10 years in prison

### Response:
",No
1,bowling birthday party enters 5th agonizing hour,https://local.theonion.com/bowling-birthday-party-enters-5th-agonizing-hour-1819573020,"Below is an instruction that describes a sentiment analysis task.

### Instruction:
Given the following text, please determine if it should be classified as funny or not funny. Base your classification on humor elements such as wit, irony, absurdity, or comedic timing.

### Input:
bowling birthday party enters 5th agonizing hour

### Response:
",Yes
1,pope francis asks congregation if it's okay if they do a low-key easter this year,https://www.theonion.com/pope-francis-asks-congregation-if-it-s-okay-if-they-do-1824185569,"Below is an instruction that describes a sentiment analysis task.

### Instruction:
Given the following text, please determine if it should be classified as funny or not funny. Base your classification on humor elements such as wit, irony, absurdity, or comedic timing.

### Input:
pope francis asks congregation if it's okay if they do a low-key easter this year

### Response:
",Yes
0,"it is a shame, it was a sham",https://www.huffingtonpost.com/entry/it-is-a-shame-it-was-a-sh_b_6051320.html,"Below is an instruction that describes a sentiment analysis task.

### Instruction:
Given the following text, please determine if it should be classified as funny or not funny. Base your classification on humor elements such as wit, irony, absurdity, or comedic timing.

### Input:
it is a shame, it was a sham

### Response:
",No
0,every song on kendrick lamar's new album is charting on billboard's hot 100,https://www.huffingtonpost.com/entry/every-song-on-kendrick-lamars-new-album-is-charting-on-billboards-top-100_us_5900f923e4b0af6d718b0a79,"Below is an instruction that describes a sentiment analysis task.

### Instruction:
Given the following text, please determine if it should be classified as funny or not funny. Base your classification on humor elements such as wit, irony, absurdity, or comedic timing.

### Input:
every song on kendrick lamar's new album is charting on billboard's hot 100

### Response:
",No
0,will smith and alfonso ribeiro had a 'fresh prince' reunion,https://www.huffingtonpost.com/entry/fresh-prince-reunion_n_6510288.html,"Below is an instruction that describes a sentiment analysis task.

### Instruction:
Given the following text, please determine if it should be classified as funny or not funny. Base your classification on humor elements such as wit, irony, absurdity, or comedic timing.

### Input:
will smith and alfonso ribeiro had a 'fresh prince' reunion

### Response:
",No
1,area ceo doesn't have time for this shit,https://www.theonion.com/area-ceo-doesnt-have-time-for-this-shit-1819586215,"Below is an instruction that describes a sentiment analysis task.

### Instruction:
Given the following text, please determine if it should be classified as funny or not funny. Base your classification on humor elements such as wit, irony, absurdity, or comedic timing.

### Input:
area ceo doesn't have time for this shit

### Response:
",Yes
0,10 (more) gorgeous colorized photos that put history in a new light,https://www.huffingtonpost.com/entry/recolorized-photos_n_5682977.html,"Below is an instruction that describes a sentiment analysis task.

### Instruction:
Given the following text, please determine if it should be classified as funny or not funny. Base your classification on humor elements such as wit, irony, absurdity, or comedic timing.

### Input:
10 (more) gorgeous colorized photos that put history in a new light

### Response:
",No
1,spanx introduces new line of smoke bombs for concealing unwanted bumps and bulges,https://www.theonion.com/spanx-introduces-new-line-of-smoke-bombs-for-concealing-1832814966,"Below is an instruction that describes a sentiment analysis task.

### Instruction:
Given the following text, please determine if it should be classified as funny or not funny. Base your classification on humor elements such as wit, irony, absurdity, or comedic timing.

### Input:
spanx introduces new line of smoke bombs for concealing unwanted bumps and bulges

### Response:
",Yes
1,nation could probably draw john boehner from memory at this point,https://politics.theonion.com/nation-could-probably-draw-john-boehner-from-memory-at-1819575718,"Below is an instruction that describes a sentiment analysis task.

### Instruction:
Given the following text, please determine if it should be classified as funny or not funny. Base your classification on humor elements such as wit, irony, absurdity, or comedic timing.

### Input:
nation could probably draw john boehner from memory at this point

### Response:
",Yes
0,"hobby lobby, climate change, and the gop's women problem",https://www.huffingtonpost.com/entry/hobby-lobby-climate-chang_b_5578084.html,"Below is an instruction that describes a sentiment analysis task.

### Instruction:
Given the following text, please determine if it should be classified as funny or not funny. Base your classification on humor elements such as wit, irony, absurdity, or comedic timing.

### Input:
hobby lobby, climate change, and the gop's women problem

### Response:
",No
1,cnn technicians rush to empty wolf blitzer's urine tank midway through election coverage,https://www.theonion.com/cnn-technicians-rush-to-empty-wolf-blitzer-s-urine-tank-1819579423,"Below is an instruction that describes a sentiment analysis task.

### Instruction:
Given the following text, please determine if it should be classified as funny or not funny. Base your classification on humor elements such as wit, irony, absurdity, or comedic timing.

### Input:
cnn technicians rush to empty wolf blitzer's urine tank midway through election coverage

### Response:
",Yes
0,"guy moonwalks through 27 european landmarks, because why not?",https://www.huffingtonpost.com/entry/man-moonwalks-europe_us_57eac433e4b024a52d2b15ed,"Below is an instruction that describes a sentiment analysis task.

### Instruction:
Given the following text, please determine if it should be classified as funny or not funny. Base your classification on humor elements such as wit, irony, absurdity, or comedic timing.

### Input:
guy moonwalks through 27 european landmarks, because why not?

### Response:
",Yes
1,manafort clearly attempting to send judge encrypted whatsapp messages while waiting in courtroom,https://politics.theonion.com/manafort-clearly-attempting-to-send-judge-encrypted-wha-1826872770,"Below is an instruction that describes a sentiment analysis task.

### Instruction:
Given the following text, please determine if it should be classified as funny or not funny. Base your classification on humor elements such as wit, irony, absurdity, or comedic timing.

### Input:
manafort clearly attempting to send judge encrypted whatsapp messages while waiting in courtroom

### Response:
",Yes
1,80 percent of u.s. populace now selling handmade jewelry,https://www.theonion.com/80-percent-of-u-s-populace-now-selling-handmade-jewelr-1819566146,"Below is an instruction that describes a sentiment analysis task.

### Instruction:
Given the following text, please determine if it should be classified as funny or not funny. Base your classification on humor elements such as wit, irony, absurdity, or comedic timing.

### Input:
80 percent of u.s. populace now selling handmade jewelry

### Response:
",No
1,"area man too busy for his buddy phil, eh?",https://local.theonion.com/area-man-too-busy-for-his-buddy-phil-eh-1819567642,"Below is an instruction that describes a sentiment analysis task.

### Instruction:
Given the following text, please determine if it should be classified as funny or not funny. Base your classification on humor elements such as wit, irony, absurdity, or comedic timing.

### Input:
area man too busy for his buddy phil, eh?

### Response:
",Yes
1,man who can't get enough mucus enjoying winter season,https://local.theonion.com/man-who-cant-get-enough-mucus-enjoying-winter-season-1819574408,"Below is an instruction that describes a sentiment analysis task.

### Instruction:
Given the following text, please determine if it should be classified as funny or not funny. Base your classification on humor elements such as wit, irony, absurdity, or comedic timing.

### Input:
man who can't get enough mucus enjoying winter season

### Response:
",Yes
0,friends and family rally around kim kardashian on her birthday,https://www.huffingtonpost.com/entry/friends-and-family-rally-around-kim-kardashian-on-her-birthday_us_580a39a8e4b02444efa2fe37,"Below is an instruction that describes a sentiment analysis task.

### Instruction:
Given the following text, please determine if it should be classified as funny or not funny. Base your classification on humor elements such as wit, irony, absurdity, or comedic timing.

### Input:
friends and family rally around kim kardashian on her birthday

### Response:
",No
1,brief moment of lucidity called panic attack,https://www.theonion.com/brief-moment-of-lucidity-called-panic-attack-1819576229,"Below is an instruction that describes a sentiment analysis task.

### Instruction:
Given the following text, please determine if it should be classified as funny or not funny. Base your classification on humor elements such as wit, irony, absurdity, or comedic timing.

### Input:
brief moment of lucidity called panic attack

### Response:
",Yes
0,jeb bush calls for crackdown on sanctuary cities in immigration plan,https://www.huffingtonpost.com/entry/jeb-bush-immigration-sanctuary-cities_us_55bf7999e4b0d4f33a0349e3,"Below is an instruction that describes a sentiment analysis task.

### Instruction:
Given the following text, please determine if it should be classified as funny or not funny. Base your classification on humor elements such as wit, irony, absurdity, or comedic timing.

### Input:
jeb bush calls for crackdown on sanctuary cities in immigration plan

### Response:
",No
1,cool mccain supporter wears 'mccain 2000' shirt to campaign speech,https://politics.theonion.com/cool-mccain-supporter-wears-mccain-2000-shirt-to-campai-1819570263,"Below is an instruction that describes a sentiment analysis task.

### Instruction:
Given the following text, please determine if it should be classified as funny or not funny. Base your classification on humor elements such as wit, irony, absurdity, or comedic timing.

### Input:
cool mccain supporter wears 'mccain 2000' shirt to campaign speech

### Response:
",Yes
1,"brother, sister talk on phone to make mom happy",https://www.theonion.com/brother-sister-talk-on-phone-to-make-mom-happy-1819574456,"Below is an instruction that describes a sentiment analysis task.

### Instruction:
Given the following text, please determine if it should be classified as funny or not funny. Base your classification on humor elements such as wit, irony, absurdity, or comedic timing.

### Input:
brother, sister talk on phone to make mom happy

### Response:
",Yes
1,outkast universally accepted,https://entertainment.theonion.com/outkast-universally-accepted-1819587428,"Below is an instruction that describes a sentiment analysis task.

### Instruction:
Given the following text, please determine if it should be classified as funny or not funny. Base your classification on humor elements such as wit, irony, absurdity, or comedic timing.

### Input:
outkast universally accepted

### Response:
",No
0,katie holmes is making hats happen on the red carpet,https://www.huffingtonpost.com/entry/katie-holmes-making-hats-happen_us_54be8e81e4b059122343a341,"Below is an instruction that describes a sentiment analysis task.

### Instruction:
Given the following text, please determine if it should be classified as funny or not funny. Base your classification on humor elements such as wit, irony, absurdity, or comedic timing.

### Input:
katie holmes is making hats happen on the red carpet

### Response:
",No
0,new york times throws vicious oscars shade at kevin spacey,https://www.huffingtonpost.com/entry/new-york-times-throws-vicious-shade-at-kevin-spacey_us_5a9d1157e4b0a0ba4ad589c3,"Below is an instruction that describes a sentiment analysis task.

### Instruction:
Given the following text, please determine if it should be classified as funny or not funny. Base your classification on humor elements such as wit, irony, absurdity, or comedic timing.

### Input:
new york times throws vicious oscars shade at kevin spacey

### Response:
",No
1,cost of freedom at all-time high,https://www.theonion.com/cost-of-freedom-at-all-time-high-1819569381,"Below is an instruction that describes a sentiment analysis task.

### Instruction:
Given the following text, please determine if it should be classified as funny or not funny. Base your classification on humor elements such as wit, irony, absurdity, or comedic timing.

### Input:
cost of freedom at all-time high

### Response:
",No
1,mike gravel can't believe his polling numbers neck-and-neck with fucking nobody like wayne messam,https://politics.theonion.com/mike-gravel-can-t-believe-his-polling-numbers-neck-and-1834789221,"Below is an instruction that describes a sentiment analysis task.

### Instruction:
Given the following text, please determine if it should be classified as funny or not funny. Base your classification on humor elements such as wit, irony, absurdity, or comedic timing.

### Input:
mike gravel can't believe his polling numbers neck-and-neck with fucking nobody like wayne messam

### Response:
",Yes
0,"first up at the toronto film festival: jake gyllenhaal's 'demolition,' the stunning 'lobster' and more",https://www.huffingtonpost.com/entry/demolition-review-toronto-film-festival_us_55f1fadde4b002d5c078cc48,"Below is an instruction that describes a sentiment analysis task.

### Instruction:
Given the following text, please determine if it should be classified as funny or not funny. Base your classification on humor elements such as wit, irony, absurdity, or comedic timing.

### Input:
first up at the toronto film festival: jake gyllenhaal's 'demolition,' the stunning 'lobster' and more

### Response:
",No
1,encouraging report shows 45% of onion social users survive beta testing,https://www.theonion.com/encouraging-report-shows-45-of-onion-social-users-surv-1826940059,"Below is an instruction that describes a sentiment analysis task.

### Instruction:
Given the following text, please determine if it should be classified as funny or not funny. Base your classification on humor elements such as wit, irony, absurdity, or comedic timing.

### Input:
encouraging report shows 45% of onion social users survive beta testing

### Response:
",Yes
1,pope francis hosts feathered serpent god as part of deity exchange program,https://www.theonion.com/pope-francis-hosts-feathered-serpent-god-as-part-of-dei-1819579199,"Below is an instruction that describes a sentiment analysis task.

### Instruction:
Given the following text, please determine if it should be classified as funny or not funny. Base your classification on humor elements such as wit, irony, absurdity, or comedic timing.

### Input:
pope francis hosts feathered serpent god as part of deity exchange program

### Response:
",Yes
1,t.g.i. friday's bankrupt after spending billions on priceless americana,https://www.theonion.com/t-g-i-friday-s-bankrupt-after-spending-billions-on-pri-1819575838,"Below is an instruction that describes a sentiment analysis task.

### Instruction:
Given the following text, please determine if it should be classified as funny or not funny. Base your classification on humor elements such as wit, irony, absurdity, or comedic timing.

### Input:
t.g.i. friday's bankrupt after spending billions on priceless americana

### Response:
",Yes
0,obama begins sales pitch on trade to wary u.s. public,https://www.huffingtonpost.com/entry/obama-begins-sales-pitch-_n_6726046.html,"Below is an instruction that describes a sentiment analysis task.

### Instruction:
Given the following text, please determine if it should be classified as funny or not funny. Base your classification on humor elements such as wit, irony, absurdity, or comedic timing.

### Input:
obama begins sales pitch on trade to wary u.s. public

### Response:
",No
1,part written specifically with sylvia saint in mind,https://www.theonion.com/part-written-specifically-with-sylvia-saint-in-mind-1819567699,"Below is an instruction that describes a sentiment analysis task.

### Instruction:
Given the following text, please determine if it should be classified as funny or not funny. Base your classification on humor elements such as wit, irony, absurdity, or comedic timing.

### Input:
part written specifically with sylvia saint in mind

### Response:
",No
0,"sport for good: nelson mandela's vision, one community at a time",https://www.huffingtonpost.com/entry/sport-for-good-nelson-man_b_5534794.html,"Below is an instruction that describes a sentiment analysis task.

### Instruction:
Given the following text, please determine if it should be classified as funny or not funny. Base your classification on humor elements such as wit, irony, absurdity, or comedic timing.

### Input:
sport for good: nelson mandela's vision, one community at a time

### Response:
",No
0,writer michelle theall talks memoir teaching the cat to sit and lgbt issues (audio),https://www.huffingtonpost.com/entry/writer-michelle-theall-ta_b_5725812.html,"Below is an instruction that describes a sentiment analysis task.

### Instruction:
Given the following text, please determine if it should be classified as funny or not funny. Base your classification on humor elements such as wit, irony, absurdity, or comedic timing.

### Input:
writer michelle theall talks memoir teaching the cat to sit and lgbt issues (audio)

### Response:
",No
0,"medicine has a sexism problem, and it's making sick women sicker",https://www.huffingtonpost.com/entry/opinion-dusenbery-medical-sexism-research_us_5a9e01c4e4b0a0ba4ad72a3c,"Below is an instruction that describes a sentiment analysis task.

### Instruction:
Given the following text, please determine if it should be classified as funny or not funny. Base your classification on humor elements such as wit, irony, absurdity, or comedic timing.

### Input:
medicine has a sexism problem, and it's making sick women sicker

### Response:
",No
0,sweet video honors the amazing work of child life specialists,https://www.huffingtonpost.com/entry/sweet-video-honors-the-amazing-work-of-child-life-specialists_us_591a6f7fe4b05dd15f0aaff4,"Below is an instruction that describes a sentiment analysis task.

### Instruction:
Given the following text, please determine if it should be classified as funny or not funny. Base your classification on humor elements such as wit, irony, absurdity, or comedic timing.

### Input:
sweet video honors the amazing work of child life specialists

### Response:
",No
1,white house begins christmas season with ceremonial lighting of cross,https://politics.theonion.com/white-house-begins-christmas-season-with-ceremonial-lig-1820917284,"Below is an instruction that describes a sentiment analysis task.

### Instruction:
Given the following text, please determine if it should be classified as funny or not funny. Base your classification on humor elements such as wit, irony, absurdity, or comedic timing.

### Input:
white house begins christmas season with ceremonial lighting of cross

### Response:
",No
0,an nfl guide to employee management,https://www.huffingtonpost.com/entry/an-nfl-guide-to-employee-_b_5683400.html,"Below is an instruction that describes a sentiment analysis task.

### Instruction:
Given the following text, please determine if it should be classified as funny or not funny. Base your classification on humor elements such as wit, irony, absurdity, or comedic timing.

### Input:
an nfl guide to employee management

### Response:
",No
0,'saving private ryan' actor tom sizemore arrested for domestic violence,https://www.huffingtonpost.com/entry/tom-sizemore-arrested-for-domestic-violence_us_578e774ee4b04ca54ebf0c04,"Below is an instruction that describes a sentiment analysis task.

### Instruction:
Given the following text, please determine if it should be classified as funny or not funny. Base your classification on humor elements such as wit, irony, absurdity, or comedic timing.

### Input:
'saving private ryan' actor tom sizemore arrested for domestic violence

### Response:
",No
1,kennedy center to dishonor gilbert gottfried,https://entertainment.theonion.com/kennedy-center-to-dishonor-gilbert-gottfried-1819568320,"Below is an instruction that describes a sentiment analysis task.

### Instruction:
Given the following text, please determine if it should be classified as funny or not funny. Base your classification on humor elements such as wit, irony, absurdity, or comedic timing.

### Input:
kennedy center to dishonor gilbert gottfried

### Response:
",No
1,zambia tired of being mentioned in 'news of the weird' section,https://www.theonion.com/zambia-tired-of-being-mentioned-in-news-of-the-weird-se-1819567347,"Below is an instruction that describes a sentiment analysis task.

### Instruction:
Given the following text, please determine if it should be classified as funny or not funny. Base your classification on humor elements such as wit, irony, absurdity, or comedic timing.

### Input:
zambia tired of being mentioned in 'news of the weird' section

### Response:
",No
0,"this season, the nfl got political. roger goodell is still trying to pretend it's not.",https://www.huffingtonpost.com/entry/roger-goodell-nfl-politics_us_58938b6de4b09bd304ba3812,"Below is an instruction that describes a sentiment analysis task.

### Instruction:
Given the following text, please determine if it should be classified as funny or not funny. Base your classification on humor elements such as wit, irony, absurdity, or comedic timing.

### Input:
this season, the nfl got political. roger goodell is still trying to pretend it's not.

### Response:
",Yes
1,hollywood announces plan to remake jimmy stewart,https://entertainment.theonion.com/hollywood-announces-plan-to-remake-jimmy-stewart-1819590474,"Below is an instruction that describes a sentiment analysis task.

### Instruction:
Given the following text, please determine if it should be classified as funny or not funny. Base your classification on humor elements such as wit, irony, absurdity, or comedic timing.

### Input:
hollywood announces plan to remake jimmy stewart

### Response:
",Yes
0,the u.s. might be getting closer to expanding its isis fight,https://www.huffingtonpost.com/entry/us-isis-libya_us_56be5310e4b08ffac1255c07,"Below is an instruction that describes a sentiment analysis task.

### Instruction:
Given the following text, please determine if it should be classified as funny or not funny. Base your classification on humor elements such as wit, irony, absurdity, or comedic timing.

### Input:
the u.s. might be getting closer to expanding its isis fight

### Response:
",No
0,5 things psychologists wish their patients would do,https://www.huffingtonpost.com/entry/5-things-psychologists-wish-their-patients-would-do_us_564bb02be4b045bf3df195e6,"Below is an instruction that describes a sentiment analysis task.

### Instruction:
Given the following text, please determine if it should be classified as funny or not funny. Base your classification on humor elements such as wit, irony, absurdity, or comedic timing.

### Input:
5 things psychologists wish their patients would do

### Response:
",No
1,ünited stätes toughens image with umlauts,https://www.theonion.com/united-states-toughens-image-with-umlauts-1819564308,"Below is an instruction that describes a sentiment analysis task.

### Instruction:
Given the following text, please determine if it should be classified as funny or not funny. Base your classification on humor elements such as wit, irony, absurdity, or comedic timing.

### Input:
ünited stätes toughens image with umlauts

### Response:
",No
1,area man not about to tie his shoe when he's 4 blocks away from sitting down,https://www.theonion.com/area-man-not-about-to-tie-his-shoe-when-hes-4-blocks-aw-1819577684,"Below is an instruction that describes a sentiment analysis task.

### Instruction:
Given the following text, please determine if it should be classified as funny or not funny. Base your classification on humor elements such as wit, irony, absurdity, or comedic timing.

### Input:
area man not about to tie his shoe when he's 4 blocks away from sitting down

### Response:
",Yes
1,hussein family can't bear to throw out uday's favorite nutsack shocker,https://www.theonion.com/hussein-family-cant-bear-to-throw-out-udays-favorite-nu-1819567024,"Below is an instruction that describes a sentiment analysis task.

### Instruction:
Given the following text, please determine if it should be classified as funny or not funny. Base your classification on humor elements such as wit, irony, absurdity, or comedic timing.

### Input:
hussein family can't bear to throw out uday's favorite nutsack shocker

### Response:
",Yes
0,howard students take over building to protest university embezzlement scandal,https://www.huffingtonpost.com/entry/howard-university-protest-financial-aid-scandal_us_5abd8bcbe4b0a47437a9c2f7,"Below is an instruction that describes a sentiment analysis task.

### Instruction:
Given the following text, please determine if it should be classified as funny or not funny. Base your classification on humor elements such as wit, irony, absurdity, or comedic timing.

### Input:
howard students take over building to protest university embezzlement scandal

### Response:
",No
1,report: 87% of goldman sachs employees began job with plans to take down company from inside,https://www.theonion.com/report-87-of-goldman-sachs-employees-began-job-with-p-1819579964,"Below is an instruction that describes a sentiment analysis task.

### Instruction:
Given the following text, please determine if it should be classified as funny or not funny. Base your classification on humor elements such as wit, irony, absurdity, or comedic timing.

### Input:
report: 87% of goldman sachs employees began job with plans to take down company from inside

### Response:
",Yes
0,ted cruz is trying and failing to weasel out of his obamacare duplicity,https://www.huffingtonpost.com/entry/ted-cruz-is-trying-and-failing-to-weasel-out-of-his-obamacare-duplicity_b_6958884.html,"Below is an instruction that describes a sentiment analysis task.

### Instruction:
Given the following text, please determine if it should be classified as funny or not funny. Base your classification on humor elements such as wit, irony, absurdity, or comedic timing.

### Input:
ted cruz is trying and failing to weasel out of his obamacare duplicity

### Response:
",No
1,area man has own version of neighborhood-watch program,https://local.theonion.com/area-man-has-own-version-of-neighborhood-watch-program-1819565582,"Below is an instruction that describes a sentiment analysis task.

### Instruction:
Given the following text, please determine if it should be classified as funny or not funny. Base your classification on humor elements such as wit, irony, absurdity, or comedic timing.

### Input:
area man has own version of neighborhood-watch program

### Response:
",No
0,i told my trump-supporting mom i'm having a biracial baby. here's what happened.,https://www.huffingtonpost.com/entry/family-acceptance-biracial-baby_us_5a8e271ee4b077f5bfeb01fd,"Below is an instruction that describes a sentiment analysis task.

### Instruction:
Given the following text, please determine if it should be classified as funny or not funny. Base your classification on humor elements such as wit, irony, absurdity, or comedic timing.

### Input:
i told my trump-supporting mom i'm having a biracial baby. here's what happened.

### Response:
",Yes
1,national trust for historic preservation raises millions to demolish trump's boyhood home,https://politics.theonion.com/national-trust-for-historic-preservation-raises-million-1819579966,"Below is an instruction that describes a sentiment analysis task.

### Instruction:
Given the following text, please determine if it should be classified as funny or not funny. Base your classification on humor elements such as wit, irony, absurdity, or comedic timing.

### Input:
national trust for historic preservation raises millions to demolish trump's boyhood home

### Response:
",Yes
1,new biodiversity program busses in species from outside ecosystems,https://www.theonion.com/new-biodiversity-program-busses-in-species-from-outside-1819576892,"Below is an instruction that describes a sentiment analysis task.

### Instruction:
Given the following text, please determine if it should be classified as funny or not funny. Base your classification on humor elements such as wit, irony, absurdity, or comedic timing.

### Input:
new biodiversity program busses in species from outside ecosystems

### Response:
",No
1,detective behind two-way mirror nervously crosses arms as criminal addresses him directly,https://local.theonion.com/detective-behind-two-way-mirror-nervously-crosses-arms-1819577895,"Below is an instruction that describes a sentiment analysis task.

### Instruction:
Given the following text, please determine if it should be classified as funny or not funny. Base your classification on humor elements such as wit, irony, absurdity, or comedic timing.

### Input:
detective behind two-way mirror nervously crosses arms as criminal addresses him directly

### Response:
",Yes
0,'night of a thousand judys' is a pride month event you shouldn't miss,https://www.huffingtonpost.com/entry/judy-garland-ali-forney-center_us_575593fae4b0c3752dce2981,"Below is an instruction that describes a sentiment analysis task.

### Instruction:
Given the following text, please determine if it should be classified as funny or not funny. Base your classification on humor elements such as wit, irony, absurdity, or comedic timing.

### Input:
'night of a thousand judys' is a pride month event you shouldn't miss

### Response:
",No
0,facebook's war continues against fake profiles and bots,https://www.huffingtonpost.com/entry/facebooks-war-continues-against-fake-profiles-and-bots_b_6914282.html,"Below is an instruction that describes a sentiment analysis task.

### Instruction:
Given the following text, please determine if it should be classified as funny or not funny. Base your classification on humor elements such as wit, irony, absurdity, or comedic timing.

### Input:
facebook's war continues against fake profiles and bots

### Response:
",No
1,congress puts aside partisan differences for good of military contractors,https://politics.theonion.com/congress-puts-aside-partisan-differences-for-good-of-mi-1822844000,"Below is an instruction that describes a sentiment analysis task.

### Instruction:
Given the following text, please determine if it should be classified as funny or not funny. Base your classification on humor elements such as wit, irony, absurdity, or comedic timing.

### Input:
congress puts aside partisan differences for good of military contractors

### Response:
",No
1,new dating website helps plus-size jewish plane crash survivors find love,https://www.theonion.com/new-dating-website-helps-plus-size-jewish-plane-crash-s-1819576076,"Below is an instruction that describes a sentiment analysis task.

### Instruction:
Given the following text, please determine if it should be classified as funny or not funny. Base your classification on humor elements such as wit, irony, absurdity, or comedic timing.

### Input:
new dating website helps plus-size jewish plane crash survivors find love

### Response:
",Yes
0,whoops! selfie snapper smashes sculpture days after exhibit opens,https://www.huffingtonpost.com/entry/yayoi-kusama-selfie-snapper-smashes-sculpture_us_58b6975de4b0780bac2e9046,"Below is an instruction that describes a sentiment analysis task.

### Instruction:
Given the following text, please determine if it should be classified as funny or not funny. Base your classification on humor elements such as wit, irony, absurdity, or comedic timing.

### Input:
whoops! selfie snapper smashes sculpture days after exhibit opens

### Response:
",No
1,new robot capable of unhealthily repressing emotion,https://www.theonion.com/new-robot-capable-of-unhealthily-repressing-emotion-1819571647,"Below is an instruction that describes a sentiment analysis task.

### Instruction:
Given the following text, please determine if it should be classified as funny or not funny. Base your classification on humor elements such as wit, irony, absurdity, or comedic timing.

### Input:
new robot capable of unhealthily repressing emotion

### Response:
",Yes
0,why did a private security contractor treat standing rock protesters like 'jihadists'?,https://www.huffingtonpost.com/entry/why-did-a-private-security-contractor-treat-standing-rock-protesters-like-jihadists_us_5931d928e4b02478cb9b9b48,"Below is an instruction that describes a sentiment analysis task.

### Instruction:
Given the following text, please determine if it should be classified as funny or not funny. Base your classification on humor elements such as wit, irony, absurdity, or comedic timing.

### Input:
why did a private security contractor treat standing rock protesters like 'jihadists'?

### Response:
",No
0,why we can't ignore the outliers,https://www.huffingtonpost.com/entry/why-we-cant-ignore-the-ou_b_6161048.html,"Below is an instruction that describes a sentiment analysis task.

### Instruction:
Given the following text, please determine if it should be classified as funny or not funny. Base your classification on humor elements such as wit, irony, absurdity, or comedic timing.

### Input:
why we can't ignore the outliers

### Response:
",No
1,sudanese youths go wild for great taste of any food whatsoever,https://www.theonion.com/sudanese-youths-go-wild-for-great-taste-of-any-food-wha-1819564641,"Below is an instruction that describes a sentiment analysis task.

### Instruction:
Given the following text, please determine if it should be classified as funny or not funny. Base your classification on humor elements such as wit, irony, absurdity, or comedic timing.

### Input:
sudanese youths go wild for great taste of any food whatsoever

### Response:
",Yes
0,televisa host says network pressured her to say on-air sexual harassment was a hoax,https://www.huffingtonpost.com/entry/televisa-host-says-network-pressured-her-to-say-on-air-sexual-harassment-was-a-hoax_us_563108a1e4b06317991077c8,"Below is an instruction that describes a sentiment analysis task.

### Instruction:
Given the following text, please determine if it should be classified as funny or not funny. Base your classification on humor elements such as wit, irony, absurdity, or comedic timing.

### Input:
televisa host says network pressured her to say on-air sexual harassment was a hoax

### Response:
",No
0,only three states score higher than d+ in a state integrity investigation,https://www.huffingtonpost.comhttp://www.publicintegrity.org/2015/11/09/18693/only-three-states-score-higher-d-state-integrity-investigation-11-flunk,"Below is an instruction that describes a sentiment analysis task.

### Instruction:
Given the following text, please determine if it should be classified as funny or not funny. Base your classification on humor elements such as wit, irony, absurdity, or comedic timing.

### Input:
only three states score higher than d+ in a state integrity investigation

### Response:
",No
0,trump's goon squads,https://www.huffingtonpost.com/entry/trumps-goon-squads_b_11850034.html,"Below is an instruction that describes a sentiment analysis task.

### Instruction:
Given the following text, please determine if it should be classified as funny or not funny. Base your classification on humor elements such as wit, irony, absurdity, or comedic timing.

### Input:
trump's goon squads

### Response:
",No
0,marvel's top directors want lgbt superheroes to save the day,https://www.huffingtonpost.com/entry/marvels-top-directors-want-lgbt-superheroes-to-save-the-day_us_572a20e2e4b096e9f08fdb9d,"Below is an instruction that describes a sentiment analysis task.

### Instruction:
Given the following text, please determine if it should be classified as funny or not funny. Base your classification on humor elements such as wit, irony, absurdity, or comedic timing.

### Input:
marvel's top directors want lgbt superheroes to save the day

### Response:
",No
0,lin-manuel miranda takes bow as hamilton one last time,https://www.huffingtonpost.com/entry/lin-manuel-miranda-hamilton_us_57824799e4b0c590f7e9b517,"Below is an instruction that describes a sentiment analysis task.

### Instruction:
Given the following text, please determine if it should be classified as funny or not funny. Base your classification on humor elements such as wit, irony, absurdity, or comedic timing.

### Input:
lin-manuel miranda takes bow as hamilton one last time

### Response:
",No
0,why emotional intelligence affects the bottom line,https://www.huffingtonpost.com/entry/why-emotional-intelligence-affects-the-bottom-line-_b_7295444.html,"Below is an instruction that describes a sentiment analysis task.

### Instruction:
Given the following text, please determine if it should be classified as funny or not funny. Base your classification on humor elements such as wit, irony, absurdity, or comedic timing.

### Input:
why emotional intelligence affects the bottom line

### Response:
",No
1,inner-city prodigy earns ged at age 11,https://www.theonion.com/inner-city-prodigy-earns-ged-at-age-11-1819588198,"Below is an instruction that describes a sentiment analysis task.

### Instruction:
Given the following text, please determine if it should be classified as funny or not funny. Base your classification on humor elements such as wit, irony, absurdity, or comedic timing.

### Input:
inner-city prodigy earns ged at age 11

### Response:
",No
1,felt board adds clarity to christ's teachings,https://www.theonion.com/felt-board-adds-clarity-to-christs-teachings-1819564213,"Below is an instruction that describes a sentiment analysis task.

### Instruction:
Given the following text, please determine if it should be classified as funny or not funny. Base your classification on humor elements such as wit, irony, absurdity, or comedic timing.

### Input:
felt board adds clarity to christ's teachings

### Response:
",No
0,14 reasons why pharrell williams is definitely a fashion icon,https://www.huffingtonpost.com/entry/pharrell-cfda-fashion-icon-2015_n_6901262.html,"Below is an instruction that describes a sentiment analysis task.

### Instruction:
Given the following text, please determine if it should be classified as funny or not funny. Base your classification on humor elements such as wit, irony, absurdity, or comedic timing.

### Input:
14 reasons why pharrell williams is definitely a fashion icon

### Response:
",Yes
0,the obscure trade provision everyone is talking about,https://www.huffingtonpost.com/entry/the-obscure-trade-provisi_b_7297342.html,"Below is an instruction that describes a sentiment analysis task.

### Instruction:
Given the following text, please determine if it should be classified as funny or not funny. Base your classification on humor elements such as wit, irony, absurdity, or comedic timing.

### Input:
the obscure trade provision everyone is talking about

### Response:
",No
1,mom sent on fact-finding mission to read what parking sign down street says,https://www.theonion.com/mom-sent-on-fact-finding-mission-to-read-what-parking-s-1819579961,"Below is an instruction that describes a sentiment analysis task.

### Instruction:
Given the following text, please determine if it should be classified as funny or not funny. Base your classification on humor elements such as wit, irony, absurdity, or comedic timing.

### Input:
mom sent on fact-finding mission to read what parking sign down street says

### Response:
",Yes
1,study: human ability to cooperate most strongly exhibited when ordering pizza,https://www.theonion.com/study-human-ability-to-cooperate-most-strongly-exhibit-1819576536,"Below is an instruction that describes a sentiment analysis task.

### Instruction:
Given the following text, please determine if it should be classified as funny or not funny. Base your classification on humor elements such as wit, irony, absurdity, or comedic timing.

### Input:
study: human ability to cooperate most strongly exhibited when ordering pizza

### Response:
",Yes
0,sears and kmart drop 31 trump home items from their online shops,https://www.huffingtonpost.com/entry/sears-kmart-drop-trump-home_us_589f7995e4b03df370d6d20c,"Below is an instruction that describes a sentiment analysis task.

### Instruction:
Given the following text, please determine if it should be classified as funny or not funny. Base your classification on humor elements such as wit, irony, absurdity, or comedic timing.

### Input:
sears and kmart drop 31 trump home items from their online shops

### Response:
",No
0,former counterterrorism official slams 'coward' trump over comey firing,https://www.huffingtonpost.com/entry/philip-mudd-donald-trump-coward_us_5913c008e4b030d4f1ef9b54,"Below is an instruction that describes a sentiment analysis task.

### Instruction:
Given the following text, please determine if it should be classified as funny or not funny. Base your classification on humor elements such as wit, irony, absurdity, or comedic timing.

### Input:
former counterterrorism official slams 'coward' trump over comey firing

### Response:
",No
1,hr sends out reminder email about not scrawling 'revenge' in blood in conference room,https://local.theonion.com/hr-sends-out-reminder-email-about-not-scrawling-reveng-1819576930,"Below is an instruction that describes a sentiment analysis task.

### Instruction:
Given the following text, please determine if it should be classified as funny or not funny. Base your classification on humor elements such as wit, irony, absurdity, or comedic timing.

### Input:
hr sends out reminder email about not scrawling 'revenge' in blood in conference room

### Response:
",Yes
0,#youlookdisgusting blogger em ford responds to internet haters: 'perfection isn't real',https://www.huffingtonpost.com/entry/youlookdisgusting-blogger-em-ford-perfection-isnt-real_us_559d3b9ae4b05b1d028f6e8d,"Below is an instruction that describes a sentiment analysis task.

### Instruction:
Given the following text, please determine if it should be classified as funny or not funny. Base your classification on humor elements such as wit, irony, absurdity, or comedic timing.

### Input:
#youlookdisgusting blogger em ford responds to internet haters: 'perfection isn't real'

### Response:
",No
1,melania trump straightens husband's neck skin before walking out onto inauguration platform,https://politics.theonion.com/melania-trump-straightens-husband-s-neck-skin-before-wa-1819592705,"Below is an instruction that describes a sentiment analysis task.

### Instruction:
Given the following text, please determine if it should be classified as funny or not funny. Base your classification on humor elements such as wit, irony, absurdity, or comedic timing.

### Input:
melania trump straightens husband's neck skin before walking out onto inauguration platform

### Response:
",Yes
1,man runs out of questions to ask 4-year-old,https://www.theonion.com/man-runs-out-of-questions-to-ask-4-year-old-1819566518,"Below is an instruction that describes a sentiment analysis task.

### Instruction:
Given the following text, please determine if it should be classified as funny or not funny. Base your classification on humor elements such as wit, irony, absurdity, or comedic timing.

### Input:
man runs out of questions to ask 4-year-old

### Response:
",Yes
1,lice having blast trying out different wigs at costume shop,https://local.theonion.com/lice-having-blast-trying-out-different-wigs-at-costume-1819838808,"Below is an instruction that describes a sentiment analysis task.

### Instruction:
Given the following text, please determine if it should be classified as funny or not funny. Base your classification on humor elements such as wit, irony, absurdity, or comedic timing.

### Input:
lice having blast trying out different wigs at costume shop

### Response:
",Yes
0,trump white house's revolving door of staff changes expected to continue in the new year,https://www.huffingtonpost.com/entry/white-house-staff-shakeup_us_5a465893e4b0b0e5a7a5fd4e,"Below is an instruction that describes a sentiment analysis task.

### Instruction:
Given the following text, please determine if it should be classified as funny or not funny. Base your classification on humor elements such as wit, irony, absurdity, or comedic timing.

### Input:
trump white house's revolving door of staff changes expected to continue in the new year

### Response:
",No
0,yet another donald trump pick has a habit of spreading dangerous conspiracy theories,https://www.huffingtonpost.com/entry/trump-national-security-monica-crowley_us_58542a74e4b08debb788afc4,"Below is an instruction that describes a sentiment analysis task.

### Instruction:
Given the following text, please determine if it should be classified as funny or not funny. Base your classification on humor elements such as wit, irony, absurdity, or comedic timing.

### Input:
yet another donald trump pick has a habit of spreading dangerous conspiracy theories

### Response:
",No
1,driver swerves to avoid deer standing right in middle of zoo,https://local.theonion.com/driver-swerves-to-avoid-deer-standing-right-in-middle-o-1828232286,"Below is an instruction that describes a sentiment analysis task.

### Instruction:
Given the following text, please determine if it should be classified as funny or not funny. Base your classification on humor elements such as wit, irony, absurdity, or comedic timing.

### Input:
driver swerves to avoid deer standing right in middle of zoo

### Response:
",Yes
0,responsible gun ownership,https://www.huffingtonpost.com/entry/responsible-gun-ownership_b_8274036.html,"Below is an instruction that describes a sentiment analysis task.

### Instruction:
Given the following text, please determine if it should be classified as funny or not funny. Base your classification on humor elements such as wit, irony, absurdity, or comedic timing.

### Input:
responsible gun ownership

### Response:
",No
0,obama nicks fbi director on clinton emails: 'we don't operate on innuendo',https://www.huffingtonpost.com/entry/james-comey-obama-clinton-emails-fbi_us_581a14d7e4b08f9841ac975a,"Below is an instruction that describes a sentiment analysis task.

### Instruction:
Given the following text, please determine if it should be classified as funny or not funny. Base your classification on humor elements such as wit, irony, absurdity, or comedic timing.

### Input:
obama nicks fbi director on clinton emails: 'we don't operate on innuendo'

### Response:
",No
0,watch anthony weiner discover he's not going to be new york's mayor,https://www.huffingtonpost.com/entry/anthony-weiner_us_57327b05e4b096e9f09327c8,"Below is an instruction that describes a sentiment analysis task.

### Instruction:
Given the following text, please determine if it should be classified as funny or not funny. Base your classification on humor elements such as wit, irony, absurdity, or comedic timing.

### Input:
watch anthony weiner discover he's not going to be new york's mayor

### Response:
",Yes
0,queer icon kate bornstein reflects on queer and trans identity in 2015,https://www.huffingtonpost.com/entry/kate-bornstein-queer-icon-reflects-on-queer-and-trans-identity-in-2015_us_561823aae4b0e66ad4c7ff37,"Below is an instruction that describes a sentiment analysis task.

### Instruction:
Given the following text, please determine if it should be classified as funny or not funny. Base your classification on humor elements such as wit, irony, absurdity, or comedic timing.

### Input:
queer icon kate bornstein reflects on queer and trans identity in 2015

### Response:
",No
0,"this ned flanders-themed band is now the best band (sorry, all other bands)",https://www.huffingtonpost.com/entry/ned-flanders-band_us_55cdf0f7e4b0ab468d9cfaff,"Below is an instruction that describes a sentiment analysis task.

### Instruction:
Given the following text, please determine if it should be classified as funny or not funny. Base your classification on humor elements such as wit, irony, absurdity, or comedic timing.

### Input:
this ned flanders-themed band is now the best band (sorry, all other bands)

### Response:
",Yes
0,more than two in five american adults carry hpv,https://www.huffingtonpost.com/entry/more-than-4-in-10-american-adults-carry-hpv_us_58eb0296e4b00dd8e016ed83,"Below is an instruction that describes a sentiment analysis task.

### Instruction:
Given the following text, please determine if it should be classified as funny or not funny. Base your classification on humor elements such as wit, irony, absurdity, or comedic timing.

### Input:
more than two in five american adults carry hpv

### Response:
",No
0,empire of destruction,https://www.huffingtonpost.com/entry/empire-of-destruction_us_5970ff1be4b0aa14ea789f0c,"Below is an instruction that describes a sentiment analysis task.

### Instruction:
Given the following text, please determine if it should be classified as funny or not funny. Base your classification on humor elements such as wit, irony, absurdity, or comedic timing.

### Input:
empire of destruction

### Response:
",No
0,mit should do better,https://www.huffingtonpost.com/entry/mit-should-do-better_us_59410bbce4b04c03fa2616e0,"Below is an instruction that describes a sentiment analysis task.

### Instruction:
Given the following text, please determine if it should be classified as funny or not funny. Base your classification on humor elements such as wit, irony, absurdity, or comedic timing.

### Input:
mit should do better

### Response:
",No
0,should you marry that guy?,https://www.huffingtonpost.com/entry/should-you-marry-that-guy_b_7173288.html,"Below is an instruction that describes a sentiment analysis task.

### Instruction:
Given the following text, please determine if it should be classified as funny or not funny. Base your classification on humor elements such as wit, irony, absurdity, or comedic timing.

### Input:
should you marry that guy?

### Response:
",No
0,"uber pulls a u-turn, decides tipping is ok after all",https://www.huffingtonpost.com/entry/uber-tipping_us_5949609de4b04c5e50255ac9,"Below is an instruction that describes a sentiment analysis task.

### Instruction:
Given the following text, please determine if it should be classified as funny or not funny. Base your classification on humor elements such as wit, irony, absurdity, or comedic timing.

### Input:
uber pulls a u-turn, decides tipping is ok after all

### Response:
",No
1,skipping out on friend's birthday party at last minute closest woman will ever come to feeling rush of heroin,https://www.theonion.com/skipping-out-on-friends-birthday-party-at-last-minute-c-1819573915,"Below is an instruction that describes a sentiment analysis task.

### Instruction:
Given the following text, please determine if it should be classified as funny or not funny. Base your classification on humor elements such as wit, irony, absurdity, or comedic timing.

### Input:
skipping out on friend's birthday party at last minute closest woman will ever come to feeling rush of heroin

### Response:
",Yes
1,new sitcom pulls back the envelope,https://entertainment.theonion.com/new-sitcom-pulls-back-the-envelope-1819569217,"Below is an instruction that describes a sentiment analysis task.

### Instruction:
Given the following text, please determine if it should be classified as funny or not funny. Base your classification on humor elements such as wit, irony, absurdity, or comedic timing.

### Input:
new sitcom pulls back the envelope

### Response:
",No
0,willi dorner's 'bodies in urban spaces' (video),https://www.huffingtonpost.com/entry/willi-dorners-bodies-in-u_b_5746104.html,"Below is an instruction that describes a sentiment analysis task.

### Instruction:
Given the following text, please determine if it should be classified as funny or not funny. Base your classification on humor elements such as wit, irony, absurdity, or comedic timing.

### Input:
willi dorner's 'bodies in urban spaces' (video)

### Response:
",No
0,ucla to launch taskforce into campus shooting,https://www.huffingtonpost.com/entry/ucla-taskforce-shooting_us_57595881e4b0e39a28ac98a7,"Below is an instruction that describes a sentiment analysis task.

### Instruction:
Given the following text, please determine if it should be classified as funny or not funny. Base your classification on humor elements such as wit, irony, absurdity, or comedic timing.

### Input:
ucla to launch taskforce into campus shooting

### Response:
",No
1,clinton staff readies emp launch to disable all nation's electronic devices,https://politics.theonion.com/clinton-staff-readies-emp-launch-to-disable-all-nation-1819579399,"Below is an instruction that describes a sentiment analysis task.

### Instruction:
Given the following text, please determine if it should be classified as funny or not funny. Base your classification on humor elements such as wit, irony, absurdity, or comedic timing.

### Input:
clinton staff readies emp launch to disable all nation's electronic devices

### Response:
",Yes
1,lax petsmart background check allows deranged gerbil to slip through the cracks,https://www.theonion.com/lax-petsmart-background-check-allows-deranged-gerbil-to-1819574250,"Below is an instruction that describes a sentiment analysis task.

### Instruction:
Given the following text, please determine if it should be classified as funny or not funny. Base your classification on humor elements such as wit, irony, absurdity, or comedic timing.

### Input:
lax petsmart background check allows deranged gerbil to slip through the cracks

### Response:
",Yes
1,new evidence suggests ancient egyptians only ever visited pyramids when friends were in from out of town,https://www.theonion.com/new-evidence-suggests-ancient-egyptians-only-ever-visit-1821874775,"Below is an instruction that describes a sentiment analysis task.

### Instruction:
Given the following text, please determine if it should be classified as funny or not funny. Base your classification on humor elements such as wit, irony, absurdity, or comedic timing.

### Input:
new evidence suggests ancient egyptians only ever visited pyramids when friends were in from out of town

### Response:
",Yes
0,bruce springsteen takes powerful stance amid trump's immigration ban,https://www.huffingtonpost.com/entry/bruce-springsteen-trump-immigrant-travel-ban_us_588f4d30e4b08a14f7e6fd40,"Below is an instruction that describes a sentiment analysis task.

### Instruction:
Given the following text, please determine if it should be classified as funny or not funny. Base your classification on humor elements such as wit, irony, absurdity, or comedic timing.

### Input:
bruce springsteen takes powerful stance amid trump's immigration ban

### Response:
",No
0,spouse criticism may worsen chronic low back pain,https://www.huffingtonpost.com/entry/spouse-hostility-may-worsen-chronic-low-back-pain_us_599b559ce4b04c532f43c6a9,"Below is an instruction that describes a sentiment analysis task.

### Instruction:
Given the following text, please determine if it should be classified as funny or not funny. Base your classification on humor elements such as wit, irony, absurdity, or comedic timing.

### Input:
spouse criticism may worsen chronic low back pain

### Response:
",No
0,worldwide executions surge to highest levels in 25 years: report,https://www.huffingtonpost.com/entry/global-death-penalty-2015_us_57040f0fe4b0daf53af13542,"Below is an instruction that describes a sentiment analysis task.

### Instruction:
Given the following text, please determine if it should be classified as funny or not funny. Base your classification on humor elements such as wit, irony, absurdity, or comedic timing.

### Input:
worldwide executions surge to highest levels in 25 years: report

### Response:
",No
0,the istanbul nightclub attack finally united a divided country,https://www.huffingtonpost.com/entry/istanbul-nightclub-attack-unity_us_586be3f8e4b0d9a5945ca474,"Below is an instruction that describes a sentiment analysis task.

### Instruction:
Given the following text, please determine if it should be classified as funny or not funny. Base your classification on humor elements such as wit, irony, absurdity, or comedic timing.

### Input:
the istanbul nightclub attack finally united a divided country

### Response:
",No
0,a small senate victory maintains methane regulation,https://www.huffingtonpost.com/entry/a-small-senate-victory-maintains-methane-regulation_us_59199df7e4b00ccaae9ea4a8,"Below is an instruction that describes a sentiment analysis task.

### Instruction:
Given the following text, please determine if it should be classified as funny or not funny. Base your classification on humor elements such as wit, irony, absurdity, or comedic timing.

### Input:
a small senate victory maintains methane regulation

### Response:
",No
1,mark zuckerberg apologizes to congress for not realizing scope of his genius,https://politics.theonion.com/mark-zuckerberg-apologizes-to-congress-for-not-realizin-1825183353,"Below is an instruction that describes a sentiment analysis task.

### Instruction:
Given the following text, please determine if it should be classified as funny or not funny. Base your classification on humor elements such as wit, irony, absurdity, or comedic timing.

### Input:
mark zuckerberg apologizes to congress for not realizing scope of his genius

### Response:
",Yes
0,house to vote on 3-month highway funding bill before leaving town,https://www.huffingtonpost.com/entry/house-highway-funding-bill_us_55b6effee4b0074ba5a607e2,"Below is an instruction that describes a sentiment analysis task.

### Instruction:
Given the following text, please determine if it should be classified as funny or not funny. Base your classification on humor elements such as wit, irony, absurdity, or comedic timing.

### Input:
house to vote on 3-month highway funding bill before leaving town

### Response:
",No
1,wedding album off to bizarre start with photo of 2 acorns floating in glass of water,https://www.theonion.com/wedding-album-off-to-bizarre-start-with-photo-of-2-acor-1819577918,"Below is an instruction that describes a sentiment analysis task.

### Instruction:
Given the following text, please determine if it should be classified as funny or not funny. Base your classification on humor elements such as wit, irony, absurdity, or comedic timing.

### Input:
wedding album off to bizarre start with photo of 2 acorns floating in glass of water

### Response:
",Yes
1,conversation with boss puts man an hour behind,https://www.theonion.com/conversation-with-boss-puts-man-an-hour-behind-1819565632,"Below is an instruction that describes a sentiment analysis task.

### Instruction:
Given the following text, please determine if it should be classified as funny or not funny. Base your classification on humor elements such as wit, irony, absurdity, or comedic timing.

### Input:
conversation with boss puts man an hour behind

### Response:
",Yes
1,jakob dylan still not convinced father a better songwriter,https://entertainment.theonion.com/jakob-dylan-still-not-convinced-father-a-better-songwri-1819569590,"Below is an instruction that describes a sentiment analysis task.

### Instruction:
Given the following text, please determine if it should be classified as funny or not funny. Base your classification on humor elements such as wit, irony, absurdity, or comedic timing.

### Input:
jakob dylan still not convinced father a better songwriter

### Response:
",No
0,trump's 'locker room' defense is the excuse you'd expect from a child,https://www.huffingtonpost.com/entry/donald-trump-sexual-assault-excuses_us_57fbc84fe4b068ecb5e08560,"Below is an instruction that describes a sentiment analysis task.

### Instruction:
Given the following text, please determine if it should be classified as funny or not funny. Base your classification on humor elements such as wit, irony, absurdity, or comedic timing.

### Input:
trump's 'locker room' defense is the excuse you'd expect from a child

### Response:
",Yes
1,woman apologizes to therapist for monopolizing conversation,https://local.theonion.com/woman-apologizes-to-therapist-for-monopolizing-conversa-1822461132,"Below is an instruction that describes a sentiment analysis task.

### Instruction:
Given the following text, please determine if it should be classified as funny or not funny. Base your classification on humor elements such as wit, irony, absurdity, or comedic timing.

### Input:
woman apologizes to therapist for monopolizing conversation

### Response:
",Yes
0,chris rock and dave chappelle did a surprise stand-up set together this weekend,https://www.huffingtonpost.com/entry/dave-chappelle-chris-rock-stand-up-set_us_58d9100ee4b03787d35a541b,"Below is an instruction that describes a sentiment analysis task.

### Instruction:
Given the following text, please determine if it should be classified as funny or not funny. Base your classification on humor elements such as wit, irony, absurdity, or comedic timing.

### Input:
chris rock and dave chappelle did a surprise stand-up set together this weekend

### Response:
",Yes
1,man who bought 34th anniversary reissue of fleetwood mac's 'rumours' feeling like real idiot after passing display for 35th anniversary edition,https://entertainment.theonion.com/man-who-bought-34th-anniversary-reissue-of-fleetwood-ma-1819574597,"Below is an instruction that describes a sentiment analysis task.

### Instruction:
Given the following text, please determine if it should be classified as funny or not funny. Base your classification on humor elements such as wit, irony, absurdity, or comedic timing.

### Input:
man who bought 34th anniversary reissue of fleetwood mac's 'rumours' feeling like real idiot after passing display for 35th anniversary edition

### Response:
",Yes
1,"thing distracting you from healthy, self-actualized lifestyle garners 240 emmy nominations",https://entertainment.theonion.com/thing-distracting-you-from-healthy-self-actualized-lif-1827557989,"Below is an instruction that describes a sentiment analysis task.

### Instruction:
Given the following text, please determine if it should be classified as funny or not funny. Base your classification on humor elements such as wit, irony, absurdity, or comedic timing.

### Input:
thing distracting you from healthy, self-actualized lifestyle garners 240 emmy nominations

### Response:
",Yes
1,helpful waitress asks recently seated couple if they've eaten food before,https://local.theonion.com/helpful-waitress-asks-recently-seated-couple-if-they-ve-1819577434,"Below is an instruction that describes a sentiment analysis task.

### Instruction:
Given the following text, please determine if it should be classified as funny or not funny. Base your classification on humor elements such as wit, irony, absurdity, or comedic timing.

### Input:
helpful waitress asks recently seated couple if they've eaten food before

### Response:
",Yes
0,twitter goes crazy after ugandan president museveni takes mysterious roadside call,https://www.huffingtonpost.com/entry/uganda-twitter-phone-call_us_5786670be4b03fc3ee4ec99d,"Below is an instruction that describes a sentiment analysis task.

### Instruction:
Given the following text, please determine if it should be classified as funny or not funny. Base your classification on humor elements such as wit, irony, absurdity, or comedic timing.

### Input:
twitter goes crazy after ugandan president museveni takes mysterious roadside call

### Response:
",Yes
1,what grieving widow needs is a day at the spa,https://www.theonion.com/what-grieving-widow-needs-is-a-day-at-the-spa-1819567327,"Below is an instruction that describes a sentiment analysis task.

### Instruction:
Given the following text, please determine if it should be classified as funny or not funny. Base your classification on humor elements such as wit, irony, absurdity, or comedic timing.

### Input:
what grieving widow needs is a day at the spa

### Response:
",Yes
1,few years in military would have really straightened out troubled teen killed on first tour of afghanistan,https://www.theonion.com/few-years-in-military-would-have-really-straightened-ou-1819573559,"Below is an instruction that describes a sentiment analysis task.

### Instruction:
Given the following text, please determine if it should be classified as funny or not funny. Base your classification on humor elements such as wit, irony, absurdity, or comedic timing.

### Input:
few years in military would have really straightened out troubled teen killed on first tour of afghanistan

### Response:
",Yes
1,wondrous world of fishes last checked out 4/17/67,https://local.theonion.com/wondrous-world-of-fishes-last-checked-out-4-17-67-1819565418,"Below is an instruction that describes a sentiment analysis task.

### Instruction:
Given the following text, please determine if it should be classified as funny or not funny. Base your classification on humor elements such as wit, irony, absurdity, or comedic timing.

### Input:
wondrous world of fishes last checked out 4/17/67

### Response:
",No
1,last civil war tortoise dies,https://www.theonion.com/last-civil-war-tortoise-dies-1819591564,"Below is an instruction that describes a sentiment analysis task.

### Instruction:
Given the following text, please determine if it should be classified as funny or not funny. Base your classification on humor elements such as wit, irony, absurdity, or comedic timing.

### Input:
last civil war tortoise dies

### Response:
",No
1,'the last jedi' footage reveals chewbacca balding since 'the force awakens',https://entertainment.theonion.com/the-last-jedi-footage-reveals-chewbacca-balding-since-1821330213,"Below is an instruction that describes a sentiment analysis task.

### Instruction:
Given the following text, please determine if it should be classified as funny or not funny. Base your classification on humor elements such as wit, irony, absurdity, or comedic timing.

### Input:
'the last jedi' footage reveals chewbacca balding since 'the force awakens'

### Response:
",Yes
0,north carolina community takes on anti-muslim activist,https://www.huffingtonpost.com/entry/north-carolina-community_b_10155638.html,"Below is an instruction that describes a sentiment analysis task.

### Instruction:
Given the following text, please determine if it should be classified as funny or not funny. Base your classification on humor elements such as wit, irony, absurdity, or comedic timing.

### Input:
north carolina community takes on anti-muslim activist

### Response:
",No
0,attention: sports fans!,https://www.huffingtonpost.com/entry/attention-sports-fans_b_6234746.html,"Below is an instruction that describes a sentiment analysis task.

### Instruction:
Given the following text, please determine if it should be classified as funny or not funny. Base your classification on humor elements such as wit, irony, absurdity, or comedic timing.

### Input:
attention: sports fans!

### Response:
",No
1,jfk jr. announces plans to run for best-dressed man in '98,https://www.theonion.com/jfk-jr-announces-plans-to-run-for-best-dressed-man-in-1819586344,"Below is an instruction that describes a sentiment analysis task.

### Instruction:
Given the following text, please determine if it should be classified as funny or not funny. Base your classification on humor elements such as wit, irony, absurdity, or comedic timing.

### Input:
jfk jr. announces plans to run for best-dressed man in '98

### Response:
",Yes
0,"man who awoke from coma just in time shares his story, urges us to 'find the miracle within'",https://www.huffingtonpost.com/entry/sam-schmid_n_5439751.html,"Below is an instruction that describes a sentiment analysis task.

### Instruction:
Given the following text, please determine if it should be classified as funny or not funny. Base your classification on humor elements such as wit, irony, absurdity, or comedic timing.

### Input:
man who awoke from coma just in time shares his story, urges us to 'find the miracle within'

### Response:
",Yes
0,toddler's walker gets a galactic makeover from all-star tattoo artist,https://www.huffingtonpost.com/entry/tattoo-artist-toddler-walker-iowa_us_56548f46e4b0258edb32fb19,"Below is an instruction that describes a sentiment analysis task.

### Instruction:
Given the following text, please determine if it should be classified as funny or not funny. Base your classification on humor elements such as wit, irony, absurdity, or comedic timing.

### Input:
toddler's walker gets a galactic makeover from all-star tattoo artist

### Response:
",No
0,family business,https://www.huffingtonpost.com/entry/obamacare-lgbt-enrollment_b_6564840.html,"Below is an instruction that describes a sentiment analysis task.

### Instruction:
Given the following text, please determine if it should be classified as funny or not funny. Base your classification on humor elements such as wit, irony, absurdity, or comedic timing.

### Input:
family business

### Response:
",No
1,direct marketer offended by term 'junk mail',https://www.theonion.com/direct-marketer-offended-by-term-junk-mail-1819565855,"Below is an instruction that describes a sentiment analysis task.

### Instruction:
Given the following text, please determine if it should be classified as funny or not funny. Base your classification on humor elements such as wit, irony, absurdity, or comedic timing.

### Input:
direct marketer offended by term 'junk mail'

### Response:
",No
0,quinoa black bean burger: layers of flavor and packed with protein,https://www.huffingtonpost.com/entry/quinoa-black-bean-burger-_b_6557154.html,"Below is an instruction that describes a sentiment analysis task.

### Instruction:
Given the following text, please determine if it should be classified as funny or not funny. Base your classification on humor elements such as wit, irony, absurdity, or comedic timing.

### Input:
quinoa black bean burger: layers of flavor and packed with protein

### Response:
",No
0,rep calls for more than 'moment of silence' in congress for charleston,https://www.huffingtonpost.com/entry/donna-edwards-charleston_n_7630900.html,"Below is an instruction that describes a sentiment analysis task.

### Instruction:
Given the following text, please determine if it should be classified as funny or not funny. Base your classification on humor elements such as wit, irony, absurdity, or comedic timing.

### Input:
rep calls for more than 'moment of silence' in congress for charleston

### Response:
",No
1,4th grader panics upon realizing classmate giving presentation had exact same summer as he did,https://local.theonion.com/4th-grader-panics-upon-realizing-classmate-giving-prese-1829199629,"Below is an instruction that describes a sentiment analysis task.

### Instruction:
Given the following text, please determine if it should be classified as funny or not funny. Base your classification on humor elements such as wit, irony, absurdity, or comedic timing.

### Input:
4th grader panics upon realizing classmate giving presentation had exact same summer as he did

### Response:
",Yes
1,quirky restaurant's bathroom had better fucking deliver,https://local.theonion.com/quirky-restaurant-s-bathroom-had-better-fucking-deliver-1819578220,"Below is an instruction that describes a sentiment analysis task.

### Instruction:
Given the following text, please determine if it should be classified as funny or not funny. Base your classification on humor elements such as wit, irony, absurdity, or comedic timing.

### Input:
quirky restaurant's bathroom had better fucking deliver

### Response:
",Yes
0,former priest convicted in decades-old beauty queen slaying,https://www.huffingtonpost.com/entry/john-feit-murder-beauty-queen-texas_us_5a2af935e4b073789f69b431,"Below is an instruction that describes a sentiment analysis task.

### Instruction:
Given the following text, please determine if it should be classified as funny or not funny. Base your classification on humor elements such as wit, irony, absurdity, or comedic timing.

### Input:
former priest convicted in decades-old beauty queen slaying

### Response:
",No
0,charlize theron makes a villain out of vin diesel in this 'fate of the furious' clip,https://www.huffingtonpost.com/entry/the-fate-of-the-furious-clip_us_58dcfb2de4b08194e3b78f6e,"Below is an instruction that describes a sentiment analysis task.

### Instruction:
Given the following text, please determine if it should be classified as funny or not funny. Base your classification on humor elements such as wit, irony, absurdity, or comedic timing.

### Input:
charlize theron makes a villain out of vin diesel in this 'fate of the furious' clip

### Response:
",No
0,aaron hernandez suicide highlights systemic problem in massachusetts jails and prisons,https://www.huffingtonpost.com/entry/aaron-hernandez-suicide-highlights-systemic-problem_us_58f79c6ee4b0f5cf16c7bb6b,"Below is an instruction that describes a sentiment analysis task.

### Instruction:
Given the following text, please determine if it should be classified as funny or not funny. Base your classification on humor elements such as wit, irony, absurdity, or comedic timing.

### Input:
aaron hernandez suicide highlights systemic problem in massachusetts jails and prisons

### Response:
",No
1,son in iraq or something,https://www.theonion.com/son-in-iraq-or-something-1819567033,"Below is an instruction that describes a sentiment analysis task.

### Instruction:
Given the following text, please determine if it should be classified as funny or not funny. Base your classification on humor elements such as wit, irony, absurdity, or comedic timing.

### Input:
son in iraq or something

### Response:
",No
1,brian williams retreats to mountainside hut to meditate on fickle nature of truth,https://www.theonion.com/brian-williams-retreats-to-mountainside-hut-to-meditate-1819577480,"Below is an instruction that describes a sentiment analysis task.

### Instruction:
Given the following text, please determine if it should be classified as funny or not funny. Base your classification on humor elements such as wit, irony, absurdity, or comedic timing.

### Input:
brian williams retreats to mountainside hut to meditate on fickle nature of truth

### Response:
",Yes
0,5 labor day escapes that are totally worth the money,https://www.huffingtonpost.com/entry/5-labor-day-escapes-that_b_5724698.html,"Below is an instruction that describes a sentiment analysis task.

### Instruction:
Given the following text, please determine if it should be classified as funny or not funny. Base your classification on humor elements such as wit, irony, absurdity, or comedic timing.

### Input:
5 labor day escapes that are totally worth the money

### Response:
",No
1,james dyson meets in secret with alien ambassador to receive technology for new hand dryer,https://www.theonion.com/james-dyson-meets-in-secret-with-alien-ambassador-to-re-1819579291,"Below is an instruction that describes a sentiment analysis task.

### Instruction:
Given the following text, please determine if it should be classified as funny or not funny. Base your classification on humor elements such as wit, irony, absurdity, or comedic timing.

### Input:
james dyson meets in secret with alien ambassador to receive technology for new hand dryer

### Response:
",Yes
0,chris christie says trump immigration order rollout was 'terrible',https://www.huffingtonpost.com/entry/chris-christie-trump-order_us_5890fc6ae4b0522c7d3dbc31,"Below is an instruction that describes a sentiment analysis task.

### Instruction:
Given the following text, please determine if it should be classified as funny or not funny. Base your classification on humor elements such as wit, irony, absurdity, or comedic timing.

### Input:
chris christie says trump immigration order rollout was 'terrible'

### Response:
",No
0,a second-by-second breakdown of sean spicer's holocaust comments,https://www.huffingtonpost.com/entry/sean-spicer-hitler-chemical-weapons_us_58ed281ce4b0ca64d919f762,"Below is an instruction that describes a sentiment analysis task.

### Instruction:
Given the following text, please determine if it should be classified as funny or not funny. Base your classification on humor elements such as wit, irony, absurdity, or comedic timing.

### Input:
a second-by-second breakdown of sean spicer's holocaust comments

### Response:
",Yes
1,"harper lee announces third novel, 'my excellent caretaker deserves my entire fortune'",https://entertainment.theonion.com/harper-lee-announces-third-novel-my-excellent-caretak-1819577999,"Below is an instruction that describes a sentiment analysis task.

### Instruction:
Given the following text, please determine if it should be classified as funny or not funny. Base your classification on humor elements such as wit, irony, absurdity, or comedic timing.

### Input:
harper lee announces third novel, 'my excellent caretaker deserves my entire fortune'

### Response:
",Yes
0,dnc chair debbie wasserman schultz is taking a ton of heat for helping payday lenders,https://www.huffingtonpost.com/entry/debbie-wasserman-schultz-payday-lenders_us_56e1a9d6e4b065e2e3d50764,"Below is an instruction that describes a sentiment analysis task.

### Instruction:
Given the following text, please determine if it should be classified as funny or not funny. Base your classification on humor elements such as wit, irony, absurdity, or comedic timing.

### Input:
dnc chair debbie wasserman schultz is taking a ton of heat for helping payday lenders

### Response:
",No
0,kesha's best revenge with 'praying' and 'woman' is her healing,https://www.huffingtonpost.com/entry/keshas-best-revenge-with-praying-and-woman-is_us_5968362de4b09e26b6d766e2,"Below is an instruction that describes a sentiment analysis task.

### Instruction:
Given the following text, please determine if it should be classified as funny or not funny. Base your classification on humor elements such as wit, irony, absurdity, or comedic timing.

### Input:
kesha's best revenge with 'praying' and 'woman' is her healing

### Response:
",No
0,alexa and google home record what you say. but what happens to that data?,https://www.huffingtonpost.com/entry/alexa-and-google-home-record-what-you-say-but-what_us_5845b645e4b0496fbcb0c2a6,"Below is an instruction that describes a sentiment analysis task.

### Instruction:
Given the following text, please determine if it should be classified as funny or not funny. Base your classification on humor elements such as wit, irony, absurdity, or comedic timing.

### Input:
alexa and google home record what you say. but what happens to that data?

### Response:
",Yes
0,wither the democrats?,https://www.huffingtonpost.com/entry/wither-the-democrats_us_5a006c89e4b04cdbeb34d796,"Below is an instruction that describes a sentiment analysis task.

### Instruction:
Given the following text, please determine if it should be classified as funny or not funny. Base your classification on humor elements such as wit, irony, absurdity, or comedic timing.

### Input:
wither the democrats?

### Response:
",No
1,goldman sachs announces they're blowing up a nursing home and there's nothing anyone can do about it,https://www.theonion.com/goldman-sachs-announces-they-re-blowing-up-a-nursing-ho-1819575473,"Below is an instruction that describes a sentiment analysis task.

### Instruction:
Given the following text, please determine if it should be classified as funny or not funny. Base your classification on humor elements such as wit, irony, absurdity, or comedic timing.

### Input:
goldman sachs announces they're blowing up a nursing home and there's nothing anyone can do about it

### Response:
",Yes
1,german auto engineer issued lab coat,https://www.theonion.com/german-auto-engineer-issued-lab-coat-1819565530,"Below is an instruction that describes a sentiment analysis task.

### Instruction:
Given the following text, please determine if it should be classified as funny or not funny. Base your classification on humor elements such as wit, irony, absurdity, or comedic timing.

### Input:
german auto engineer issued lab coat

### Response:
",No
0,cathedral moves sculpture because texters keep bumping into it,https://www.huffingtonpost.com/entry/salisbury-cathedral-sculpture-texters_us_56cc2579e4b041136f1836d2,"Below is an instruction that describes a sentiment analysis task.

### Instruction:
Given the following text, please determine if it should be classified as funny or not funny. Base your classification on humor elements such as wit, irony, absurdity, or comedic timing.

### Input:
cathedral moves sculpture because texters keep bumping into it

### Response:
",Yes
1,small-town residents come together for arby's raising,https://local.theonion.com/small-town-residents-come-together-for-arbys-raising-1819566827,"Below is an instruction that describes a sentiment analysis task.

### Instruction:
Given the following text, please determine if it should be classified as funny or not funny. Base your classification on humor elements such as wit, irony, absurdity, or comedic timing.

### Input:
small-town residents come together for arby's raising

### Response:
",No
0,jane fonda has no time for megyn kelly's questions about plastic surgery,https://www.huffingtonpost.com/entry/jane-fonda-has-no-time-for-megyn-kellys-questions-about-plastic-surgery_us_59cbcf95e4b053a9c2f5b875,"Below is an instruction that describes a sentiment analysis task.

### Instruction:
Given the following text, please determine if it should be classified as funny or not funny. Base your classification on humor elements such as wit, irony, absurdity, or comedic timing.

### Input:
jane fonda has no time for megyn kelly's questions about plastic surgery

### Response:
",No
1,buzz aldrin recalls how easy it was getting to the moon,https://www.theonion.com/buzz-aldrin-recalls-how-easy-it-was-getting-to-the-moon-1830025114,"Below is an instruction that describes a sentiment analysis task.

### Instruction:
Given the following text, please determine if it should be classified as funny or not funny. Base your classification on humor elements such as wit, irony, absurdity, or comedic timing.

### Input:
buzz aldrin recalls how easy it was getting to the moon

### Response:
",No
0,chief justice john roberts eulogizes antonin scalia as 'our man for all seasons',https://www.huffingtonpost.com/entry/john-roberts-antonin-scalia-eulogy_us_56cb465ee4b041136f17a788,"Below is an instruction that describes a sentiment analysis task.

### Instruction:
Given the following text, please determine if it should be classified as funny or not funny. Base your classification on humor elements such as wit, irony, absurdity, or comedic timing.

### Input:
chief justice john roberts eulogizes antonin scalia as 'our man for all seasons'

### Response:
",No
0,hurricane nicole wreaks havoc on bermuda,https://www.huffingtonpost.com/entry/hurricane-nicole-bermuda_us_5800473be4b0e8c198a74c21,"Below is an instruction that describes a sentiment analysis task.

### Instruction:
Given the following text, please determine if it should be classified as funny or not funny. Base your classification on humor elements such as wit, irony, absurdity, or comedic timing.

### Input:
hurricane nicole wreaks havoc on bermuda

### Response:
",No
1,michelle obama renovates van buren workout room,https://politics.theonion.com/michelle-obama-renovates-van-buren-workout-room-1819577613,"Below is an instruction that describes a sentiment analysis task.

### Instruction:
Given the following text, please determine if it should be classified as funny or not funny. Base your classification on humor elements such as wit, irony, absurdity, or comedic timing.

### Input:
michelle obama renovates van buren workout room

### Response:
",No
1,amount of water man just used to wash dish to be prize of hand-to-hand combat match in 2065,https://www.theonion.com/amount-of-water-man-just-used-to-wash-dish-to-be-prize-1819578198,"Below is an instruction that describes a sentiment analysis task.

### Instruction:
Given the following text, please determine if it should be classified as funny or not funny. Base your classification on humor elements such as wit, irony, absurdity, or comedic timing.

### Input:
amount of water man just used to wash dish to be prize of hand-to-hand combat match in 2065

### Response:
",Yes
1,taylor swift now in long-distance relationship with curiosity rover,https://entertainment.theonion.com/taylor-swift-now-in-long-distance-relationship-with-cur-1819575366,"Below is an instruction that describes a sentiment analysis task.

### Instruction:
Given the following text, please determine if it should be classified as funny or not funny. Base your classification on humor elements such as wit, irony, absurdity, or comedic timing.

### Input:
taylor swift now in long-distance relationship with curiosity rover

### Response:
",Yes
0,think going on a diet is harmless? think again.,https://www.huffingtonpost.com/entry/think-going-on-a-diet-is-harmless-think-again_us_58b4e0e5e4b0658fc20f998e,"Below is an instruction that describes a sentiment analysis task.

### Instruction:
Given the following text, please determine if it should be classified as funny or not funny. Base your classification on humor elements such as wit, irony, absurdity, or comedic timing.

### Input:
think going on a diet is harmless? think again.

### Response:
",Yes
1,sephora makeup artist helping woman create the perfect pink eye,https://local.theonion.com/sephora-makeup-artist-helping-woman-create-the-perfect-1826258294,"Below is an instruction that describes a sentiment analysis task.

### Instruction:
Given the following text, please determine if it should be classified as funny or not funny. Base your classification on humor elements such as wit, irony, absurdity, or comedic timing.

### Input:
sephora makeup artist helping woman create the perfect pink eye

### Response:
",No
1,"obama, romney urge americans to purchase 'the onion book of known knowledge'",https://politics.theonion.com/obama-romney-urge-americans-to-purchase-the-onion-book-1819574144,"Below is an instruction that describes a sentiment analysis task.

### Instruction:
Given the following text, please determine if it should be classified as funny or not funny. Base your classification on humor elements such as wit, irony, absurdity, or comedic timing.

### Input:
obama, romney urge americans to purchase 'the onion book of known knowledge'

### Response:
",Yes
0,cheetah print-wearing ali wong mini-me throws down on the dance floor,https://www.huffingtonpost.com/entry/ali-wong-mini-me-throws-down-on-the-dance-floor-in-comedians-signature-cheetah-print_us_5afb3760e4b0a59b4dfe5a16,"Below is an instruction that describes a sentiment analysis task.

### Instruction:
Given the following text, please determine if it should be classified as funny or not funny. Base your classification on humor elements such as wit, irony, absurdity, or comedic timing.

### Input:
cheetah print-wearing ali wong mini-me throws down on the dance floor

### Response:
",Yes
0,"uganda's president extends 30-year rule, detains rivals after election",https://www.huffingtonpost.com/entry/uganda-election-violence_us_56c88425e4b0ec6725e2c6f2,"Below is an instruction that describes a sentiment analysis task.

### Instruction:
Given the following text, please determine if it should be classified as funny or not funny. Base your classification on humor elements such as wit, irony, absurdity, or comedic timing.

### Input:
uganda's president extends 30-year rule, detains rivals after election

### Response:
",No
0,the black keys new album 'turn blue' is now available to stream in full,https://www.huffingtonpost.com/entry/the-black-keys-turn-blue_n_5272454.html,"Below is an instruction that describes a sentiment analysis task.

### Instruction:
Given the following text, please determine if it should be classified as funny or not funny. Base your classification on humor elements such as wit, irony, absurdity, or comedic timing.

### Input:
the black keys new album 'turn blue' is now available to stream in full

### Response:
",No
1,like boxes of shit in your house? get a cat,https://www.theonion.com/like-boxes-of-shit-in-your-house-get-a-cat-1819586403,"Below is an instruction that describes a sentiment analysis task.

### Instruction:
Given the following text, please determine if it should be classified as funny or not funny. Base your classification on humor elements such as wit, irony, absurdity, or comedic timing.

### Input:
like boxes of shit in your house? get a cat

### Response:
",Yes
0,the definitive list of men you'll find at whole foods,https://www.huffingtonpost.com/entry/the-definitive-list-of-men-youll-find-at-whole-foods_b_6699698.html,"Below is an instruction that describes a sentiment analysis task.

### Instruction:
Given the following text, please determine if it should be classified as funny or not funny. Base your classification on humor elements such as wit, irony, absurdity, or comedic timing.

### Input:
the definitive list of men you'll find at whole foods

### Response:
",Yes
0,video captures courthouse beating of inmate accused of killing chicago child,https://www.huffingtonpost.com/entry/chicago-accused-killer-beaten_us_58a7b234e4b037d17d2813e9,"Below is an instruction that describes a sentiment analysis task.

### Instruction:
Given the following text, please determine if it should be classified as funny or not funny. Base your classification on humor elements such as wit, irony, absurdity, or comedic timing.

### Input:
video captures courthouse beating of inmate accused of killing chicago child

### Response:
",No
1,report: antismoking group has never even tried cigarettes,https://www.theonion.com/report-antismoking-group-has-never-even-tried-cigarett-1819572234,"Below is an instruction that describes a sentiment analysis task.

### Instruction:
Given the following text, please determine if it should be classified as funny or not funny. Base your classification on humor elements such as wit, irony, absurdity, or comedic timing.

### Input:
report: antismoking group has never even tried cigarettes

### Response:
",No
1,queen elizabeth annoyed nude pictures of prince harry don't show anything good,https://www.theonion.com/queen-elizabeth-annoyed-nude-pictures-of-prince-harry-d-1819573796,"Below is an instruction that describes a sentiment analysis task.

### Instruction:
Given the following text, please determine if it should be classified as funny or not funny. Base your classification on humor elements such as wit, irony, absurdity, or comedic timing.

### Input:
queen elizabeth annoyed nude pictures of prince harry don't show anything good

### Response:
",Yes
1,new 'steak & onion' potato chips taste disturbingly like steak and onions,https://www.theonion.com/new-steak-onion-potato-chips-taste-disturbingly-like-1819565346,"Below is an instruction that describes a sentiment analysis task.

### Instruction:
Given the following text, please determine if it should be classified as funny or not funny. Base your classification on humor elements such as wit, irony, absurdity, or comedic timing.

### Input:
new 'steak & onion' potato chips taste disturbingly like steak and onions

### Response:
",Yes
1,exxon donates $70 million to clean up portland man's life,https://www.theonion.com/exxon-donates-70-million-to-clean-up-portland-mans-lif-1819564502,"Below is an instruction that describes a sentiment analysis task.

### Instruction:
Given the following text, please determine if it should be classified as funny or not funny. Base your classification on humor elements such as wit, irony, absurdity, or comedic timing.

### Input:
exxon donates $70 million to clean up portland man's life

### Response:
",Yes
1,facebook status update field dreading what area man about to type into it,https://www.theonion.com/facebook-status-update-field-dreading-what-area-man-abo-1819579016,"Below is an instruction that describes a sentiment analysis task.

### Instruction:
Given the following text, please determine if it should be classified as funny or not funny. Base your classification on humor elements such as wit, irony, absurdity, or comedic timing.

### Input:
facebook status update field dreading what area man about to type into it

### Response:
",Yes
0,"man robbed own grandmother, forced her to drink alcohol: police",https://www.huffingtonpost.com/entry/richard-alexander-coleman_n_6826100.html,"Below is an instruction that describes a sentiment analysis task.

### Instruction:
Given the following text, please determine if it should be classified as funny or not funny. Base your classification on humor elements such as wit, irony, absurdity, or comedic timing.

### Input:
man robbed own grandmother, forced her to drink alcohol: police

### Response:
",No
1,threat level downgraded as insect revealed to be ladybug,https://local.theonion.com/threat-level-downgraded-as-insect-revealed-to-be-ladybu-1819592885,"Below is an instruction that describes a sentiment analysis task.

### Instruction:
Given the following text, please determine if it should be classified as funny or not funny. Base your classification on humor elements such as wit, irony, absurdity, or comedic timing.

### Input:
threat level downgraded as insect revealed to be ladybug

### Response:
",Yes
0,do serving sizes impact how much you eat?,https://www.huffingtonpost.com/entry/do-serving-sizes-impact-h_b_5614993.html,"Below is an instruction that describes a sentiment analysis task.

### Instruction:
Given the following text, please determine if it should be classified as funny or not funny. Base your classification on humor elements such as wit, irony, absurdity, or comedic timing.

### Input:
do serving sizes impact how much you eat?

### Response:
",No
1,man dives haphazardly into conversation like wounded osprey,https://local.theonion.com/man-dives-haphazardly-into-conversation-like-wounded-os-1819570275,"Below is an instruction that describes a sentiment analysis task.

### Instruction:
Given the following text, please determine if it should be classified as funny or not funny. Base your classification on humor elements such as wit, irony, absurdity, or comedic timing.

### Input:
man dives haphazardly into conversation like wounded osprey

### Response:
",No
1,whitey bulger verdict interrupted by ben affleck shouting commands from director's chair in balcony,https://www.theonion.com/whitey-bulger-verdict-interrupted-by-ben-affleck-shouti-1819575418,"Below is an instruction that describes a sentiment analysis task.

### Instruction:
Given the following text, please determine if it should be classified as funny or not funny. Base your classification on humor elements such as wit, irony, absurdity, or comedic timing.

### Input:
whitey bulger verdict interrupted by ben affleck shouting commands from director's chair in balcony

### Response:
",Yes
1,coach angry every player gets a trophy,https://sports.theonion.com/coach-angry-every-player-gets-a-trophy-1819587627,"Below is an instruction that describes a sentiment analysis task.

### Instruction:
Given the following text, please determine if it should be classified as funny or not funny. Base your classification on humor elements such as wit, irony, absurdity, or comedic timing.

### Input:
coach angry every player gets a trophy

### Response:
",Yes
1,"'we must restore rule of law,' says trump as aides pass out revolvers to audience",https://politics.theonion.com/we-must-restore-rule-of-law-says-trump-as-aides-pass-1822564037,"Below is an instruction that describes a sentiment analysis task.

### Instruction:
Given the following text, please determine if it should be classified as funny or not funny. Base your classification on humor elements such as wit, irony, absurdity, or comedic timing.

### Input:
'we must restore rule of law,' says trump as aides pass out revolvers to audience

### Response:
",Yes
0,poll worker injured by trump sign booby-trapped with razor blades,https://www.huffingtonpost.com/entry/trump-sign-booby-trapped-box-cutter_us_581a786de4b0c43e6c1df3e5,"Below is an instruction that describes a sentiment analysis task.

### Instruction:
Given the following text, please determine if it should be classified as funny or not funny. Base your classification on humor elements such as wit, irony, absurdity, or comedic timing.

### Input:
poll worker injured by trump sign booby-trapped with razor blades

### Response:
",Yes
0,these latinos' reactions to 'coco' prove representation matters,https://www.huffingtonpost.com/entry/latinos-react-to-coco-representation_us_5a2adb39e4b073789f697289,"Below is an instruction that describes a sentiment analysis task.

### Instruction:
Given the following text, please determine if it should be classified as funny or not funny. Base your classification on humor elements such as wit, irony, absurdity, or comedic timing.

### Input:
these latinos' reactions to 'coco' prove representation matters

### Response:
",No
0,donald trump: pulse attack 'wouldn't have happened' if 1 person had been armed,https://www.huffingtonpost.com/entry/donald-trump-pulse-shooting-gun-violence_us_5a981984e4b0e6a523058bb7,"Below is an instruction that describes a sentiment analysis task.

### Instruction:
Given the following text, please determine if it should be classified as funny or not funny. Base your classification on humor elements such as wit, irony, absurdity, or comedic timing.

### Input:
donald trump: pulse attack 'wouldn't have happened' if 1 person had been armed

### Response:
",No
1,family has strict no smartphone rule while eating dinner in front of tv,https://www.theonion.com/family-has-strict-no-smartphone-rule-while-eating-dinne-1819577215,"Below is an instruction that describes a sentiment analysis task.

### Instruction:
Given the following text, please determine if it should be classified as funny or not funny. Base your classification on humor elements such as wit, irony, absurdity, or comedic timing.

### Input:
family has strict no smartphone rule while eating dinner in front of tv

### Response:
",Yes
1,"nation dutifully gets in cars, stands in line, watches new star wars movie",https://entertainment.theonion.com/nation-dutifully-gets-in-cars-stands-in-line-watches-1821332268,"Below is an instruction that describes a sentiment analysis task.

### Instruction:
Given the following text, please determine if it should be classified as funny or not funny. Base your classification on humor elements such as wit, irony, absurdity, or comedic timing.

### Input:
nation dutifully gets in cars, stands in line, watches new star wars movie

### Response:
",Yes
1,hubble telescope discovers giant amelia earhart statue on distant planet,https://www.theonion.com/hubble-telescope-discovers-giant-amelia-earhart-statue-1819592315,"Below is an instruction that describes a sentiment analysis task.

### Instruction:
Given the following text, please determine if it should be classified as funny or not funny. Base your classification on humor elements such as wit, irony, absurdity, or comedic timing.

### Input:
hubble telescope discovers giant amelia earhart statue on distant planet

### Response:
",Yes
1,report: rash not going away on its own,https://local.theonion.com/report-rash-not-going-away-on-its-own-1830098808,"Below is an instruction that describes a sentiment analysis task.

### Instruction:
Given the following text, please determine if it should be classified as funny or not funny. Base your classification on humor elements such as wit, irony, absurdity, or comedic timing.

### Input:
report: rash not going away on its own

### Response:
",No
1,economy of vacation town apparently entirely run by overwhelmed high schoolers,https://www.theonion.com/economy-of-vacation-town-apparently-entirely-run-by-ove-1819580205,"Below is an instruction that describes a sentiment analysis task.

### Instruction:
Given the following text, please determine if it should be classified as funny or not funny. Base your classification on humor elements such as wit, irony, absurdity, or comedic timing.

### Input:
economy of vacation town apparently entirely run by overwhelmed high schoolers

### Response:
",Yes
1,headline about so-called lobsterman extremely misleading,https://www.theonion.com/headline-about-so-called-lobsterman-extremely-misleadin-1819575411,"Below is an instruction that describes a sentiment analysis task.

### Instruction:
Given the following text, please determine if it should be classified as funny or not funny. Base your classification on humor elements such as wit, irony, absurdity, or comedic timing.

### Input:
headline about so-called lobsterman extremely misleading

### Response:
",No
0,this lady gaga parody gives a 'million reasons' why 2016 really sucked,https://www.huffingtonpost.com/entry/this-lady-gaga-parody-gives-a-million-reasons-why-2016-really-sucked_us_58642cf6e4b0d9a5945a024d,"Below is an instruction that describes a sentiment analysis task.

### Instruction:
Given the following text, please determine if it should be classified as funny or not funny. Base your classification on humor elements such as wit, irony, absurdity, or comedic timing.

### Input:
this lady gaga parody gives a 'million reasons' why 2016 really sucked

### Response:
",Yes
1,plot of 'midnight run' described at length to therapist,https://entertainment.theonion.com/plot-of-midnight-run-described-at-length-to-therapist-1819571727,"Below is an instruction that describes a sentiment analysis task.

### Instruction:
Given the following text, please determine if it should be classified as funny or not funny. Base your classification on humor elements such as wit, irony, absurdity, or comedic timing.

### Input:
plot of 'midnight run' described at length to therapist

### Response:
",Yes
0,russian nuclear submarine catches fire in shipyard,https://www.huffingtonpost.com/entry/russia-submarine-fire_n_7016848.html,"Below is an instruction that describes a sentiment analysis task.

### Instruction:
Given the following text, please determine if it should be classified as funny or not funny. Base your classification on humor elements such as wit, irony, absurdity, or comedic timing.

### Input:
russian nuclear submarine catches fire in shipyard

### Response:
",No
0,"facing rising seas, remote alaskan village votes to move (again)",https://www.huffingtonpost.com/entry/shishmaref-alaska-relocation-vote-2016_us_57b4faa7e4b095b2f5427b1b,"Below is an instruction that describes a sentiment analysis task.

### Instruction:
Given the following text, please determine if it should be classified as funny or not funny. Base your classification on humor elements such as wit, irony, absurdity, or comedic timing.

### Input:
facing rising seas, remote alaskan village votes to move (again)

### Response:
",No
0,el evo ya no es pueblo,https://www.huffingtonpost.com/entry/el-evo-ya-no-es-pueblo_b_13920952.html,"Below is an instruction that describes a sentiment analysis task.

### Instruction:
Given the following text, please determine if it should be classified as funny or not funny. Base your classification on humor elements such as wit, irony, absurdity, or comedic timing.

### Input:
el evo ya no es pueblo

### Response:
",No
0,praise the lord or praise the person?,https://www.huffingtonpost.com/entry/praise-the-lord-or-praise_b_5959672.html,"Below is an instruction that describes a sentiment analysis task.

### Instruction:
Given the following text, please determine if it should be classified as funny or not funny. Base your classification on humor elements such as wit, irony, absurdity, or comedic timing.

### Input:
praise the lord or praise the person?

### Response:
",No
0,pamela geller and the professional islamophobia business,https://www.huffingtonpost.com/entry/pamela-geller-and-the-pro_b_7218446.html,"Below is an instruction that describes a sentiment analysis task.

### Instruction:
Given the following text, please determine if it should be classified as funny or not funny. Base your classification on humor elements such as wit, irony, absurdity, or comedic timing.

### Input:
pamela geller and the professional islamophobia business

### Response:
",No
0,"scott walker's terrible, no good, very bad week",https://www.huffingtonpost.com/entry/scott-walker-liz-mair_n_6901674.html,"Below is an instruction that describes a sentiment analysis task.

### Instruction:
Given the following text, please determine if it should be classified as funny or not funny. Base your classification on humor elements such as wit, irony, absurdity, or comedic timing.

### Input:
scott walker's terrible, no good, very bad week

### Response:
",Yes
0,4 things you need to know about the latest jobs report,https://www.huffingtonpost.com/entry/jobs-report-february-2016_us_56d9830ce4b0ffe6f8e8f349,"Below is an instruction that describes a sentiment analysis task.

### Instruction:
Given the following text, please determine if it should be classified as funny or not funny. Base your classification on humor elements such as wit, irony, absurdity, or comedic timing.

### Input:
4 things you need to know about the latest jobs report

### Response:
",No
1,"obama's record-breaking fundraising effort bankrupting npr, world wildlife fund, aclu",https://politics.theonion.com/obamas-record-breaking-fundraising-effort-bankrupting-n-1819570329,"Below is an instruction that describes a sentiment analysis task.

### Instruction:
Given the following text, please determine if it should be classified as funny or not funny. Base your classification on humor elements such as wit, irony, absurdity, or comedic timing.

### Input:
obama's record-breaking fundraising effort bankrupting npr, world wildlife fund, aclu

### Response:
",Yes
0,the democratic presidential candidates meet again at a forum in iowa,https://www.huffingtonpost.com/entry/iowa-brown-and-black-forum_us_569421ede4b086bc1cd4d7f2,"Below is an instruction that describes a sentiment analysis task.

### Instruction:
Given the following text, please determine if it should be classified as funny or not funny. Base your classification on humor elements such as wit, irony, absurdity, or comedic timing.

### Input:
the democratic presidential candidates meet again at a forum in iowa

### Response:
",No
0,britney spears soaks up the sun in tiny yellow bikini,https://www.huffingtonpost.com/entry/britney-spears-soaks-up-the-sun-in-tiny-yellow-bikini_us_56efe4d2e4b084c67220bbba,"Below is an instruction that describes a sentiment analysis task.

### Instruction:
Given the following text, please determine if it should be classified as funny or not funny. Base your classification on humor elements such as wit, irony, absurdity, or comedic timing.

### Input:
britney spears soaks up the sun in tiny yellow bikini

### Response:
",No
0,nbc news correspondent ayman mohyeldin returning to gaza,https://www.huffingtonpost.com/entry/nbc-ayman-mohyeldin-return-to-gaza_n_5601145.html,"Below is an instruction that describes a sentiment analysis task.

### Instruction:
Given the following text, please determine if it should be classified as funny or not funny. Base your classification on humor elements such as wit, irony, absurdity, or comedic timing.

### Input:
nbc news correspondent ayman mohyeldin returning to gaza

### Response:
",No
1,bruce vilanch sodomized by homosexual,https://www.theonion.com/bruce-vilanch-sodomized-by-homosexual-1819565988,"Below is an instruction that describes a sentiment analysis task.

### Instruction:
Given the following text, please determine if it should be classified as funny or not funny. Base your classification on humor elements such as wit, irony, absurdity, or comedic timing.

### Input:
bruce vilanch sodomized by homosexual

### Response:
",Yes
1,lingerie-wearing boehner: 'we still have a very pretty speaker of the house',https://politics.theonion.com/lingerie-wearing-boehner-we-still-have-a-very-pretty-s-1819590107,"Below is an instruction that describes a sentiment analysis task.

### Instruction:
Given the following text, please determine if it should be classified as funny or not funny. Base your classification on humor elements such as wit, irony, absurdity, or comedic timing.

### Input:
lingerie-wearing boehner: 'we still have a very pretty speaker of the house'

### Response:
",Yes
1,computer being stupid,https://www.theonion.com/computer-being-stupid-1819569729,"Below is an instruction that describes a sentiment analysis task.

### Instruction:
Given the following text, please determine if it should be classified as funny or not funny. Base your classification on humor elements such as wit, irony, absurdity, or comedic timing.

### Input:
computer being stupid

### Response:
",Yes
1,warranty outlasts company,https://www.theonion.com/warranty-outlasts-company-1819566334,"Below is an instruction that describes a sentiment analysis task.

### Instruction:
Given the following text, please determine if it should be classified as funny or not funny. Base your classification on humor elements such as wit, irony, absurdity, or comedic timing.

### Input:
warranty outlasts company

### Response:
",No
1,"'no, take jeb instead,' screams george w. bush while shoving brother into father's grave",https://politics.theonion.com/no-take-jeb-instead-screams-george-w-bush-while-sh-1830913530,"Below is an instruction that describes a sentiment analysis task.

### Instruction:
Given the following text, please determine if it should be classified as funny or not funny. Base your classification on humor elements such as wit, irony, absurdity, or comedic timing.

### Input:
'no, take jeb instead,' screams george w. bush while shoving brother into father's grave

### Response:
",Yes
0,how repealing obamacare will hit the lgbt community extra-hard,https://www.huffingtonpost.com/entry/how-obamacare-repeal-will-hit-the-lgbt-community-extra_us_588b6c21e4b0020b224b43d7,"Below is an instruction that describes a sentiment analysis task.

### Instruction:
Given the following text, please determine if it should be classified as funny or not funny. Base your classification on humor elements such as wit, irony, absurdity, or comedic timing.

### Input:
how repealing obamacare will hit the lgbt community extra-hard

### Response:
",No
0,"black and blue: on being black, female and depressed",https://www.huffingtonpost.com/entry/black-women-depression_b_5227546.html,"Below is an instruction that describes a sentiment analysis task.

### Instruction:
Given the following text, please determine if it should be classified as funny or not funny. Base your classification on humor elements such as wit, irony, absurdity, or comedic timing.

### Input:
black and blue: on being black, female and depressed

### Response:
",No
0,3 numbers that say a lot about donald trump,https://www.huffingtonpost.com/entry/trump-by-the-numbers_us_576c3d72e4b017b379f55015,"Below is an instruction that describes a sentiment analysis task.

### Instruction:
Given the following text, please determine if it should be classified as funny or not funny. Base your classification on humor elements such as wit, irony, absurdity, or comedic timing.

### Input:
3 numbers that say a lot about donald trump

### Response:
",No
1,"fear of being alone, ticking biological clock wed in beautiful outdoor ceremony",https://www.theonion.com/fear-of-being-alone-ticking-biological-clock-wed-in-be-1819590734,"Below is an instruction that describes a sentiment analysis task.

### Instruction:
Given the following text, please determine if it should be classified as funny or not funny. Base your classification on humor elements such as wit, irony, absurdity, or comedic timing.

### Input:
fear of being alone, ticking biological clock wed in beautiful outdoor ceremony

### Response:
",Yes
0,"being a facebook wallflower isn't good for you, the social site says",https://www.huffingtonpost.com/entry/facebook-passive-use_us_5a34517ae4b040881beaae39,"Below is an instruction that describes a sentiment analysis task.

### Instruction:
Given the following text, please determine if it should be classified as funny or not funny. Base your classification on humor elements such as wit, irony, absurdity, or comedic timing.

### Input:
being a facebook wallflower isn't good for you, the social site says

### Response:
",No
0,lady gaga belts out the national anthem at super bowl 50,https://www.huffingtonpost.com/entry/lady-gaga-national-anthem-super-bowl_us_56b7c627e4b01d80b246bb3c,"Below is an instruction that describes a sentiment analysis task.

### Instruction:
Given the following text, please determine if it should be classified as funny or not funny. Base your classification on humor elements such as wit, irony, absurdity, or comedic timing.

### Input:
lady gaga belts out the national anthem at super bowl 50

### Response:
",No
0,ferguson shop owner 'overwhelmed' by community support after looting,https://www.huffingtonpost.com/entry/ferguson-looting_n_5684465.html,"Below is an instruction that describes a sentiment analysis task.

### Instruction:
Given the following text, please determine if it should be classified as funny or not funny. Base your classification on humor elements such as wit, irony, absurdity, or comedic timing.

### Input:
ferguson shop owner 'overwhelmed' by community support after looting

### Response:
",No
0,the top 10 wedding planning myths,https://www.huffingtonpost.com/entry/top-10-wedding-planning-m_1_b_6479404.html,"Below is an instruction that describes a sentiment analysis task.

### Instruction:
Given the following text, please determine if it should be classified as funny or not funny. Base your classification on humor elements such as wit, irony, absurdity, or comedic timing.

### Input:
the top 10 wedding planning myths

### Response:
",No
1,fleshlighthouse guides weary sailors home to realistic vaginal texture,https://www.theonion.com/fleshlighthouse-guides-weary-sailors-home-to-realistic-1819591744,"Below is an instruction that describes a sentiment analysis task.

### Instruction:
Given the following text, please determine if it should be classified as funny or not funny. Base your classification on humor elements such as wit, irony, absurdity, or comedic timing.

### Input:
fleshlighthouse guides weary sailors home to realistic vaginal texture

### Response:
",Yes
1,coworker most valuable to office when he fails to show up,https://www.theonion.com/coworker-most-valuable-to-office-when-he-fails-to-show-1819568459,"Below is an instruction that describes a sentiment analysis task.

### Instruction:
Given the following text, please determine if it should be classified as funny or not funny. Base your classification on humor elements such as wit, irony, absurdity, or comedic timing.

### Input:
coworker most valuable to office when he fails to show up

### Response:
",Yes
0,how depression inspired this woman's career choice,https://www.huffingtonpost.com/entry/how-depression-inspired-to-be-a-therapist_n_5701548.html,"Below is an instruction that describes a sentiment analysis task.

### Instruction:
Given the following text, please determine if it should be classified as funny or not funny. Base your classification on humor elements such as wit, irony, absurdity, or comedic timing.

### Input:
how depression inspired this woman's career choice

### Response:
",No
0,"north korea executes vice premier for not sitting up straight, south korea says",https://www.huffingtonpost.com/entry/north-korea-executes-vice-premier-for-not-sitting-up-straight_us_57c6c7d8e4b0e60d31dc3939,"Below is an instruction that describes a sentiment analysis task.

### Instruction:
Given the following text, please determine if it should be classified as funny or not funny. Base your classification on humor elements such as wit, irony, absurdity, or comedic timing.

### Input:
north korea executes vice premier for not sitting up straight, south korea says

### Response:
",Yes
0,how to actually get a bartender's attention,https://www.huffingtonpost.com/entry/how-to-get-a-bartenders-attention_us_5a55372ce4b0b117f88041e3,"Below is an instruction that describes a sentiment analysis task.

### Instruction:
Given the following text, please determine if it should be classified as funny or not funny. Base your classification on humor elements such as wit, irony, absurdity, or comedic timing.

### Input:
how to actually get a bartender's attention

### Response:
",Yes
1,hillary clinton to nation: 'do not fuck this up for me',https://politics.theonion.com/hillary-clinton-to-nation-do-not-fuck-this-up-for-me-1819577688,"Below is an instruction that describes a sentiment analysis task.

### Instruction:
Given the following text, please determine if it should be classified as funny or not funny. Base your classification on humor elements such as wit, irony, absurdity, or comedic timing.

### Input:
hillary clinton to nation: 'do not fuck this up for me'

### Response:
",Yes
0,bernie sanders holds back tears as brother memorializes their parents during dnc vote,https://www.huffingtonpost.com/entry/larry-sanders-bernie-convention-dnc-vote_us_5797db4de4b01180b530b810,"Below is an instruction that describes a sentiment analysis task.

### Instruction:
Given the following text, please determine if it should be classified as funny or not funny. Base your classification on humor elements such as wit, irony, absurdity, or comedic timing.

### Input:
bernie sanders holds back tears as brother memorializes their parents during dnc vote

### Response:
",No
0,my white inheritance,https://www.huffingtonpost.com/entry/my-white-inheritance_us_59230747e4b07617ae4cbe1a,"Below is an instruction that describes a sentiment analysis task.

### Instruction:
Given the following text, please determine if it should be classified as funny or not funny. Base your classification on humor elements such as wit, irony, absurdity, or comedic timing.

### Input:
my white inheritance

### Response:
",No
1,curiosity rover frantically driving around mars to make it look like it's been busy before new spacecraft arrives,https://www.theonion.com/curiosity-rover-frantically-driving-around-mars-to-make-1825831625,"Below is an instruction that describes a sentiment analysis task.

### Instruction:
Given the following text, please determine if it should be classified as funny or not funny. Base your classification on humor elements such as wit, irony, absurdity, or comedic timing.

### Input:
curiosity rover frantically driving around mars to make it look like it's been busy before new spacecraft arrives

### Response:
",Yes
1,lone superdelegate voting for martin o'malley feels like total fucking idiot,https://politics.theonion.com/lone-superdelegate-voting-for-martin-o-malley-feels-lik-1819579061,"Below is an instruction that describes a sentiment analysis task.

### Instruction:
Given the following text, please determine if it should be classified as funny or not funny. Base your classification on humor elements such as wit, irony, absurdity, or comedic timing.

### Input:
lone superdelegate voting for martin o'malley feels like total fucking idiot

### Response:
",Yes
1,length of relationship mistaken for quality of relationship,https://local.theonion.com/length-of-relationship-mistaken-for-quality-of-relation-1819575610,"Below is an instruction that describes a sentiment analysis task.

### Instruction:
Given the following text, please determine if it should be classified as funny or not funny. Base your classification on humor elements such as wit, irony, absurdity, or comedic timing.

### Input:
length of relationship mistaken for quality of relationship

### Response:
",Yes
1,neighborhood has gotten a lot safer since mayor vanquished fire troll,https://local.theonion.com/neighborhood-has-gotten-a-lot-safer-since-mayor-vanquis-1819576110,"Below is an instruction that describes a sentiment analysis task.

### Instruction:
Given the following text, please determine if it should be classified as funny or not funny. Base your classification on humor elements such as wit, irony, absurdity, or comedic timing.

### Input:
neighborhood has gotten a lot safer since mayor vanquished fire troll

### Response:
",Yes
0,british singer and tv host cilla black dies at 72,https://www.huffingtonpost.com/entry/cilla-black-dies-at-72_us_55be3f93e4b0d4f33a03217f,"Below is an instruction that describes a sentiment analysis task.

### Instruction:
Given the following text, please determine if it should be classified as funny or not funny. Base your classification on humor elements such as wit, irony, absurdity, or comedic timing.

### Input:
british singer and tv host cilla black dies at 72

### Response:
",No
1,physics t.a. not born in u.s.,https://www.theonion.com/physics-t-a-not-born-in-u-s-1819564011,"Below is an instruction that describes a sentiment analysis task.

### Instruction:
Given the following text, please determine if it should be classified as funny or not funny. Base your classification on humor elements such as wit, irony, absurdity, or comedic timing.

### Input:
physics t.a. not born in u.s.

### Response:
",Yes
0,barry jenkins quietly makes history with oscar nomination trifecta,https://www.huffingtonpost.com/entry/barry-jenkins-oscar-nominations_us_58875de7e4b0e3a7356bb123,"Below is an instruction that describes a sentiment analysis task.

### Instruction:
Given the following text, please determine if it should be classified as funny or not funny. Base your classification on humor elements such as wit, irony, absurdity, or comedic timing.

### Input:
barry jenkins quietly makes history with oscar nomination trifecta

### Response:
",No
0,obama encourages staff to 'stay on offense' in final year,https://www.huffingtonpost.com/entry/obama-last-year_us_56813967e4b06fa68880888f,"Below is an instruction that describes a sentiment analysis task.

### Instruction:
Given the following text, please determine if it should be classified as funny or not funny. Base your classification on humor elements such as wit, irony, absurdity, or comedic timing.

### Input:
obama encourages staff to 'stay on offense' in final year

### Response:
",No
0,'draft biden' effort debuts its first tv ad,https://www.huffingtonpost.comhttp://www.politico.com/story/2015/10/draft-joe-biden-2016-first-ad-214497,"Below is an instruction that describes a sentiment analysis task.

### Instruction:
Given the following text, please determine if it should be classified as funny or not funny. Base your classification on humor elements such as wit, irony, absurdity, or comedic timing.

### Input:
'draft biden' effort debuts its first tv ad

### Response:
",No
0,soccer and the supporter-built spirit,https://www.huffingtonpost.com/entry/supporter-built-spirit_us_58574bb9e4b0d5f48e16510e,"Below is an instruction that describes a sentiment analysis task.

### Instruction:
Given the following text, please determine if it should be classified as funny or not funny. Base your classification on humor elements such as wit, irony, absurdity, or comedic timing.

### Input:
soccer and the supporter-built spirit

### Response:
",No
1,soccer mom to suck off world's greatest dad,https://local.theonion.com/soccer-mom-to-suck-off-worlds-greatest-dad-1819586728,"Below is an instruction that describes a sentiment analysis task.

### Instruction:
Given the following text, please determine if it should be classified as funny or not funny. Base your classification on humor elements such as wit, irony, absurdity, or comedic timing.

### Input:
soccer mom to suck off world's greatest dad

### Response:
",Yes
1,woman unaware she's only person on acid at james taylor concert,https://entertainment.theonion.com/woman-unaware-shes-only-person-on-acid-at-james-taylor-1819591459,"Below is an instruction that describes a sentiment analysis task.

### Instruction:
Given the following text, please determine if it should be classified as funny or not funny. Base your classification on humor elements such as wit, irony, absurdity, or comedic timing.

### Input:
woman unaware she's only person on acid at james taylor concert

### Response:
",Yes
1,general mills releases new lucky charms with 15 percent less leprechaun meat,https://www.theonion.com/general-mills-releases-new-lucky-charms-with-15-percent-1819572974,"Below is an instruction that describes a sentiment analysis task.

### Instruction:
Given the following text, please determine if it should be classified as funny or not funny. Base your classification on humor elements such as wit, irony, absurdity, or comedic timing.

### Input:
general mills releases new lucky charms with 15 percent less leprechaun meat

### Response:
",Yes
1,mother's day card mailed,https://local.theonion.com/mothers-day-card-mailed-1826009001,"Below is an instruction that describes a sentiment analysis task.

### Instruction:
Given the following text, please determine if it should be classified as funny or not funny. Base your classification on humor elements such as wit, irony, absurdity, or comedic timing.

### Input:
mother's day card mailed

### Response:
",No
1,congress can't remember last time it got together and legislated like this,https://politics.theonion.com/congress-cant-remember-last-time-it-got-together-and-le-1819570252,"Below is an instruction that describes a sentiment analysis task.

### Instruction:
Given the following text, please determine if it should be classified as funny or not funny. Base your classification on humor elements such as wit, irony, absurdity, or comedic timing.

### Input:
congress can't remember last time it got together and legislated like this

### Response:
",Yes
1,spooked rubio staffers drive slowly past abandoned jeb bush campaign headquarters,https://politics.theonion.com/spooked-rubio-staffers-drive-slowly-past-abandoned-jeb-1819578648,"Below is an instruction that describes a sentiment analysis task.

### Instruction:
Given the following text, please determine if it should be classified as funny or not funny. Base your classification on humor elements such as wit, irony, absurdity, or comedic timing.

### Input:
spooked rubio staffers drive slowly past abandoned jeb bush campaign headquarters

### Response:
",Yes
1,billy ray cyrus to speak out on single-payer health-care issue on politically incorrect,https://entertainment.theonion.com/billy-ray-cyrus-to-speak-out-on-single-payer-health-car-1819564968,"Below is an instruction that describes a sentiment analysis task.

### Instruction:
Given the following text, please determine if it should be classified as funny or not funny. Base your classification on humor elements such as wit, irony, absurdity, or comedic timing.

### Input:
billy ray cyrus to speak out on single-payer health-care issue on politically incorrect

### Response:
",No
0,rachel maddow blasts benghazi committee as a 'hilarious partisan joke',https://www.huffingtonpost.com/entry/rachel-maddow-benghazi_us_562a28b9e4b0ec0a389404c5,"Below is an instruction that describes a sentiment analysis task.

### Instruction:
Given the following text, please determine if it should be classified as funny or not funny. Base your classification on humor elements such as wit, irony, absurdity, or comedic timing.

### Input:
rachel maddow blasts benghazi committee as a 'hilarious partisan joke'

### Response:
",No
1,rookie told to ease up on crime-scene tape,https://local.theonion.com/rookie-told-to-ease-up-on-crime-scene-tape-1819588406,"Below is an instruction that describes a sentiment analysis task.

### Instruction:
Given the following text, please determine if it should be classified as funny or not funny. Base your classification on humor elements such as wit, irony, absurdity, or comedic timing.

### Input:
rookie told to ease up on crime-scene tape

### Response:
",No
0,arkansas begins listing some same-sex parents on birth certificates,https://www.huffingtonpost.com/entry/arkansas-same-sex-birth-certificates_us_56623191e4b08e945fefb353,"Below is an instruction that describes a sentiment analysis task.

### Instruction:
Given the following text, please determine if it should be classified as funny or not funny. Base your classification on humor elements such as wit, irony, absurdity, or comedic timing.

### Input:
arkansas begins listing some same-sex parents on birth certificates

### Response:
",No
1,man given 3 months to live throws in one or two non-sexual things to do,https://local.theonion.com/man-given-3-months-to-live-throws-in-one-or-two-non-sex-1819576932,"Below is an instruction that describes a sentiment analysis task.

### Instruction:
Given the following text, please determine if it should be classified as funny or not funny. Base your classification on humor elements such as wit, irony, absurdity, or comedic timing.

### Input:
man given 3 months to live throws in one or two non-sexual things to do

### Response:
",Yes
0,"american sniper screenwriter jason hall on screenwriting, war movies and being nominated for an oscar",https://www.huffingtonpost.com/entry/american-sniper-screenwri_b_6693414.html,"Below is an instruction that describes a sentiment analysis task.

### Instruction:
Given the following text, please determine if it should be classified as funny or not funny. Base your classification on humor elements such as wit, irony, absurdity, or comedic timing.

### Input:
american sniper screenwriter jason hall on screenwriting, war movies and being nominated for an oscar

### Response:
",No
1,area man has shitty fuckin' job,https://local.theonion.com/area-man-has-shitty-fuckin-job-1819564182,"Below is an instruction that describes a sentiment analysis task.

### Instruction:
Given the following text, please determine if it should be classified as funny or not funny. Base your classification on humor elements such as wit, irony, absurdity, or comedic timing.

### Input:
area man has shitty fuckin' job

### Response:
",Yes
0,the surprising way horses can help ease alzheimer's symptoms,https://www.huffingtonpost.com/entry/horses-alzheimers-_n_5273331.html,"Below is an instruction that describes a sentiment analysis task.

### Instruction:
Given the following text, please determine if it should be classified as funny or not funny. Base your classification on humor elements such as wit, irony, absurdity, or comedic timing.

### Input:
the surprising way horses can help ease alzheimer's symptoms

### Response:
",No
0,man who tried to burn ex-girlfriend's house with cheetos is convicted,https://www.huffingtonpost.com/entry/shemroy-williams-cheetos-fire_us_582e19e7e4b030997bbe5dfa,"Below is an instruction that describes a sentiment analysis task.

### Instruction:
Given the following text, please determine if it should be classified as funny or not funny. Base your classification on humor elements such as wit, irony, absurdity, or comedic timing.

### Input:
man who tried to burn ex-girlfriend's house with cheetos is convicted

### Response:
",Yes
1,"metlife, goodyear tragically merge",https://www.theonion.com/metlife-goodyear-tragically-merge-1819588193,"Below is an instruction that describes a sentiment analysis task.

### Instruction:
Given the following text, please determine if it should be classified as funny or not funny. Base your classification on humor elements such as wit, irony, absurdity, or comedic timing.

### Input:
metlife, goodyear tragically merge

### Response:
",No
1,"startup very casual about dress code, benefits",https://www.theonion.com/startup-very-casual-about-dress-code-benefits-1819576888,"Below is an instruction that describes a sentiment analysis task.

### Instruction:
Given the following text, please determine if it should be classified as funny or not funny. Base your classification on humor elements such as wit, irony, absurdity, or comedic timing.

### Input:
startup very casual about dress code, benefits

### Response:
",No
0,this sleep condition is more common than depression,https://www.huffingtonpost.com/entry/sleep-apnea-prevalence_n_5548653.html,"Below is an instruction that describes a sentiment analysis task.

### Instruction:
Given the following text, please determine if it should be classified as funny or not funny. Base your classification on humor elements such as wit, irony, absurdity, or comedic timing.

### Input:
this sleep condition is more common than depression

### Response:
",No
1,company to get head start on christmas layoffs this year,https://www.theonion.com/company-to-get-head-start-on-christmas-layoffs-this-yea-1819571899,"Below is an instruction that describes a sentiment analysis task.

### Instruction:
Given the following text, please determine if it should be classified as funny or not funny. Base your classification on humor elements such as wit, irony, absurdity, or comedic timing.

### Input:
company to get head start on christmas layoffs this year

### Response:
",No
0,the most exciting way to retire -- and how to afford it,https://www.huffingtonpost.com/entry/retire-abroad-on-a-budget_n_5226609.html,"Below is an instruction that describes a sentiment analysis task.

### Instruction:
Given the following text, please determine if it should be classified as funny or not funny. Base your classification on humor elements such as wit, irony, absurdity, or comedic timing.

### Input:
the most exciting way to retire -- and how to afford it

### Response:
",No
0,'pretty little liars' star troian bellisario weds 'suits' star patrick j. adams in rustic ceremony,https://www.huffingtonpost.com/entry/troian-bellisario-patrick-adams-married_us_584db5d5e4b04c8e2bb04c18,"Below is an instruction that describes a sentiment analysis task.

### Instruction:
Given the following text, please determine if it should be classified as funny or not funny. Base your classification on humor elements such as wit, irony, absurdity, or comedic timing.

### Input:
'pretty little liars' star troian bellisario weds 'suits' star patrick j. adams in rustic ceremony

### Response:
",No
0,your most common medicare questions answered,https://www.huffingtonpost.com/entry/your-most-common-medicare-questions-answered_us_58065903e4b0180a36e69c30,"Below is an instruction that describes a sentiment analysis task.

### Instruction:
Given the following text, please determine if it should be classified as funny or not funny. Base your classification on humor elements such as wit, irony, absurdity, or comedic timing.

### Input:
your most common medicare questions answered

### Response:
",No
1,actor's parents proud he's playing a doctor,https://www.theonion.com/actors-parents-proud-hes-playing-a-doctor-1819566231,"Below is an instruction that describes a sentiment analysis task.

### Instruction:
Given the following text, please determine if it should be classified as funny or not funny. Base your classification on humor elements such as wit, irony, absurdity, or comedic timing.

### Input:
actor's parents proud he's playing a doctor

### Response:
",No
1,google unveils new larry page–driven car,https://www.theonion.com/google-unveils-new-larry-page-driven-car-1819579650,"Below is an instruction that describes a sentiment analysis task.

### Instruction:
Given the following text, please determine if it should be classified as funny or not funny. Base your classification on humor elements such as wit, irony, absurdity, or comedic timing.

### Input:
google unveils new larry page–driven car

### Response:
",No
1,"trump thanks supporters who sacrificed time, money, friends, family, morals, religious beliefs to be here today",https://politics.theonion.com/trump-thanks-supporters-who-sacrificed-time-money-fri-1835657321,"Below is an instruction that describes a sentiment analysis task.

### Instruction:
Given the following text, please determine if it should be classified as funny or not funny. Base your classification on humor elements such as wit, irony, absurdity, or comedic timing.

### Input:
trump thanks supporters who sacrificed time, money, friends, family, morals, religious beliefs to be here today

### Response:
",Yes
1,towels across water park lounge chairs mark family's ironclad claim,https://local.theonion.com/towels-across-water-park-lounge-chairs-mark-family-s-ir-1819591844,"Below is an instruction that describes a sentiment analysis task.

### Instruction:
Given the following text, please determine if it should be classified as funny or not funny. Base your classification on humor elements such as wit, irony, absurdity, or comedic timing.

### Input:
towels across water park lounge chairs mark family's ironclad claim

### Response:
",No
1,theory of intelligent school-board design disproven,https://www.theonion.com/theory-of-intelligent-school-board-design-disproven-1819568195,"Below is an instruction that describes a sentiment analysis task.

### Instruction:
Given the following text, please determine if it should be classified as funny or not funny. Base your classification on humor elements such as wit, irony, absurdity, or comedic timing.

### Input:
theory of intelligent school-board design disproven

### Response:
",No
0,"kerry agrees to testify in front of issa, but not new benghazi committee",https://www.huffingtonpost.com/entry/john-kerry-testify_n_5380092.html,"Below is an instruction that describes a sentiment analysis task.

### Instruction:
Given the following text, please determine if it should be classified as funny or not funny. Base your classification on humor elements such as wit, irony, absurdity, or comedic timing.

### Input:
kerry agrees to testify in front of issa, but not new benghazi committee

### Response:
",No
1,perfect girlfriend blames self for everything,https://local.theonion.com/perfect-girlfriend-blames-self-for-everything-1822517352,"Below is an instruction that describes a sentiment analysis task.

### Instruction:
Given the following text, please determine if it should be classified as funny or not funny. Base your classification on humor elements such as wit, irony, absurdity, or comedic timing.

### Input:
perfect girlfriend blames self for everything

### Response:
",Yes
1,man somehow thinks he doesn't have enough alone time,https://local.theonion.com/man-somehow-thinks-he-doesn-t-have-enough-alone-time-1819577280,"Below is an instruction that describes a sentiment analysis task.

### Instruction:
Given the following text, please determine if it should be classified as funny or not funny. Base your classification on humor elements such as wit, irony, absurdity, or comedic timing.

### Input:
man somehow thinks he doesn't have enough alone time

### Response:
",Yes
1,romney receives 20-minute standing ovation at naawp event,https://politics.theonion.com/romney-receives-20-minute-standing-ovation-at-naawp-eve-1819573630,"Below is an instruction that describes a sentiment analysis task.

### Instruction:
Given the following text, please determine if it should be classified as funny or not funny. Base your classification on humor elements such as wit, irony, absurdity, or comedic timing.

### Input:
romney receives 20-minute standing ovation at naawp event

### Response:
",No
1,study finds employees most productive when they can set their own salaries,https://www.theonion.com/study-finds-employees-most-productive-when-they-can-set-1819577380,"Below is an instruction that describes a sentiment analysis task.

### Instruction:
Given the following text, please determine if it should be classified as funny or not funny. Base your classification on humor elements such as wit, irony, absurdity, or comedic timing.

### Input:
study finds employees most productive when they can set their own salaries

### Response:
",Yes
0,drake throws money and angrily storms into club,https://www.huffingtonpost.com/entry/drake_n_6050354.html,"Below is an instruction that describes a sentiment analysis task.

### Instruction:
Given the following text, please determine if it should be classified as funny or not funny. Base your classification on humor elements such as wit, irony, absurdity, or comedic timing.

### Input:
drake throws money and angrily storms into club

### Response:
",Yes
1,u.s. military defends controversial decision to test kilauea volcano on hawaiian civilians,https://www.theonion.com/u-s-military-defends-controversial-decision-to-test-ki-1826125981,"Below is an instruction that describes a sentiment analysis task.

### Instruction:
Given the following text, please determine if it should be classified as funny or not funny. Base your classification on humor elements such as wit, irony, absurdity, or comedic timing.

### Input:
u.s. military defends controversial decision to test kilauea volcano on hawaiian civilians

### Response:
",No
0,conservative media finally starting to realize that racism is a problem,https://www.huffingtonpost.com/entry/conservative-media-police-brutality_us_57800f9be4b01edea78df091,"Below is an instruction that describes a sentiment analysis task.

### Instruction:
Given the following text, please determine if it should be classified as funny or not funny. Base your classification on humor elements such as wit, irony, absurdity, or comedic timing.

### Input:
conservative media finally starting to realize that racism is a problem

### Response:
",Yes
0,what to do if you feel traumatized by the las vegas shooting,https://www.huffingtonpost.com/entry/las-vegas-shooting-vicarious-trauma_us_59d247a9e4b06791bb11f718,"Below is an instruction that describes a sentiment analysis task.

### Instruction:
Given the following text, please determine if it should be classified as funny or not funny. Base your classification on humor elements such as wit, irony, absurdity, or comedic timing.

### Input:
what to do if you feel traumatized by the las vegas shooting

### Response:
",No
0,clinton can win 45 states,https://www.huffingtonpost.com/entry/hillary-clinton-benghazi_b_5288602.html,"Below is an instruction that describes a sentiment analysis task.

### Instruction:
Given the following text, please determine if it should be classified as funny or not funny. Base your classification on humor elements such as wit, irony, absurdity, or comedic timing.

### Input:
clinton can win 45 states

### Response:
",No
1,complete idiot forgot to shave area between mouth and nose,https://www.theonion.com/complete-idiot-forgot-to-shave-area-between-mouth-and-n-1819577708,"Below is an instruction that describes a sentiment analysis task.

### Instruction:
Given the following text, please determine if it should be classified as funny or not funny. Base your classification on humor elements such as wit, irony, absurdity, or comedic timing.

### Input:
complete idiot forgot to shave area between mouth and nose

### Response:
",Yes
1,"binge-drinking, promiscuous sex good for you, says 'new orleans journal of medicine'",https://www.theonion.com/binge-drinking-promiscuous-sex-good-for-you-says-new-1819567108,"Below is an instruction that describes a sentiment analysis task.

### Instruction:
Given the following text, please determine if it should be classified as funny or not funny. Base your classification on humor elements such as wit, irony, absurdity, or comedic timing.

### Input:
binge-drinking, promiscuous sex good for you, says 'new orleans journal of medicine'

### Response:
",Yes
1,area man dead of fries,https://local.theonion.com/area-man-dead-of-fries-1819565221,"Below is an instruction that describes a sentiment analysis task.

### Instruction:
Given the following text, please determine if it should be classified as funny or not funny. Base your classification on humor elements such as wit, irony, absurdity, or comedic timing.

### Input:
area man dead of fries

### Response:
",No
1,u.s. consumers announce plan to get one of those,https://www.theonion.com/u-s-consumers-announce-plan-to-get-one-of-those-1819577933,"Below is an instruction that describes a sentiment analysis task.

### Instruction:
Given the following text, please determine if it should be classified as funny or not funny. Base your classification on humor elements such as wit, irony, absurdity, or comedic timing.

### Input:
u.s. consumers announce plan to get one of those

### Response:
",No
0,russell simmons leads 'i am a muslim too' rally in new york,https://www.huffingtonpost.com/entry/russell-simmons-leads-i-am-a-muslim-too-rally-in-new-york_us_58aa13e8e4b037d17d290e0a,"Below is an instruction that describes a sentiment analysis task.

### Instruction:
Given the following text, please determine if it should be classified as funny or not funny. Base your classification on humor elements such as wit, irony, absurdity, or comedic timing.

### Input:
russell simmons leads 'i am a muslim too' rally in new york

### Response:
",No
0,study can't confirm results of many psychology experiments,https://www.huffingtonpost.com/entry/study-cant-confirm-results-of-many-psychology-experiments_us_55df90dce4b0c818f6175f98,"Below is an instruction that describes a sentiment analysis task.

### Instruction:
Given the following text, please determine if it should be classified as funny or not funny. Base your classification on humor elements such as wit, irony, absurdity, or comedic timing.

### Input:
study can't confirm results of many psychology experiments

### Response:
",No
0,sean hannity goes berserk after losing conservative media award,https://www.huffingtonpost.com/entry/sean-hannity-buckley-award_us_59724a36e4b00e4363df4fda,"Below is an instruction that describes a sentiment analysis task.

### Instruction:
Given the following text, please determine if it should be classified as funny or not funny. Base your classification on humor elements such as wit, irony, absurdity, or comedic timing.

### Input:
sean hannity goes berserk after losing conservative media award

### Response:
",Yes
0,jill soloway has a simple fix for ending hollywood sexism,https://www.huffingtonpost.com/entry/jill-soloway-has-a-simple-fix-for-ending-hollywood-sexism_us_55b11303e4b0a9b94853dcc0,"Below is an instruction that describes a sentiment analysis task.

### Instruction:
Given the following text, please determine if it should be classified as funny or not funny. Base your classification on humor elements such as wit, irony, absurdity, or comedic timing.

### Input:
jill soloway has a simple fix for ending hollywood sexism

### Response:
",No
0,this is what joan rivers hoped her funeral would look like,https://www.huffingtonpost.com/entry/joan-rivers-funeral-plans_n_5768540.html,"Below is an instruction that describes a sentiment analysis task.

### Instruction:
Given the following text, please determine if it should be classified as funny or not funny. Base your classification on humor elements such as wit, irony, absurdity, or comedic timing.

### Input:
this is what joan rivers hoped her funeral would look like

### Response:
",No
1,george h.w. bush hasn't seen anyone from his secret service detail in years,https://www.theonion.com/george-h-w-bush-hasnt-seen-anyone-from-his-secret-serv-1819573427,"Below is an instruction that describes a sentiment analysis task.

### Instruction:
Given the following text, please determine if it should be classified as funny or not funny. Base your classification on humor elements such as wit, irony, absurdity, or comedic timing.

### Input:
george h.w. bush hasn't seen anyone from his secret service detail in years

### Response:
",Yes
0,marco rubio makes huge push to gain millennial voters,https://www.huffingtonpost.com/entry/marco-rubio-makes-huge-pu_b_9062116.html,"Below is an instruction that describes a sentiment analysis task.

### Instruction:
Given the following text, please determine if it should be classified as funny or not funny. Base your classification on humor elements such as wit, irony, absurdity, or comedic timing.

### Input:
marco rubio makes huge push to gain millennial voters

### Response:
",No
1,"new report finds energy drink consumption can lead to heart bursting out of chest, riding away on tiny skateboard",https://www.theonion.com/new-report-finds-energy-drink-consumption-can-lead-to-h-1835192180,"Below is an instruction that describes a sentiment analysis task.

### Instruction:
Given the following text, please determine if it should be classified as funny or not funny. Base your classification on humor elements such as wit, irony, absurdity, or comedic timing.

### Input:
new report finds energy drink consumption can lead to heart bursting out of chest, riding away on tiny skateboard

### Response:
",Yes
1,trump administration announces new $20 bill design honoring harriet tubman's owners,https://politics.theonion.com/trump-administration-announces-new-20-bill-design-hono-1819580258,"Below is an instruction that describes a sentiment analysis task.

### Instruction:
Given the following text, please determine if it should be classified as funny or not funny. Base your classification on humor elements such as wit, irony, absurdity, or comedic timing.

### Input:
trump administration announces new $20 bill design honoring harriet tubman's owners

### Response:
",Yes
0,bernie sanders wins maine democratic caucus,https://www.huffingtonpost.com/entry/bernie-sanders-wins-maine-caucus_us_56dcd458e4b0000de4050356,"Below is an instruction that describes a sentiment analysis task.

### Instruction:
Given the following text, please determine if it should be classified as funny or not funny. Base your classification on humor elements such as wit, irony, absurdity, or comedic timing.

### Input:
bernie sanders wins maine democratic caucus

### Response:
",No
0,new england cod fishermen share coal miners' plight in this new documentary,https://www.huffingtonpost.com/entry/sacred-cod-documentary_us_58ed1547e4b0ca64d919d595,"Below is an instruction that describes a sentiment analysis task.

### Instruction:
Given the following text, please determine if it should be classified as funny or not funny. Base your classification on humor elements such as wit, irony, absurdity, or comedic timing.

### Input:
new england cod fishermen share coal miners' plight in this new documentary

### Response:
",No
0,trump's nativist attacks on immigrants weaken our country,https://www.huffingtonpost.com/entry/trumps-nativist-attacks-on-immigrants-weaken-our-country_us_598388d6e4b00833d1de26a8,"Below is an instruction that describes a sentiment analysis task.

### Instruction:
Given the following text, please determine if it should be classified as funny or not funny. Base your classification on humor elements such as wit, irony, absurdity, or comedic timing.

### Input:
trump's nativist attacks on immigrants weaken our country

### Response:
",No
1,area woman almost imagines taste of peppermint mocha on tongue but stops herself,https://local.theonion.com/area-woman-almost-imagines-taste-of-peppermint-mocha-on-1819575808,"Below is an instruction that describes a sentiment analysis task.

### Instruction:
Given the following text, please determine if it should be classified as funny or not funny. Base your classification on humor elements such as wit, irony, absurdity, or comedic timing.

### Input:
area woman almost imagines taste of peppermint mocha on tongue but stops herself

### Response:
",Yes
0,u.s. budget deficit to balloon on republican tax cuts: cbo,https://www.huffingtonpost.com/entry/budget-deficit-gop-tax-cuts_us_5acbab67e4b07a3485e73686,"Below is an instruction that describes a sentiment analysis task.

### Instruction:
Given the following text, please determine if it should be classified as funny or not funny. Base your classification on humor elements such as wit, irony, absurdity, or comedic timing.

### Input:
u.s. budget deficit to balloon on republican tax cuts: cbo

### Response:
",No
0,'spirit' of the iran nuclear deal is a two-way street,https://www.huffingtonpost.com/entry/spirit-of-the-nuclear-deal-is-a-two-way-street_us_59dc4435e4b0b48cd8e0a5e6,"Below is an instruction that describes a sentiment analysis task.

### Instruction:
Given the following text, please determine if it should be classified as funny or not funny. Base your classification on humor elements such as wit, irony, absurdity, or comedic timing.

### Input:
'spirit' of the iran nuclear deal is a two-way street

### Response:
",No
0,listen to the spoof of ben carson's hip-hop radio ad,https://www.huffingtonpost.com/entry/spoof-ben-carson-rap_us_563e8d78e4b0307f2cadbdf5,"Below is an instruction that describes a sentiment analysis task.

### Instruction:
Given the following text, please determine if it should be classified as funny or not funny. Base your classification on humor elements such as wit, irony, absurdity, or comedic timing.

### Input:
listen to the spoof of ben carson's hip-hop radio ad

### Response:
",Yes
0,florida man who landed gyrocopter at u.s. capitol rejects plea deals,https://www.huffingtonpost.com/entry/gyrocopter-plea-deal_us_55afed5ee4b08f57d5d3674d,"Below is an instruction that describes a sentiment analysis task.

### Instruction:
Given the following text, please determine if it should be classified as funny or not funny. Base your classification on humor elements such as wit, irony, absurdity, or comedic timing.

### Input:
florida man who landed gyrocopter at u.s. capitol rejects plea deals

### Response:
",No
1,excited african safari tourists quietly marvel as poacher stalks prey,https://www.theonion.com/excited-african-safari-tourists-quietly-marvel-as-poach-1819577887,"Below is an instruction that describes a sentiment analysis task.

### Instruction:
Given the following text, please determine if it should be classified as funny or not funny. Base your classification on humor elements such as wit, irony, absurdity, or comedic timing.

### Input:
excited african safari tourists quietly marvel as poacher stalks prey

### Response:
",Yes
1,14-hour labor not exactly cakewalk for baby sticking halfway out mother's vagina either,https://local.theonion.com/14-hour-labor-not-exactly-cakewalk-for-baby-sticking-ha-1829996708,"Below is an instruction that describes a sentiment analysis task.

### Instruction:
Given the following text, please determine if it should be classified as funny or not funny. Base your classification on humor elements such as wit, irony, absurdity, or comedic timing.

### Input:
14-hour labor not exactly cakewalk for baby sticking halfway out mother's vagina either

### Response:
",Yes
0,ethics group blasts pence for using government travel for colts stunt,https://www.huffingtonpost.com/entry/ethics-mike-pence-colts_us_59dae96ce4b0f6eed3513fa9,"Below is an instruction that describes a sentiment analysis task.

### Instruction:
Given the following text, please determine if it should be classified as funny or not funny. Base your classification on humor elements such as wit, irony, absurdity, or comedic timing.

### Input:
ethics group blasts pence for using government travel for colts stunt

### Response:
",No
1,secretary cracks under administration of third raspberry margarita,https://local.theonion.com/secretary-cracks-under-administration-of-third-raspberr-1819567667,"Below is an instruction that describes a sentiment analysis task.

### Instruction:
Given the following text, please determine if it should be classified as funny or not funny. Base your classification on humor elements such as wit, irony, absurdity, or comedic timing.

### Input:
secretary cracks under administration of third raspberry margarita

### Response:
",Yes
1,local man's body a really big temple,https://www.theonion.com/local-mans-body-a-really-big-temple-1819586894,"Below is an instruction that describes a sentiment analysis task.

### Instruction:
Given the following text, please determine if it should be classified as funny or not funny. Base your classification on humor elements such as wit, irony, absurdity, or comedic timing.

### Input:
local man's body a really big temple

### Response:
",No
1,eighty percent of al-qaeda no. 2s now dead,https://www.theonion.com/eighty-percent-of-al-qaeda-no-2s-now-dead-1819568261,"Below is an instruction that describes a sentiment analysis task.

### Instruction:
Given the following text, please determine if it should be classified as funny or not funny. Base your classification on humor elements such as wit, irony, absurdity, or comedic timing.

### Input:
eighty percent of al-qaeda no. 2s now dead

### Response:
",No
1,report: there only 17 total square miles on earth where gays not discriminated against,https://www.theonion.com/report-there-only-17-total-square-miles-on-earth-where-1819575430,"Below is an instruction that describes a sentiment analysis task.

### Instruction:
Given the following text, please determine if it should be classified as funny or not funny. Base your classification on humor elements such as wit, irony, absurdity, or comedic timing.

### Input:
report: there only 17 total square miles on earth where gays not discriminated against

### Response:
",Yes
1,stresses of white house causing bo to go prematurely gray,https://politics.theonion.com/stresses-of-white-house-causing-bo-to-go-prematurely-gr-1819590003,"Below is an instruction that describes a sentiment analysis task.

### Instruction:
Given the following text, please determine if it should be classified as funny or not funny. Base your classification on humor elements such as wit, irony, absurdity, or comedic timing.

### Input:
stresses of white house causing bo to go prematurely gray

### Response:
",Yes
0,"new york homeless speak out on government aid, shelter programs",https://www.huffingtonpost.com/entry/new-york-homeless_us_5693c9fae4b0a2b6fb70d5c9,"Below is an instruction that describes a sentiment analysis task.

### Instruction:
Given the following text, please determine if it should be classified as funny or not funny. Base your classification on humor elements such as wit, irony, absurdity, or comedic timing.

### Input:
new york homeless speak out on government aid, shelter programs

### Response:
",No
1,"great, daughter measuring self-worth against some 13-year-old named skyla now",https://local.theonion.com/great-daughter-measuring-self-worth-against-some-13-ye-1819970653,"Below is an instruction that describes a sentiment analysis task.

### Instruction:
Given the following text, please determine if it should be classified as funny or not funny. Base your classification on humor elements such as wit, irony, absurdity, or comedic timing.

### Input:
great, daughter measuring self-worth against some 13-year-old named skyla now

### Response:
",Yes
0,scientists invented a headband that could help us better understand each other,https://www.huffingtonpost.com/entry/this-headband-could-change-the-way-people-learn_us_58cab210e4b00705db4ccca1,"Below is an instruction that describes a sentiment analysis task.

### Instruction:
Given the following text, please determine if it should be classified as funny or not funny. Base your classification on humor elements such as wit, irony, absurdity, or comedic timing.

### Input:
scientists invented a headband that could help us better understand each other

### Response:
",Yes
0,6 steps to help you genuinely forgive even the unforgivable,https://www.huffingtonpost.com/entry/steps-to-help-you-forgive_b_8245096.html,"Below is an instruction that describes a sentiment analysis task.

### Instruction:
Given the following text, please determine if it should be classified as funny or not funny. Base your classification on humor elements such as wit, irony, absurdity, or comedic timing.

### Input:
6 steps to help you genuinely forgive even the unforgivable

### Response:
",No
1,picture of iphone used as iphone wallpaper,https://www.theonion.com/picture-of-iphone-used-as-iphone-wallpaper-1819588696,"Below is an instruction that describes a sentiment analysis task.

### Instruction:
Given the following text, please determine if it should be classified as funny or not funny. Base your classification on humor elements such as wit, irony, absurdity, or comedic timing.

### Input:
picture of iphone used as iphone wallpaper

### Response:
",Yes
1,delayed rocket launch causes astronaut to miss connecting flight,https://www.theonion.com/delayed-rocket-launch-causes-astronaut-to-miss-connecti-1819576655,"Below is an instruction that describes a sentiment analysis task.

### Instruction:
Given the following text, please determine if it should be classified as funny or not funny. Base your classification on humor elements such as wit, irony, absurdity, or comedic timing.

### Input:
delayed rocket launch causes astronaut to miss connecting flight

### Response:
",Yes
1,science fiction writer admits unstoppable killing machine based on mother,https://www.theonion.com/science-fiction-writer-admits-unstoppable-killing-machi-1819569329,"Below is an instruction that describes a sentiment analysis task.

### Instruction:
Given the following text, please determine if it should be classified as funny or not funny. Base your classification on humor elements such as wit, irony, absurdity, or comedic timing.

### Input:
science fiction writer admits unstoppable killing machine based on mother

### Response:
",Yes
1,billcosby.com now somehow most eerie site on entire internet,https://entertainment.theonion.com/billcosby-com-now-somehow-most-eerie-site-on-entire-int-1819592265,"Below is an instruction that describes a sentiment analysis task.

### Instruction:
Given the following text, please determine if it should be classified as funny or not funny. Base your classification on humor elements such as wit, irony, absurdity, or comedic timing.

### Input:
billcosby.com now somehow most eerie site on entire internet

### Response:
",Yes
0,allowing your children to fail will help them succeed,https://www.huffingtonpost.com/entry/allowing-your-children-to-fail-to-help-them-find-successes_us_59012813e4b0768c2682e2ba,"Below is an instruction that describes a sentiment analysis task.

### Instruction:
Given the following text, please determine if it should be classified as funny or not funny. Base your classification on humor elements such as wit, irony, absurdity, or comedic timing.

### Input:
allowing your children to fail will help them succeed

### Response:
",Yes
0,you thought flint was bad? see the lead levels in california children,https://www.huffingtonpost.com/entry/you-thought-flint-was-bad-see-the-lead-levels-in-california-children_us_58d29cdce4b0f838c62e8248,"Below is an instruction that describes a sentiment analysis task.

### Instruction:
Given the following text, please determine if it should be classified as funny or not funny. Base your classification on humor elements such as wit, irony, absurdity, or comedic timing.

### Input:
you thought flint was bad? see the lead levels in california children

### Response:
",No
1,mugger can't believe crap victim has on mp3 player,https://www.theonion.com/mugger-cant-believe-crap-victim-has-on-mp3-player-1819567411,"Below is an instruction that describes a sentiment analysis task.

### Instruction:
Given the following text, please determine if it should be classified as funny or not funny. Base your classification on humor elements such as wit, irony, absurdity, or comedic timing.

### Input:
mugger can't believe crap victim has on mp3 player

### Response:
",Yes
1,woman assaulted by celebrity just needs to sit tight for 40 years until dozens more women corroborate story,https://www.theonion.com/woman-assaulted-by-celebrity-just-needs-to-sit-tight-fo-1819578023,"Below is an instruction that describes a sentiment analysis task.

### Instruction:
Given the following text, please determine if it should be classified as funny or not funny. Base your classification on humor elements such as wit, irony, absurdity, or comedic timing.

### Input:
woman assaulted by celebrity just needs to sit tight for 40 years until dozens more women corroborate story

### Response:
",Yes
0,chrissy teigen and baby luna wear the cutest matching overalls,https://www.huffingtonpost.com/entry/chrissy-teigen-luna-overalls_us_58c9436ae4b01c029d77c85d,"Below is an instruction that describes a sentiment analysis task.

### Instruction:
Given the following text, please determine if it should be classified as funny or not funny. Base your classification on humor elements such as wit, irony, absurdity, or comedic timing.

### Input:
chrissy teigen and baby luna wear the cutest matching overalls

### Response:
",No
0,the unexpected place you're probably overeating,https://www.huffingtonpost.com/entry/the-unexpected-place-youre-probably-overeating_b_7019494.html,"Below is an instruction that describes a sentiment analysis task.

### Instruction:
Given the following text, please determine if it should be classified as funny or not funny. Base your classification on humor elements such as wit, irony, absurdity, or comedic timing.

### Input:
the unexpected place you're probably overeating

### Response:
",No
0,lady gaga and taylor kinney make the polar plunge look pretty hot,https://www.huffingtonpost.com/entry/lady-gaga-taylor-kinney-polar-plunge_us_56dc9890e4b03a405678fe46,"Below is an instruction that describes a sentiment analysis task.

### Instruction:
Given the following text, please determine if it should be classified as funny or not funny. Base your classification on humor elements such as wit, irony, absurdity, or comedic timing.

### Input:
lady gaga and taylor kinney make the polar plunge look pretty hot

### Response:
",Yes
0,earth day: eating bean burgers beats measuring cheeseburgers,https://www.huffingtonpost.com/entry/earth-day-eating-bean-burgers-beats-measuring-cheeseburgers_b_7111852.html,"Below is an instruction that describes a sentiment analysis task.

### Instruction:
Given the following text, please determine if it should be classified as funny or not funny. Base your classification on humor elements such as wit, irony, absurdity, or comedic timing.

### Input:
earth day: eating bean burgers beats measuring cheeseburgers

### Response:
",Yes
0,lena dunham dings woody allen,https://www.huffingtonpost.com/entry/lena-dunham-woody-allen_n_6539584.html,"Below is an instruction that describes a sentiment analysis task.

### Instruction:
Given the following text, please determine if it should be classified as funny or not funny. Base your classification on humor elements such as wit, irony, absurdity, or comedic timing.

### Input:
lena dunham dings woody allen

### Response:
",No
1,god rewinds time to watch man fall off trampoline again,https://www.theonion.com/god-rewinds-time-to-watch-man-fall-off-trampoline-again-1819579201,"Below is an instruction that describes a sentiment analysis task.

### Instruction:
Given the following text, please determine if it should be classified as funny or not funny. Base your classification on humor elements such as wit, irony, absurdity, or comedic timing.

### Input:
god rewinds time to watch man fall off trampoline again

### Response:
",Yes
0,trump lawyers dish on russia probe at steakhouse as nyt reporter listens in,https://www.huffingtonpost.com/entry/trump-lawyers-dish-on-russia-probe-at-steakhouse-as-nyt-reporter-listens-in_us_59c00bc0e4b06f9bf0487a6b,"Below is an instruction that describes a sentiment analysis task.

### Instruction:
Given the following text, please determine if it should be classified as funny or not funny. Base your classification on humor elements such as wit, irony, absurdity, or comedic timing.

### Input:
trump lawyers dish on russia probe at steakhouse as nyt reporter listens in

### Response:
",No
1,world leaders pour into washington to pay last respects to dying nation,https://www.theonion.com/world-leaders-pour-into-washington-to-pay-last-respects-1819579056,"Below is an instruction that describes a sentiment analysis task.

### Instruction:
Given the following text, please determine if it should be classified as funny or not funny. Base your classification on humor elements such as wit, irony, absurdity, or comedic timing.

### Input:
world leaders pour into washington to pay last respects to dying nation

### Response:
",Yes
1,"mentally ill man not in mood to gun down strangers, but glad to know that option there if needed",https://local.theonion.com/mentally-ill-man-not-in-mood-to-gun-down-strangers-but-1819574331,"Below is an instruction that describes a sentiment analysis task.

### Instruction:
Given the following text, please determine if it should be classified as funny or not funny. Base your classification on humor elements such as wit, irony, absurdity, or comedic timing.

### Input:
mentally ill man not in mood to gun down strangers, but glad to know that option there if needed

### Response:
",Yes
1,report: most terrorists do not start the day off with a good breakfast,https://www.theonion.com/report-most-terrorists-do-not-start-the-day-off-with-a-1819565577,"Below is an instruction that describes a sentiment analysis task.

### Instruction:
Given the following text, please determine if it should be classified as funny or not funny. Base your classification on humor elements such as wit, irony, absurdity, or comedic timing.

### Input:
report: most terrorists do not start the day off with a good breakfast

### Response:
",Yes
0,these kids' space-themed halloween costumes were out of this world,https://www.huffingtonpost.com/entry/kids-space-themed-costumes_us_59f9ca36e4b00c6145e2efa1,"Below is an instruction that describes a sentiment analysis task.

### Instruction:
Given the following text, please determine if it should be classified as funny or not funny. Base your classification on humor elements such as wit, irony, absurdity, or comedic timing.

### Input:
these kids' space-themed halloween costumes were out of this world

### Response:
",Yes
0,italian recipes that are oldies but goodies,https://www.huffingtonpost.com/entry/italian-recipes-that-are-oldies-but-goodies_us_56292e83e4b0ec0a3893ad8a,"Below is an instruction that describes a sentiment analysis task.

### Instruction:
Given the following text, please determine if it should be classified as funny or not funny. Base your classification on humor elements such as wit, irony, absurdity, or comedic timing.

### Input:
italian recipes that are oldies but goodies

### Response:
",No
0,learn to fix the no. 1 mistake you are making in yoga practice,https://www.huffingtonpost.com/entry/learn-to-fix-the-1-mistak_b_5241320.html,"Below is an instruction that describes a sentiment analysis task.

### Instruction:
Given the following text, please determine if it should be classified as funny or not funny. Base your classification on humor elements such as wit, irony, absurdity, or comedic timing.

### Input:
learn to fix the no. 1 mistake you are making in yoga practice

### Response:
",No
0,former 'bachelorette' ali fedotowsky expecting first baby with fiancé kevin manno,https://www.huffingtonpost.com/entry/ali-fedotowsky-baby-pregnant_us_568d620fe4b0a2b6fb6e52da,"Below is an instruction that describes a sentiment analysis task.

### Instruction:
Given the following text, please determine if it should be classified as funny or not funny. Base your classification on humor elements such as wit, irony, absurdity, or comedic timing.

### Input:
former 'bachelorette' ali fedotowsky expecting first baby with fiancé kevin manno

### Response:
",No
1,woman shows hairstylist example of haircut she wants,https://local.theonion.com/woman-shows-hairstylist-example-of-haircut-she-wants-1819591515,"Below is an instruction that describes a sentiment analysis task.

### Instruction:
Given the following text, please determine if it should be classified as funny or not funny. Base your classification on humor elements such as wit, irony, absurdity, or comedic timing.

### Input:
woman shows hairstylist example of haircut she wants

### Response:
",No
0,opponents of peace,https://www.huffingtonpost.com/entry/opponents-of-peace_b_5235648.html,"Below is an instruction that describes a sentiment analysis task.

### Instruction:
Given the following text, please determine if it should be classified as funny or not funny. Base your classification on humor elements such as wit, irony, absurdity, or comedic timing.

### Input:
opponents of peace

### Response:
",No
1,kfc responds to stockpiling trend with 576-piece bucket,https://www.theonion.com/kfc-responds-to-stockpiling-trend-with-576-piece-bucket-1819587067,"Below is an instruction that describes a sentiment analysis task.

### Instruction:
Given the following text, please determine if it should be classified as funny or not funny. Base your classification on humor elements such as wit, irony, absurdity, or comedic timing.

### Input:
kfc responds to stockpiling trend with 576-piece bucket

### Response:
",Yes
0,5 things teens want to tell you,https://www.huffingtonpost.com/entry/5-things-teens-want-to-tell-you_b_7293214.html,"Below is an instruction that describes a sentiment analysis task.

### Instruction:
Given the following text, please determine if it should be classified as funny or not funny. Base your classification on humor elements such as wit, irony, absurdity, or comedic timing.

### Input:
5 things teens want to tell you

### Response:
",No
1,"lame cyberattack on atlanta doesn't even turn atms, street sweepers into killing machines",https://www.theonion.com/lame-cyberattack-on-atlanta-doesn-t-even-turn-atms-str-1824154853,"Below is an instruction that describes a sentiment analysis task.

### Instruction:
Given the following text, please determine if it should be classified as funny or not funny. Base your classification on humor elements such as wit, irony, absurdity, or comedic timing.

### Input:
lame cyberattack on atlanta doesn't even turn atms, street sweepers into killing machines

### Response:
",Yes
1,roommate cooked enough of gross thing for everyone,https://local.theonion.com/roommate-cooked-enough-of-gross-thing-for-everyone-1819592738,"Below is an instruction that describes a sentiment analysis task.

### Instruction:
Given the following text, please determine if it should be classified as funny or not funny. Base your classification on humor elements such as wit, irony, absurdity, or comedic timing.

### Input:
roommate cooked enough of gross thing for everyone

### Response:
",Yes
0,how the russians won world war iii - a short history,https://www.huffingtonpost.com/entry/how-the-russians-won-world-war-iii-a-short-history_us_59943db7e4b0afd94eb3f650,"Below is an instruction that describes a sentiment analysis task.

### Instruction:
Given the following text, please determine if it should be classified as funny or not funny. Base your classification on humor elements such as wit, irony, absurdity, or comedic timing.

### Input:
how the russians won world war iii - a short history

### Response:
",Yes
1,jay z honored to be nominated in same category as jay z,https://entertainment.theonion.com/jay-z-honored-to-be-nominated-in-same-category-as-jay-z-1819576073,"Below is an instruction that describes a sentiment analysis task.

### Instruction:
Given the following text, please determine if it should be classified as funny or not funny. Base your classification on humor elements such as wit, irony, absurdity, or comedic timing.

### Input:
jay z honored to be nominated in same category as jay z

### Response:
",Yes
0,sophie turner burns bright in these first-look images of 'x-men: dark phoenix',https://www.huffingtonpost.com/entry/sophie-turner-is-on-fire-in-these-first-look-images-of-x-men-dark-phoenix_us_5a29a482e4b0a290f04f2cf9,"Below is an instruction that describes a sentiment analysis task.

### Instruction:
Given the following text, please determine if it should be classified as funny or not funny. Base your classification on humor elements such as wit, irony, absurdity, or comedic timing.

### Input:
sophie turner burns bright in these first-look images of 'x-men: dark phoenix'

### Response:
",No
0,3 leadership mistakes roger goodell made that you shouldn't,https://www.huffingtonpost.com/entry/3-leadership-mistakes-rog_b_5807614.html,"Below is an instruction that describes a sentiment analysis task.

### Instruction:
Given the following text, please determine if it should be classified as funny or not funny. Base your classification on humor elements such as wit, irony, absurdity, or comedic timing.

### Input:
3 leadership mistakes roger goodell made that you shouldn't

### Response:
",No
1,demoralized jeb bush succumbs to new hampshire heroin epidemic,https://politics.theonion.com/demoralized-jeb-bush-succumbs-to-new-hampshire-heroin-e-1819578606,"Below is an instruction that describes a sentiment analysis task.

### Instruction:
Given the following text, please determine if it should be classified as funny or not funny. Base your classification on humor elements such as wit, irony, absurdity, or comedic timing.

### Input:
demoralized jeb bush succumbs to new hampshire heroin epidemic

### Response:
",Yes
0,"in his new act, tommy tune vows to be a 'vitamin for the spirit'",https://www.huffingtonpost.com/entry/tommy-tune-chita-rivera-broadway_us_59b84ffee4b0edff97175911,"Below is an instruction that describes a sentiment analysis task.

### Instruction:
Given the following text, please determine if it should be classified as funny or not funny. Base your classification on humor elements such as wit, irony, absurdity, or comedic timing.

### Input:
in his new act, tommy tune vows to be a 'vitamin for the spirit'

### Response:
",No
0,'why columbia' and 'pitzer's values',https://www.huffingtonpost.com/entry/why-columbia--pitzers-val_b_7454596.html,"Below is an instruction that describes a sentiment analysis task.

### Instruction:
Given the following text, please determine if it should be classified as funny or not funny. Base your classification on humor elements such as wit, irony, absurdity, or comedic timing.

### Input:
'why columbia' and 'pitzer's values'

### Response:
",No
1,man invisible on gchat observes world from impregnable perch,https://www.theonion.com/man-invisible-on-gchat-observes-world-from-impregnable-1819575082,"Below is an instruction that describes a sentiment analysis task.

### Instruction:
Given the following text, please determine if it should be classified as funny or not funny. Base your classification on humor elements such as wit, irony, absurdity, or comedic timing.

### Input:
man invisible on gchat observes world from impregnable perch

### Response:
",Yes
0,valerie harper: lung cancer deadlier than breast,https://www.huffingtonpost.com/entry/valerie-harper-lung-cancer-than-breast_b_7276590.html,"Below is an instruction that describes a sentiment analysis task.

### Instruction:
Given the following text, please determine if it should be classified as funny or not funny. Base your classification on humor elements such as wit, irony, absurdity, or comedic timing.

### Input:
valerie harper: lung cancer deadlier than breast

### Response:
",No
0,trial for charleston church shooter dylann roof delayed until january,https://www.huffingtonpost.com/entry/trial-for-charleston-church-shooter-dylann-roof-delayed-until-january_us_570f9afde4b08a2d32b91fc1,"Below is an instruction that describes a sentiment analysis task.

### Instruction:
Given the following text, please determine if it should be classified as funny or not funny. Base your classification on humor elements such as wit, irony, absurdity, or comedic timing.

### Input:
trial for charleston church shooter dylann roof delayed until january

### Response:
",No
0,"romney, rubio and many others have called trump a 'con man,' but millions of voters are nonetheless lining up behind trump",https://www.huffingtonpost.com/entry/romney-rubio-and-many-others-have-called-trump-a-con_us_581f49e7e4b01022624118f7,"Below is an instruction that describes a sentiment analysis task.

### Instruction:
Given the following text, please determine if it should be classified as funny or not funny. Base your classification on humor elements such as wit, irony, absurdity, or comedic timing.

### Input:
romney, rubio and many others have called trump a 'con man,' but millions of voters are nonetheless lining up behind trump

### Response:
",No
0,world's largest polluters set to meet by rising sea. will climate come up?,https://www.huffingtonpost.com/entry/donald-trump-xi-jinping-mar-a-lago-climate-change-us_us_58de9fb8e4b0b3918c8337f9,"Below is an instruction that describes a sentiment analysis task.

### Instruction:
Given the following text, please determine if it should be classified as funny or not funny. Base your classification on humor elements such as wit, irony, absurdity, or comedic timing.

### Input:
world's largest polluters set to meet by rising sea. will climate come up?

### Response:
",No
1,man who just beat computer solitaire never asked for overwhelming sensory assault of victory animation,https://local.theonion.com/man-who-just-beat-computer-solitaire-never-asked-for-ov-1829224410,"Below is an instruction that describes a sentiment analysis task.

### Instruction:
Given the following text, please determine if it should be classified as funny or not funny. Base your classification on humor elements such as wit, irony, absurdity, or comedic timing.

### Input:
man who just beat computer solitaire never asked for overwhelming sensory assault of victory animation

### Response:
",Yes
1,production of 'iceman cometh' canceled due to entire cast getting called back for axe body spray commercial,https://entertainment.theonion.com/production-of-iceman-cometh-canceled-due-to-entire-cast-1819572583,"Below is an instruction that describes a sentiment analysis task.

### Instruction:
Given the following text, please determine if it should be classified as funny or not funny. Base your classification on humor elements such as wit, irony, absurdity, or comedic timing.

### Input:
production of 'iceman cometh' canceled due to entire cast getting called back for axe body spray commercial

### Response:
",Yes
1,"dept. of labor reports it could be nothing, but they may have spotted job in iowa strip mall",https://www.theonion.com/dept-of-labor-reports-it-could-be-nothing-but-they-ma-1819572830,"Below is an instruction that describes a sentiment analysis task.

### Instruction:
Given the following text, please determine if it should be classified as funny or not funny. Base your classification on humor elements such as wit, irony, absurdity, or comedic timing.

### Input:
dept. of labor reports it could be nothing, but they may have spotted job in iowa strip mall

### Response:
",Yes
0,artist merges genders with her late lover as ultimate artistic collaboration (nsfw),https://www.huffingtonpost.com/entry/breyer-p-orridge--pierre-molinier_n_5838452.html,"Below is an instruction that describes a sentiment analysis task.

### Instruction:
Given the following text, please determine if it should be classified as funny or not funny. Base your classification on humor elements such as wit, irony, absurdity, or comedic timing.

### Input:
artist merges genders with her late lover as ultimate artistic collaboration (nsfw)

### Response:
",Yes
1,local man puts rehab behind him,https://local.theonion.com/local-man-puts-rehab-behind-him-1819565173,"Below is an instruction that describes a sentiment analysis task.

### Instruction:
Given the following text, please determine if it should be classified as funny or not funny. Base your classification on humor elements such as wit, irony, absurdity, or comedic timing.

### Input:
local man puts rehab behind him

### Response:
",No
0,leaked report: jerusalem at boiling point,https://www.huffingtonpost.com/entry/leaked-eu-report-jerusale_n_6909536.html,"Below is an instruction that describes a sentiment analysis task.

### Instruction:
Given the following text, please determine if it should be classified as funny or not funny. Base your classification on humor elements such as wit, irony, absurdity, or comedic timing.

### Input:
leaked report: jerusalem at boiling point

### Response:
",No
0,will tax reform close the gaps?,https://www.huffingtonpost.com/entry/will-tax-reform-close-the-gaps_us_59cbf05be4b02ba6621ff9da,"Below is an instruction that describes a sentiment analysis task.

### Instruction:
Given the following text, please determine if it should be classified as funny or not funny. Base your classification on humor elements such as wit, irony, absurdity, or comedic timing.

### Input:
will tax reform close the gaps?

### Response:
",No
1,at&t ceo regrets hiring cohen instead of just dropping a ton of cash at trump international hotel like everyone else,https://politics.theonion.com/at-t-ceo-regrets-hiring-cohen-instead-of-just-dropping-1825958061,"Below is an instruction that describes a sentiment analysis task.

### Instruction:
Given the following text, please determine if it should be classified as funny or not funny. Base your classification on humor elements such as wit, irony, absurdity, or comedic timing.

### Input:
at&t ceo regrets hiring cohen instead of just dropping a ton of cash at trump international hotel like everyone else

### Response:
",Yes
0,when art becomes poison,https://www.huffingtonpost.com/entry/when-art-becomes-poison_b_7504244.html,"Below is an instruction that describes a sentiment analysis task.

### Instruction:
Given the following text, please determine if it should be classified as funny or not funny. Base your classification on humor elements such as wit, irony, absurdity, or comedic timing.

### Input:
when art becomes poison

### Response:
",No
1,tic-tac-toe grandmaster devises brilliant new gambit,https://local.theonion.com/tic-tac-toe-grandmaster-devises-brilliant-new-gambit-1819589890,"Below is an instruction that describes a sentiment analysis task.

### Instruction:
Given the following text, please determine if it should be classified as funny or not funny. Base your classification on humor elements such as wit, irony, absurdity, or comedic timing.

### Input:
tic-tac-toe grandmaster devises brilliant new gambit

### Response:
",No
1,study finds 70% of bingo winners end up prizeless within 5 years,https://www.theonion.com/study-finds-70-of-bingo-winners-end-up-prizeless-withi-1827998242,"Below is an instruction that describes a sentiment analysis task.

### Instruction:
Given the following text, please determine if it should be classified as funny or not funny. Base your classification on humor elements such as wit, irony, absurdity, or comedic timing.

### Input:
study finds 70% of bingo winners end up prizeless within 5 years

### Response:
",Yes
1,"roommate, girlfriend never seem to have sex",https://local.theonion.com/roommate-girlfriend-never-seem-to-have-sex-1819572966,"Below is an instruction that describes a sentiment analysis task.

### Instruction:
Given the following text, please determine if it should be classified as funny or not funny. Base your classification on humor elements such as wit, irony, absurdity, or comedic timing.

### Input:
roommate, girlfriend never seem to have sex

### Response:
",Yes
1,universe ends as god wakes up next to suzanne pleshette,https://www.theonion.com/universe-ends-as-god-wakes-up-next-to-suzanne-pleshette-1819565148,"Below is an instruction that describes a sentiment analysis task.

### Instruction:
Given the following text, please determine if it should be classified as funny or not funny. Base your classification on humor elements such as wit, irony, absurdity, or comedic timing.

### Input:
universe ends as god wakes up next to suzanne pleshette

### Response:
",Yes
1,royal baby spits up on great-grandmother,https://www.theonion.com/royal-baby-spits-up-on-great-grandmother-1819575352,"Below is an instruction that describes a sentiment analysis task.

### Instruction:
Given the following text, please determine if it should be classified as funny or not funny. Base your classification on humor elements such as wit, irony, absurdity, or comedic timing.

### Input:
royal baby spits up on great-grandmother

### Response:
",No
1,scott pruitt accused of bribing fifa referee within 10 minutes of u.s. world cup announcement,https://politics.theonion.com/scott-pruitt-accused-of-bribing-fifa-referee-within-10-1826801496,"Below is an instruction that describes a sentiment analysis task.

### Instruction:
Given the following text, please determine if it should be classified as funny or not funny. Base your classification on humor elements such as wit, irony, absurdity, or comedic timing.

### Input:
scott pruitt accused of bribing fifa referee within 10 minutes of u.s. world cup announcement

### Response:
",No
0,world meets premiere,https://www.huffingtonpost.com/entry/girl-meets-world-online_n_5366294.html,"Below is an instruction that describes a sentiment analysis task.

### Instruction:
Given the following text, please determine if it should be classified as funny or not funny. Base your classification on humor elements such as wit, irony, absurdity, or comedic timing.

### Input:
world meets premiere

### Response:
",No
1,clinton appoints very special cabinet member,https://politics.theonion.com/clinton-appoints-very-special-cabinet-member-1819564142,"Below is an instruction that describes a sentiment analysis task.

### Instruction:
Given the following text, please determine if it should be classified as funny or not funny. Base your classification on humor elements such as wit, irony, absurdity, or comedic timing.

### Input:
clinton appoints very special cabinet member

### Response:
",Yes
1,authority figure demands to know meaning of this,https://local.theonion.com/authority-figure-demands-to-know-meaning-of-this-1819567180,"Below is an instruction that describes a sentiment analysis task.

### Instruction:
Given the following text, please determine if it should be classified as funny or not funny. Base your classification on humor elements such as wit, irony, absurdity, or comedic timing.

### Input:
authority figure demands to know meaning of this

### Response:
",Yes
1,nation's moms demand christmas list,https://local.theonion.com/nations-moms-demand-christmas-list-1819573159,"Below is an instruction that describes a sentiment analysis task.

### Instruction:
Given the following text, please determine if it should be classified as funny or not funny. Base your classification on humor elements such as wit, irony, absurdity, or comedic timing.

### Input:
nation's moms demand christmas list

### Response:
",No
1,hog executed farmland style,https://www.theonion.com/hog-executed-farmland-style-1819567062,"Below is an instruction that describes a sentiment analysis task.

### Instruction:
Given the following text, please determine if it should be classified as funny or not funny. Base your classification on humor elements such as wit, irony, absurdity, or comedic timing.

### Input:
hog executed farmland style

### Response:
",No
0,'fire rainbow' supplants double rainbow as social media rainbow of choice,https://www.huffingtonpost.com/entry/fire-rainbow-south-carolina_us_55d60d3fe4b07addcb45dd53,"Below is an instruction that describes a sentiment analysis task.

### Instruction:
Given the following text, please determine if it should be classified as funny or not funny. Base your classification on humor elements such as wit, irony, absurdity, or comedic timing.

### Input:
'fire rainbow' supplants double rainbow as social media rainbow of choice

### Response:
",No
1,"good guy with gun, bad guy with gun both excited to unload firearm in crowd outside arena",https://www.theonion.com/good-guy-with-gun-bad-guy-with-gun-both-excited-to-unl-1819579051,"Below is an instruction that describes a sentiment analysis task.

### Instruction:
Given the following text, please determine if it should be classified as funny or not funny. Base your classification on humor elements such as wit, irony, absurdity, or comedic timing.

### Input:
good guy with gun, bad guy with gun both excited to unload firearm in crowd outside arena

### Response:
",Yes
0,u.s. justices reject challenge to protest ban on supreme court plaza,https://www.huffingtonpost.com/entry/us-justices-reject-challenge-to-protest-ban-on-supreme-court-plaza_us_5739d87fe4b060aa781aba60,"Below is an instruction that describes a sentiment analysis task.

### Instruction:
Given the following text, please determine if it should be classified as funny or not funny. Base your classification on humor elements such as wit, irony, absurdity, or comedic timing.

### Input:
u.s. justices reject challenge to protest ban on supreme court plaza

### Response:
",No
0,mass die-off of dolphins directly linked to deepwater horizon spill,https://www.huffingtonpost.com/entry/deepwater-horizon-dolphin-deaths_n_7346250.html,"Below is an instruction that describes a sentiment analysis task.

### Instruction:
Given the following text, please determine if it should be classified as funny or not funny. Base your classification on humor elements such as wit, irony, absurdity, or comedic timing.

### Input:
mass die-off of dolphins directly linked to deepwater horizon spill

### Response:
",No
0,"trump's problems aren't going away: despite conflicting testimony, americans will believe comey has told the truth",https://www.huffingtonpost.com/entry/trumps-problems-arent-going-away-despite-conflicting_us_594060e1e4b0d99b4c920f7c,"Below is an instruction that describes a sentiment analysis task.

### Instruction:
Given the following text, please determine if it should be classified as funny or not funny. Base your classification on humor elements such as wit, irony, absurdity, or comedic timing.

### Input:
trump's problems aren't going away: despite conflicting testimony, americans will believe comey has told the truth

### Response:
",No
1,fda confirms psilocybin reduces risk of mindlessly following society's rules like fucking lemming,https://www.theonion.com/fda-confirms-psilocybin-reduces-risk-of-mindlessly-foll-1821046978,"Below is an instruction that describes a sentiment analysis task.

### Instruction:
Given the following text, please determine if it should be classified as funny or not funny. Base your classification on humor elements such as wit, irony, absurdity, or comedic timing.

### Input:
fda confirms psilocybin reduces risk of mindlessly following society's rules like fucking lemming

### Response:
",Yes
0,the important reason why we need to embrace creativity,https://www.huffingtonpost.com/entry/create_b_5500773.html,"Below is an instruction that describes a sentiment analysis task.

### Instruction:
Given the following text, please determine if it should be classified as funny or not funny. Base your classification on humor elements such as wit, irony, absurdity, or comedic timing.

### Input:
the important reason why we need to embrace creativity

### Response:
",No
1,'boating world magazine' giving live updates as its team of reporters reads all of mueller report,https://politics.theonion.com/boating-world-magazine-giving-live-updates-as-its-tea-1834152242,"Below is an instruction that describes a sentiment analysis task.

### Instruction:
Given the following text, please determine if it should be classified as funny or not funny. Base your classification on humor elements such as wit, irony, absurdity, or comedic timing.

### Input:
'boating world magazine' giving live updates as its team of reporters reads all of mueller report

### Response:
",No
0,international women's day,https://www.huffingtonpost.com/entry/international-womens-day_b_6824064.html,"Below is an instruction that describes a sentiment analysis task.

### Instruction:
Given the following text, please determine if it should be classified as funny or not funny. Base your classification on humor elements such as wit, irony, absurdity, or comedic timing.

### Input:
international women's day

### Response:
",No
1,dead ipod remembered as expensive,https://www.theonion.com/dead-ipod-remembered-as-expensive-1819567908,"Below is an instruction that describes a sentiment analysis task.

### Instruction:
Given the following text, please determine if it should be classified as funny or not funny. Base your classification on humor elements such as wit, irony, absurdity, or comedic timing.

### Input:
dead ipod remembered as expensive

### Response:
",No
1,harrison ford begs agents to just let him die now,https://entertainment.theonion.com/harrison-ford-begs-agents-to-just-let-him-die-now-1819575803,"Below is an instruction that describes a sentiment analysis task.

### Instruction:
Given the following text, please determine if it should be classified as funny or not funny. Base your classification on humor elements such as wit, irony, absurdity, or comedic timing.

### Input:
harrison ford begs agents to just let him die now

### Response:
",Yes
1,expiration of contract allows fergie to put on pair of pants for first time in 5 years,https://entertainment.theonion.com/expiration-of-contract-allows-fergie-to-put-on-pair-of-1819572982,"Below is an instruction that describes a sentiment analysis task.

### Instruction:
Given the following text, please determine if it should be classified as funny or not funny. Base your classification on humor elements such as wit, irony, absurdity, or comedic timing.

### Input:
expiration of contract allows fergie to put on pair of pants for first time in 5 years

### Response:
",Yes
0,"huffpost hill - trump heads to louisiana, will distribute the classiest, absolute best mres",https://www.huffingtonpost.com/entry/huffpost-hill-trump-heads-to-louisiana-will-distribute-the-classiest-absolute-best-mres_us_57b76a18e4b0b51733a38189,"Below is an instruction that describes a sentiment analysis task.

### Instruction:
Given the following text, please determine if it should be classified as funny or not funny. Base your classification on humor elements such as wit, irony, absurdity, or comedic timing.

### Input:
huffpost hill - trump heads to louisiana, will distribute the classiest, absolute best mres

### Response:
",Yes
1,5-year-old critics agree: movie 'cars' only gets better after 40th viewing,https://entertainment.theonion.com/5-year-old-critics-agree-movie-cars-only-gets-better-1819572514,"Below is an instruction that describes a sentiment analysis task.

### Instruction:
Given the following text, please determine if it should be classified as funny or not funny. Base your classification on humor elements such as wit, irony, absurdity, or comedic timing.

### Input:
5-year-old critics agree: movie 'cars' only gets better after 40th viewing

### Response:
",Yes
1,kushner assures worried ivanka they'd definitely be last jews to go,https://politics.theonion.com/kushner-assures-worried-ivanka-they-d-definitely-be-las-1830282518,"Below is an instruction that describes a sentiment analysis task.

### Instruction:
Given the following text, please determine if it should be classified as funny or not funny. Base your classification on humor elements such as wit, irony, absurdity, or comedic timing.

### Input:
kushner assures worried ivanka they'd definitely be last jews to go

### Response:
",Yes
1,dad doesn't trust the fish here,https://local.theonion.com/dad-doesn-t-trust-the-fish-here-1832012365,"Below is an instruction that describes a sentiment analysis task.

### Instruction:
Given the following text, please determine if it should be classified as funny or not funny. Base your classification on humor elements such as wit, irony, absurdity, or comedic timing.

### Input:
dad doesn't trust the fish here

### Response:
",No
0,"you've just been slammed, slam poetry",https://www.huffingtonpost.com/entry/youve-just-been-slammed-slam-poetry_us_56e0536ae4b0860f99d7609b,"Below is an instruction that describes a sentiment analysis task.

### Instruction:
Given the following text, please determine if it should be classified as funny or not funny. Base your classification on humor elements such as wit, irony, absurdity, or comedic timing.

### Input:
you've just been slammed, slam poetry

### Response:
",Yes
1,aides advise obama to avoid any mention of america during state of the union speech,https://politics.theonion.com/aides-advise-obama-to-avoid-any-mention-of-america-duri-1819576038,"Below is an instruction that describes a sentiment analysis task.

### Instruction:
Given the following text, please determine if it should be classified as funny or not funny. Base your classification on humor elements such as wit, irony, absurdity, or comedic timing.

### Input:
aides advise obama to avoid any mention of america during state of the union speech

### Response:
",Yes
1,secret service agent not so secret about being david alan grier fan,https://www.theonion.com/secret-service-agent-not-so-secret-about-being-david-al-1819568489,"Below is an instruction that describes a sentiment analysis task.

### Instruction:
Given the following text, please determine if it should be classified as funny or not funny. Base your classification on humor elements such as wit, irony, absurdity, or comedic timing.

### Input:
secret service agent not so secret about being david alan grier fan

### Response:
",Yes
0,'draft biden' super pac releases first ad,https://www.huffingtonpost.com/entry/draft-biden-first-ad_us_56151876e4b0fad1591a1bbf,"Below is an instruction that describes a sentiment analysis task.

### Instruction:
Given the following text, please determine if it should be classified as funny or not funny. Base your classification on humor elements such as wit, irony, absurdity, or comedic timing.

### Input:
'draft biden' super pac releases first ad

### Response:
",No
0,maryland gov. larry hogan breaks 'partisan gridlock' boards using taekwondo,https://www.huffingtonpost.com/entry/larry-hogan-taekwondo_us_5704769be4b0b90ac2709ead,"Below is an instruction that describes a sentiment analysis task.

### Instruction:
Given the following text, please determine if it should be classified as funny or not funny. Base your classification on humor elements such as wit, irony, absurdity, or comedic timing.

### Input:
maryland gov. larry hogan breaks 'partisan gridlock' boards using taekwondo

### Response:
",Yes
1,jason momoa reveals he spent months becoming useless dumbass to get into character for 'aquaman',https://entertainment.theonion.com/jason-momoa-reveals-he-spent-months-becoming-useless-du-1828391338,"Below is an instruction that describes a sentiment analysis task.

### Instruction:
Given the following text, please determine if it should be classified as funny or not funny. Base your classification on humor elements such as wit, irony, absurdity, or comedic timing.

### Input:
jason momoa reveals he spent months becoming useless dumbass to get into character for 'aquaman'

### Response:
",Yes
0,hillary clinton on las vegas shooting: 'we must stand up to the nra',https://www.huffingtonpost.com/entry/hillary-clinton-on-las-vegas-shooting-we-must-stand-up-to-the-nra_us_59d24b49e4b09538b509ab39,"Below is an instruction that describes a sentiment analysis task.

### Instruction:
Given the following text, please determine if it should be classified as funny or not funny. Base your classification on humor elements such as wit, irony, absurdity, or comedic timing.

### Input:
hillary clinton on las vegas shooting: 'we must stand up to the nra'

### Response:
",No
1,vacation-bound rush limbaugh to do nothing but golf and respect minorities for 2 weeks,https://entertainment.theonion.com/vacation-bound-rush-limbaugh-to-do-nothing-but-golf-and-1819572559,"Below is an instruction that describes a sentiment analysis task.

### Instruction:
Given the following text, please determine if it should be classified as funny or not funny. Base your classification on humor elements such as wit, irony, absurdity, or comedic timing.

### Input:
vacation-bound rush limbaugh to do nothing but golf and respect minorities for 2 weeks

### Response:
",Yes
1,royal wedding photographer feeling pretty guilty about time he ran princess di off road,https://www.theonion.com/royal-wedding-photographer-feeling-pretty-guilty-about-1826151767,"Below is an instruction that describes a sentiment analysis task.

### Instruction:
Given the following text, please determine if it should be classified as funny or not funny. Base your classification on humor elements such as wit, irony, absurdity, or comedic timing.

### Input:
royal wedding photographer feeling pretty guilty about time he ran princess di off road

### Response:
",Yes
1,"woman's body confusing jumble of celtic, egyptian, japanese symbols",https://local.theonion.com/womans-body-confusing-jumble-of-celtic-egyptian-japan-1819587372,"Below is an instruction that describes a sentiment analysis task.

### Instruction:
Given the following text, please determine if it should be classified as funny or not funny. Base your classification on humor elements such as wit, irony, absurdity, or comedic timing.

### Input:
woman's body confusing jumble of celtic, egyptian, japanese symbols

### Response:
",Yes
0,trump and clinton characters to appear on 'american horror story',https://www.huffingtonpost.com/entry/there-will-be-donald-trump-and-hillary-clinton-characters-on-american-horror-story_us_58b99125e4b0b998941713bb,"Below is an instruction that describes a sentiment analysis task.

### Instruction:
Given the following text, please determine if it should be classified as funny or not funny. Base your classification on humor elements such as wit, irony, absurdity, or comedic timing.

### Input:
trump and clinton characters to appear on 'american horror story'

### Response:
",No
1,huckabee sanders tells colleagues she's taking temporary post as google ceo before transitioning into full-time role as sultan of brunei,https://politics.theonion.com/huckabee-sanders-tells-colleagues-she-s-taking-temporar-1835524222,"Below is an instruction that describes a sentiment analysis task.

### Instruction:
Given the following text, please determine if it should be classified as funny or not funny. Base your classification on humor elements such as wit, irony, absurdity, or comedic timing.

### Input:
huckabee sanders tells colleagues she's taking temporary post as google ceo before transitioning into full-time role as sultan of brunei

### Response:
",Yes
1,pope francis rides into st. peter's square on giant glowing lamb for easter mass,https://www.theonion.com/pope-francis-rides-into-st-peter-s-square-on-giant-glo-1819579843,"Below is an instruction that describes a sentiment analysis task.

### Instruction:
Given the following text, please determine if it should be classified as funny or not funny. Base your classification on humor elements such as wit, irony, absurdity, or comedic timing.

### Input:
pope francis rides into st. peter's square on giant glowing lamb for easter mass

### Response:
",Yes
1,grandmother down to 10-step radius around recliner in den,https://local.theonion.com/grandmother-down-to-10-step-radius-around-recliner-in-d-1819578410,"Below is an instruction that describes a sentiment analysis task.

### Instruction:
Given the following text, please determine if it should be classified as funny or not funny. Base your classification on humor elements such as wit, irony, absurdity, or comedic timing.

### Input:
grandmother down to 10-step radius around recliner in den

### Response:
",Yes
0,thinking more broadly about mothering this mother's day,https://www.huffingtonpost.com/entry/thinking-more-broadly-about-mothering-this-mothers-day_b_7183126.html,"Below is an instruction that describes a sentiment analysis task.

### Instruction:
Given the following text, please determine if it should be classified as funny or not funny. Base your classification on humor elements such as wit, irony, absurdity, or comedic timing.

### Input:
thinking more broadly about mothering this mother's day

### Response:
",No
1,little debbie conquers jenny craig in midnight showdown,https://www.theonion.com/little-debbie-conquers-jenny-craig-in-midnight-showdown-1819586399,"Below is an instruction that describes a sentiment analysis task.

### Instruction:
Given the following text, please determine if it should be classified as funny or not funny. Base your classification on humor elements such as wit, irony, absurdity, or comedic timing.

### Input:
little debbie conquers jenny craig in midnight showdown

### Response:
",Yes
0,merriam-webster has six simple words for those sexist 'doctor who' fans,https://www.huffingtonpost.com/entry/merriam-webster-has-six-simple-words-for-those-sexist-doctor-who-fans_us_596cf178e4b0b95f893d15f6,"Below is an instruction that describes a sentiment analysis task.

### Instruction:
Given the following text, please determine if it should be classified as funny or not funny. Base your classification on humor elements such as wit, irony, absurdity, or comedic timing.

### Input:
merriam-webster has six simple words for those sexist 'doctor who' fans

### Response:
",Yes
1,fanatically devoted nerd could potentially turn on simon pegg at any moment,https://entertainment.theonion.com/fanatically-devoted-nerd-could-potentially-turn-on-simo-1819575683,"Below is an instruction that describes a sentiment analysis task.

### Instruction:
Given the following text, please determine if it should be classified as funny or not funny. Base your classification on humor elements such as wit, irony, absurdity, or comedic timing.

### Input:
fanatically devoted nerd could potentially turn on simon pegg at any moment

### Response:
",Yes
0,stealth trans houdini in the men's locker room,https://www.huffingtonpost.com/entry/stealth-trans-houdini-in-_b_8831798.html,"Below is an instruction that describes a sentiment analysis task.

### Instruction:
Given the following text, please determine if it should be classified as funny or not funny. Base your classification on humor elements such as wit, irony, absurdity, or comedic timing.

### Input:
stealth trans houdini in the men's locker room

### Response:
",Yes
1,man already has whole sentence lined up for later in conversation,https://local.theonion.com/man-already-has-whole-sentence-lined-up-for-later-in-co-1819580389,"Below is an instruction that describes a sentiment analysis task.

### Instruction:
Given the following text, please determine if it should be classified as funny or not funny. Base your classification on humor elements such as wit, irony, absurdity, or comedic timing.

### Input:
man already has whole sentence lined up for later in conversation

### Response:
",Yes
0,the horrible awkwardness and angst of being a beginner: in aikido or at anything,https://www.huffingtonpost.com/entry/the-horrible-awkwardness-and-angst-of-being-a-beginner_b_5706369.html,"Below is an instruction that describes a sentiment analysis task.

### Instruction:
Given the following text, please determine if it should be classified as funny or not funny. Base your classification on humor elements such as wit, irony, absurdity, or comedic timing.

### Input:
the horrible awkwardness and angst of being a beginner: in aikido or at anything

### Response:
",Yes
1,"'i don't fit into any of corporate america's little boxes,' says single, 18-to-36-year-old hispanic female with brand loyalty to tom's, chobani",https://www.theonion.com/i-don-t-fit-into-any-of-corporate-america-s-little-box-1824207087,"Below is an instruction that describes a sentiment analysis task.

### Instruction:
Given the following text, please determine if it should be classified as funny or not funny. Base your classification on humor elements such as wit, irony, absurdity, or comedic timing.

### Input:
'i don't fit into any of corporate america's little boxes,' says single, 18-to-36-year-old hispanic female with brand loyalty to tom's, chobani

### Response:
",No
1,chuck grassley scratches 'christine blasey's a slut' into senate bathroom stall,https://politics.theonion.com/chuck-grassley-scratches-christine-blasey-s-a-slut-in-1829460008,"Below is an instruction that describes a sentiment analysis task.

### Instruction:
Given the following text, please determine if it should be classified as funny or not funny. Base your classification on humor elements such as wit, irony, absurdity, or comedic timing.

### Input:
chuck grassley scratches 'christine blasey's a slut' into senate bathroom stall

### Response:
",Yes
1,desktop zen rock garden thrown at assistant,https://www.theonion.com/desktop-zen-rock-garden-thrown-at-assistant-1819587332,"Below is an instruction that describes a sentiment analysis task.

### Instruction:
Given the following text, please determine if it should be classified as funny or not funny. Base your classification on humor elements such as wit, irony, absurdity, or comedic timing.

### Input:
desktop zen rock garden thrown at assistant

### Response:
",Yes
1,bugs infesting area apartment have no clear goal,https://local.theonion.com/bugs-infesting-area-apartment-have-no-clear-goal-1819572967,"Below is an instruction that describes a sentiment analysis task.

### Instruction:
Given the following text, please determine if it should be classified as funny or not funny. Base your classification on humor elements such as wit, irony, absurdity, or comedic timing.

### Input:
bugs infesting area apartment have no clear goal

### Response:
",No
0,california's best answer to prison overcrowding,https://www.huffingtonpost.com/entry/chino-divers_b_5303858.html,"Below is an instruction that describes a sentiment analysis task.

### Instruction:
Given the following text, please determine if it should be classified as funny or not funny. Base your classification on humor elements such as wit, irony, absurdity, or comedic timing.

### Input:
california's best answer to prison overcrowding

### Response:
",No
1,self-actualized historians urge nation not to get hung up on the past,https://www.theonion.com/self-actualized-historians-urge-nation-not-to-get-hung-1833635182,"Below is an instruction that describes a sentiment analysis task.

### Instruction:
Given the following text, please determine if it should be classified as funny or not funny. Base your classification on humor elements such as wit, irony, absurdity, or comedic timing.

### Input:
self-actualized historians urge nation not to get hung up on the past

### Response:
",Yes
1,gingrich urges romney to drop out so he can focus on general election,https://politics.theonion.com/gingrich-urges-romney-to-drop-out-so-he-can-focus-on-ge-1819573410,"Below is an instruction that describes a sentiment analysis task.

### Instruction:
Given the following text, please determine if it should be classified as funny or not funny. Base your classification on humor elements such as wit, irony, absurdity, or comedic timing.

### Input:
gingrich urges romney to drop out so he can focus on general election

### Response:
",No
1,townsfolk strongly prefer man's werewolf incarnation,https://local.theonion.com/townsfolk-strongly-prefer-mans-werewolf-incarnation-1819571869,"Below is an instruction that describes a sentiment analysis task.

### Instruction:
Given the following text, please determine if it should be classified as funny or not funny. Base your classification on humor elements such as wit, irony, absurdity, or comedic timing.

### Input:
townsfolk strongly prefer man's werewolf incarnation

### Response:
",No
1,grandmother can't believe they let people with tattoos on price is right,https://entertainment.theonion.com/grandmother-cant-believe-they-let-people-with-tattoos-o-1819567208,"Below is an instruction that describes a sentiment analysis task.

### Instruction:
Given the following text, please determine if it should be classified as funny or not funny. Base your classification on humor elements such as wit, irony, absurdity, or comedic timing.

### Input:
grandmother can't believe they let people with tattoos on price is right

### Response:
",Yes
1,coach filmed before live studio audience,https://www.theonion.com/coach-filmed-before-live-studio-audience-1819586170,"Below is an instruction that describes a sentiment analysis task.

### Instruction:
Given the following text, please determine if it should be classified as funny or not funny. Base your classification on humor elements such as wit, irony, absurdity, or comedic timing.

### Input:
coach filmed before live studio audience

### Response:
",No
0,facebook plans to hand over russia-linked ads to congress,https://www.huffingtonpost.com/entry/facebook-russia-congress-mark-zuckerberg_us_59d1adf4e4b06791bb1163ad,"Below is an instruction that describes a sentiment analysis task.

### Instruction:
Given the following text, please determine if it should be classified as funny or not funny. Base your classification on humor elements such as wit, irony, absurdity, or comedic timing.

### Input:
facebook plans to hand over russia-linked ads to congress

### Response:
",No
1,"relationship not a power struggle, woman who's winning reports",https://local.theonion.com/relationship-not-a-power-struggle-woman-whos-winning-r-1819571044,"Below is an instruction that describes a sentiment analysis task.

### Instruction:
Given the following text, please determine if it should be classified as funny or not funny. Base your classification on humor elements such as wit, irony, absurdity, or comedic timing.

### Input:
relationship not a power struggle, woman who's winning reports

### Response:
",Yes
1,list of names on gchat sidebar like a portal into area man's past lives,https://local.theonion.com/list-of-names-on-gchat-sidebar-like-a-portal-into-area-1819579005,"Below is an instruction that describes a sentiment analysis task.

### Instruction:
Given the following text, please determine if it should be classified as funny or not funny. Base your classification on humor elements such as wit, irony, absurdity, or comedic timing.

### Input:
list of names on gchat sidebar like a portal into area man's past lives

### Response:
",Yes
0,transgender inmates to be integrated according to identity in san francisco,https://www.huffingtonpost.com/entry/transgender-inmates-to-be-held-with-preferred-gender_us_55f32015e4b042295e362e8a,"Below is an instruction that describes a sentiment analysis task.

### Instruction:
Given the following text, please determine if it should be classified as funny or not funny. Base your classification on humor elements such as wit, irony, absurdity, or comedic timing.

### Input:
transgender inmates to be integrated according to identity in san francisco

### Response:
",No
1,viral video sparks national debate around drumming in public,https://www.theonion.com/viral-video-sparks-national-debate-around-drumming-in-p-1831960145,"Below is an instruction that describes a sentiment analysis task.

### Instruction:
Given the following text, please determine if it should be classified as funny or not funny. Base your classification on humor elements such as wit, irony, absurdity, or comedic timing.

### Input:
viral video sparks national debate around drumming in public

### Response:
",No
0,protesters rally against gop health care plan at senate office building,https://www.huffingtonpost.com/entry/senate-health-care-protests_us_596d04ece4b010d77672f70d,"Below is an instruction that describes a sentiment analysis task.

### Instruction:
Given the following text, please determine if it should be classified as funny or not funny. Base your classification on humor elements such as wit, irony, absurdity, or comedic timing.

### Input:
protesters rally against gop health care plan at senate office building

### Response:
",No
1,serial killer annoyed by young murderers with no appreciation for albert fish,https://local.theonion.com/serial-killer-annoyed-by-young-murderers-with-no-apprec-1825175154,"Below is an instruction that describes a sentiment analysis task.

### Instruction:
Given the following text, please determine if it should be classified as funny or not funny. Base your classification on humor elements such as wit, irony, absurdity, or comedic timing.

### Input:
serial killer annoyed by young murderers with no appreciation for albert fish

### Response:
",Yes
0,watch: americans open up about what it's like to be muslim in this country,https://www.huffingtonpost.com/entry/muslim-americans-fear-america_us_56f9413ce4b0a372181a57c7,"Below is an instruction that describes a sentiment analysis task.

### Instruction:
Given the following text, please determine if it should be classified as funny or not funny. Base your classification on humor elements such as wit, irony, absurdity, or comedic timing.

### Input:
watch: americans open up about what it's like to be muslim in this country

### Response:
",No
0,6 amazing lessons i learned about manhood from my grandpa,https://www.huffingtonpost.comhttps://goodmenproject.com/featured-content/6-amazing-lessons-i-learned-about-manhood-from-my-grandpa-bbab/,"Below is an instruction that describes a sentiment analysis task.

### Instruction:
Given the following text, please determine if it should be classified as funny or not funny. Base your classification on humor elements such as wit, irony, absurdity, or comedic timing.

### Input:
6 amazing lessons i learned about manhood from my grandpa

### Response:
",Yes
1,area man really banking on unconditional love doing most of heavy lifting for mother's day bouquet,https://local.theonion.com/area-man-really-banking-on-unconditional-love-doing-mos-1825955443,"Below is an instruction that describes a sentiment analysis task.

### Instruction:
Given the following text, please determine if it should be classified as funny or not funny. Base your classification on humor elements such as wit, irony, absurdity, or comedic timing.

### Input:
area man really banking on unconditional love doing most of heavy lifting for mother's day bouquet

### Response:
",Yes
1,"trump invites supporter, bbc cameraman to finish altercation at white house",https://politics.theonion.com/trump-invites-supporter-bbc-cameraman-to-finish-alterc-1832572550,"Below is an instruction that describes a sentiment analysis task.

### Instruction:
Given the following text, please determine if it should be classified as funny or not funny. Base your classification on humor elements such as wit, irony, absurdity, or comedic timing.

### Input:
trump invites supporter, bbc cameraman to finish altercation at white house

### Response:
",No
0,proof that it pays to piss off sarah palin,https://www.huffingtonpost.com/entry/game-change-sarah-palin-danny-strong_n_6745288.html,"Below is an instruction that describes a sentiment analysis task.

### Instruction:
Given the following text, please determine if it should be classified as funny or not funny. Base your classification on humor elements such as wit, irony, absurdity, or comedic timing.

### Input:
proof that it pays to piss off sarah palin

### Response:
",Yes
0,the case for the school bus as the final tech-free frontier,https://www.huffingtonpost.com/entry/the-case-for-the-school-bus-as-the-final-tech-free-frontier_b_7457028.html,"Below is an instruction that describes a sentiment analysis task.

### Instruction:
Given the following text, please determine if it should be classified as funny or not funny. Base your classification on humor elements such as wit, irony, absurdity, or comedic timing.

### Input:
the case for the school bus as the final tech-free frontier

### Response:
",No
1,woman nervous for boyfriend to meet person she becomes around parents,https://local.theonion.com/woman-nervous-for-boyfriend-to-meet-person-she-becomes-1833131233,"Below is an instruction that describes a sentiment analysis task.

### Instruction:
Given the following text, please determine if it should be classified as funny or not funny. Base your classification on humor elements such as wit, irony, absurdity, or comedic timing.

### Input:
woman nervous for boyfriend to meet person she becomes around parents

### Response:
",No
0,3 ways you can be a more positive leader,https://www.huffingtonpost.com/entry/3-ways-you-can-be-a-more-_b_5992118.html,"Below is an instruction that describes a sentiment analysis task.

### Instruction:
Given the following text, please determine if it should be classified as funny or not funny. Base your classification on humor elements such as wit, irony, absurdity, or comedic timing.

### Input:
3 ways you can be a more positive leader

### Response:
",No
0,tom petty's last tour included a subtle nod of support for trans rights,https://www.huffingtonpost.com/entry/tom-petty-transgender-rights-concert_us_59d52a8be4b0cde458728e07,"Below is an instruction that describes a sentiment analysis task.

### Instruction:
Given the following text, please determine if it should be classified as funny or not funny. Base your classification on humor elements such as wit, irony, absurdity, or comedic timing.

### Input:
tom petty's last tour included a subtle nod of support for trans rights

### Response:
",No
0,billionaire cash is flooding los angeles to push trump-devos school choice agenda,https://www.huffingtonpost.com/entry/billionaire-cash-is-flooding-los-angeles-to-push-trump_us_5914bfc2e4b02d6199b2ed75,"Below is an instruction that describes a sentiment analysis task.

### Instruction:
Given the following text, please determine if it should be classified as funny or not funny. Base your classification on humor elements such as wit, irony, absurdity, or comedic timing.

### Input:
billionaire cash is flooding los angeles to push trump-devos school choice agenda

### Response:
",No
0,georgia to provide planned parenthood with free std test kits again,https://www.huffingtonpost.com/entry/georgia-planned-parenthood-std_us_55cb7a60e4b0f73b20bb6003,"Below is an instruction that describes a sentiment analysis task.

### Instruction:
Given the following text, please determine if it should be classified as funny or not funny. Base your classification on humor elements such as wit, irony, absurdity, or comedic timing.

### Input:
georgia to provide planned parenthood with free std test kits again

### Response:
",No
0,"private prison company backs super pacs for donald trump, senate republicans",https://www.huffingtonpost.com/entry/donald-trump-private-prison_us_580e7b02e4b000d0b1583000,"Below is an instruction that describes a sentiment analysis task.

### Instruction:
Given the following text, please determine if it should be classified as funny or not funny. Base your classification on humor elements such as wit, irony, absurdity, or comedic timing.

### Input:
private prison company backs super pacs for donald trump, senate republicans

### Response:
",No
1,giuliani puts odds of trump-mueller interview at 50-65,https://politics.theonion.com/giuliani-puts-odds-of-trump-mueller-interview-at-50-65-1828236957,"Below is an instruction that describes a sentiment analysis task.

### Instruction:
Given the following text, please determine if it should be classified as funny or not funny. Base your classification on humor elements such as wit, irony, absurdity, or comedic timing.

### Input:
giuliani puts odds of trump-mueller interview at 50-65

### Response:
",No
1,hate-crime bill stalled by pro-hate lobby,https://politics.theonion.com/hate-crime-bill-stalled-by-pro-hate-lobby-1819564945,"Below is an instruction that describes a sentiment analysis task.

### Instruction:
Given the following text, please determine if it should be classified as funny or not funny. Base your classification on humor elements such as wit, irony, absurdity, or comedic timing.

### Input:
hate-crime bill stalled by pro-hate lobby

### Response:
",No
1,annoying coworker precedes all nouns with 'quite the',https://www.theonion.com/annoying-coworker-precedes-all-nouns-with-quite-the-1819565894,"Below is an instruction that describes a sentiment analysis task.

### Instruction:
Given the following text, please determine if it should be classified as funny or not funny. Base your classification on humor elements such as wit, irony, absurdity, or comedic timing.

### Input:
annoying coworker precedes all nouns with 'quite the'

### Response:
",Yes
0,huffpost hill - secret service agents really glad dark sunglasses hide bloodshot eyes,https://www.huffingtonpost.com/entry/huffpost-hill_n_6858772.html,"Below is an instruction that describes a sentiment analysis task.

### Instruction:
Given the following text, please determine if it should be classified as funny or not funny. Base your classification on humor elements such as wit, irony, absurdity, or comedic timing.

### Input:
huffpost hill - secret service agents really glad dark sunglasses hide bloodshot eyes

### Response:
",Yes
0,french authorities hunt for 8th suspect after discovering alleged getaway car,https://www.huffingtonpost.com/entry/one-paris-attacker-identified-french-media-reports_us_56487c19e4b08cda34893136,"Below is an instruction that describes a sentiment analysis task.

### Instruction:
Given the following text, please determine if it should be classified as funny or not funny. Base your classification on humor elements such as wit, irony, absurdity, or comedic timing.

### Input:
french authorities hunt for 8th suspect after discovering alleged getaway car

### Response:
",No
0,thankful for our power: a thankful discourse in a time of reckoning,https://www.huffingtonpost.com/entry/thankful-for-our-power-a-_b_6229540.html,"Below is an instruction that describes a sentiment analysis task.

### Instruction:
Given the following text, please determine if it should be classified as funny or not funny. Base your classification on humor elements such as wit, irony, absurdity, or comedic timing.

### Input:
thankful for our power: a thankful discourse in a time of reckoning

### Response:
",No
0,net neutrality supporters to protest at verizon stores nationwide this week,https://www.huffingtonpost.com/entry/net-neutrality-supporters-to-protest-at-verizon-stores-nationwide_us_5a25696ae4b03c44072f067e,"Below is an instruction that describes a sentiment analysis task.

### Instruction:
Given the following text, please determine if it should be classified as funny or not funny. Base your classification on humor elements such as wit, irony, absurdity, or comedic timing.

### Input:
net neutrality supporters to protest at verizon stores nationwide this week

### Response:
",No
1,new-versus-old electric-slide confusion blamed in wedding-reception pileup,https://www.theonion.com/new-versus-old-electric-slide-confusion-blamed-in-weddi-1819566627,"Below is an instruction that describes a sentiment analysis task.

### Instruction:
Given the following text, please determine if it should be classified as funny or not funny. Base your classification on humor elements such as wit, irony, absurdity, or comedic timing.

### Input:
new-versus-old electric-slide confusion blamed in wedding-reception pileup

### Response:
",Yes
0,"christmas, grief, and moving forward after an alzheimer's diagnosis",https://www.huffingtonpost.com/entry/christmas-grief-and-moving-forward-after-an-alzheimers-diagnosis_b_8870768.html,"Below is an instruction that describes a sentiment analysis task.

### Instruction:
Given the following text, please determine if it should be classified as funny or not funny. Base your classification on humor elements such as wit, irony, absurdity, or comedic timing.

### Input:
christmas, grief, and moving forward after an alzheimer's diagnosis

### Response:
",No
1,1930s comedian pretty sure he's outsmarted murphy bed,https://entertainment.theonion.com/1930s-comedian-pretty-sure-hes-outsmarted-murphy-bed-1819574455,"Below is an instruction that describes a sentiment analysis task.

### Instruction:
Given the following text, please determine if it should be classified as funny or not funny. Base your classification on humor elements such as wit, irony, absurdity, or comedic timing.

### Input:
1930s comedian pretty sure he's outsmarted murphy bed

### Response:
",Yes
0,obama downplays fears after supreme court blocks key climate action,https://www.huffingtonpost.com/entry/obama-supreme-court-climate_us_56bd0db5e4b0b40245c5f30d,"Below is an instruction that describes a sentiment analysis task.

### Instruction:
Given the following text, please determine if it should be classified as funny or not funny. Base your classification on humor elements such as wit, irony, absurdity, or comedic timing.

### Input:
obama downplays fears after supreme court blocks key climate action

### Response:
",No
0,trump's comments about assault are a symptom of a much larger issue,https://www.huffingtonpost.com/entry/trumps-comments-about-assault-are-a-symptom-of-a-much_us_584cd69fe4b0171331051180,"Below is an instruction that describes a sentiment analysis task.

### Instruction:
Given the following text, please determine if it should be classified as funny or not funny. Base your classification on humor elements such as wit, irony, absurdity, or comedic timing.

### Input:
trump's comments about assault are a symptom of a much larger issue

### Response:
",No
1,"oh god, teacher arranged desks in giant circle",https://local.theonion.com/oh-god-teacher-arranged-desks-in-giant-circle-1819577697,"Below is an instruction that describes a sentiment analysis task.

### Instruction:
Given the following text, please determine if it should be classified as funny or not funny. Base your classification on humor elements such as wit, irony, absurdity, or comedic timing.

### Input:
oh god, teacher arranged desks in giant circle

### Response:
",No
1,frito-lay targets blacks with new menthol doritos,https://www.theonion.com/frito-lay-targets-blacks-with-new-menthol-doritos-1819564095,"Below is an instruction that describes a sentiment analysis task.

### Instruction:
Given the following text, please determine if it should be classified as funny or not funny. Base your classification on humor elements such as wit, irony, absurdity, or comedic timing.

### Input:
frito-lay targets blacks with new menthol doritos

### Response:
",No
1,resigning house leader cantor reflects on all the accomplishments he thwarted,https://politics.theonion.com/resigning-house-leader-cantor-reflects-on-all-the-accom-1819576597,"Below is an instruction that describes a sentiment analysis task.

### Instruction:
Given the following text, please determine if it should be classified as funny or not funny. Base your classification on humor elements such as wit, irony, absurdity, or comedic timing.

### Input:
resigning house leader cantor reflects on all the accomplishments he thwarted

### Response:
",Yes
0,"prince harry, meghan markle's first official post-engagement event will be nod to diana",https://www.huffingtonpost.com/entry/prince-harry-meghan-markle-first-official-event-of-engagement-princess-diana_us_5a1eca9be4b0cb0e917d2376,"Below is an instruction that describes a sentiment analysis task.

### Instruction:
Given the following text, please determine if it should be classified as funny or not funny. Base your classification on humor elements such as wit, irony, absurdity, or comedic timing.

### Input:
prince harry, meghan markle's first official post-engagement event will be nod to diana

### Response:
",No
0,pele hospitalized for back surgery,https://www.huffingtonpost.com/entry/pele-hospitalized-for-back-surgery_us_55aac5dfe4b0caf721b303bd,"Below is an instruction that describes a sentiment analysis task.

### Instruction:
Given the following text, please determine if it should be classified as funny or not funny. Base your classification on humor elements such as wit, irony, absurdity, or comedic timing.

### Input:
pele hospitalized for back surgery

### Response:
",No
0,don sterling won't get an naacp award after all,https://www.huffingtonpost.com/entry/don-sterling-racist_n_5222268.html,"Below is an instruction that describes a sentiment analysis task.

### Instruction:
Given the following text, please determine if it should be classified as funny or not funny. Base your classification on humor elements such as wit, irony, absurdity, or comedic timing.

### Input:
don sterling won't get an naacp award after all

### Response:
",No
0,i cannot take gabrielle union's op-ed on nate parker lightly,https://www.huffingtonpost.com/entry/i-cannot-take-gabrielle-u_b_11839316.html,"Below is an instruction that describes a sentiment analysis task.

### Instruction:
Given the following text, please determine if it should be classified as funny or not funny. Base your classification on humor elements such as wit, irony, absurdity, or comedic timing.

### Input:
i cannot take gabrielle union's op-ed on nate parker lightly

### Response:
",No
1,parents drop fake treating-you-like-an-adult act half-hour into visit,https://www.theonion.com/parents-drop-fake-treating-you-like-an-adult-act-half-h-1819573195,"Below is an instruction that describes a sentiment analysis task.

### Instruction:
Given the following text, please determine if it should be classified as funny or not funny. Base your classification on humor elements such as wit, irony, absurdity, or comedic timing.

### Input:
parents drop fake treating-you-like-an-adult act half-hour into visit

### Response:
",Yes
1,"magnificent sunset loses out to home improvement, judge judy hour",https://entertainment.theonion.com/magnificent-sunset-loses-out-to-home-improvement-judge-1819586557,"Below is an instruction that describes a sentiment analysis task.

### Instruction:
Given the following text, please determine if it should be classified as funny or not funny. Base your classification on humor elements such as wit, irony, absurdity, or comedic timing.

### Input:
magnificent sunset loses out to home improvement, judge judy hour

### Response:
",Yes
0,leap of faith,https://www.huffingtonpost.com/entry/leap-of-faith_4_b_6583426.html,"Below is an instruction that describes a sentiment analysis task.

### Instruction:
Given the following text, please determine if it should be classified as funny or not funny. Base your classification on humor elements such as wit, irony, absurdity, or comedic timing.

### Input:
leap of faith

### Response:
",No
0,k-pop fans lost their minds during the winter olympics closing ceremony,https://www.huffingtonpost.com/entry/exo-winter-olympics-closing-ceremony-k-pop_us_5a92c526e4b01e9e56bcbc16,"Below is an instruction that describes a sentiment analysis task.

### Instruction:
Given the following text, please determine if it should be classified as funny or not funny. Base your classification on humor elements such as wit, irony, absurdity, or comedic timing.

### Input:
k-pop fans lost their minds during the winter olympics closing ceremony

### Response:
",No
1,easy wife gives it up on first date night,https://local.theonion.com/easy-wife-gives-it-up-on-first-date-night-1819571765,"Below is an instruction that describes a sentiment analysis task.

### Instruction:
Given the following text, please determine if it should be classified as funny or not funny. Base your classification on humor elements such as wit, irony, absurdity, or comedic timing.

### Input:
easy wife gives it up on first date night

### Response:
",Yes
1,couple stressing about wedding plans as if it won't just take a string of edison bulbs to knock guests' fucking socks off,https://local.theonion.com/couple-stressing-about-wedding-plans-as-if-it-won-t-jus-1825663044,"Below is an instruction that describes a sentiment analysis task.

### Instruction:
Given the following text, please determine if it should be classified as funny or not funny. Base your classification on humor elements such as wit, irony, absurdity, or comedic timing.

### Input:
couple stressing about wedding plans as if it won't just take a string of edison bulbs to knock guests' fucking socks off

### Response:
",Yes
1,laser pointer aimed toward space in 1997 finally annoying planet 13 light-years away,https://www.theonion.com/laser-pointer-aimed-toward-space-in-1997-finally-annoyi-1819571377,"Below is an instruction that describes a sentiment analysis task.

### Instruction:
Given the following text, please determine if it should be classified as funny or not funny. Base your classification on humor elements such as wit, irony, absurdity, or comedic timing.

### Input:
laser pointer aimed toward space in 1997 finally annoying planet 13 light-years away

### Response:
",Yes
0,missing maryland college student who prompted campus closure found dead,https://www.huffingtonpost.com/entry/jacob-marberger-dead_us_56526328e4b0258edb31ef72,"Below is an instruction that describes a sentiment analysis task.

### Instruction:
Given the following text, please determine if it should be classified as funny or not funny. Base your classification on humor elements such as wit, irony, absurdity, or comedic timing.

### Input:
missing maryland college student who prompted campus closure found dead

### Response:
",No
0,melania trump's new bio says she 'paused her studies',https://www.huffingtonpost.com/entry/melania-trump-new-bio_us_582dbac7e4b058ce7aa94eb9,"Below is an instruction that describes a sentiment analysis task.

### Instruction:
Given the following text, please determine if it should be classified as funny or not funny. Base your classification on humor elements such as wit, irony, absurdity, or comedic timing.

### Input:
melania trump's new bio says she 'paused her studies'

### Response:
",No
0,samsung just unveiled its thinnest phone ever,https://www.huffingtonpost.com/entry/samsung-just-unveiled-its-thinnest-phone-ever_us_55a6a369e4b0896514d01191,"Below is an instruction that describes a sentiment analysis task.

### Instruction:
Given the following text, please determine if it should be classified as funny or not funny. Base your classification on humor elements such as wit, irony, absurdity, or comedic timing.

### Input:
samsung just unveiled its thinnest phone ever

### Response:
",No
1,fan disappointed to learn l. ron hubbard scientologist,https://local.theonion.com/fan-disappointed-to-learn-l-ron-hubbard-scientologist-1819580236,"Below is an instruction that describes a sentiment analysis task.

### Instruction:
Given the following text, please determine if it should be classified as funny or not funny. Base your classification on humor elements such as wit, irony, absurdity, or comedic timing.

### Input:
fan disappointed to learn l. ron hubbard scientologist

### Response:
",Yes
0,a visual history of 'the nutcracker' in 100 photos,https://www.huffingtonpost.com/entry/nutcracker-ballet-in-photos_us_56784fd7e4b0b958f6576c53,"Below is an instruction that describes a sentiment analysis task.

### Instruction:
Given the following text, please determine if it should be classified as funny or not funny. Base your classification on humor elements such as wit, irony, absurdity, or comedic timing.

### Input:
a visual history of 'the nutcracker' in 100 photos

### Response:
",No
1,nicaraguan diplomat drops deadly spider onto john kerry's blanket,https://www.theonion.com/nicaraguan-diplomat-drops-deadly-spider-onto-john-kerry-1819578074,"Below is an instruction that describes a sentiment analysis task.

### Instruction:
Given the following text, please determine if it should be classified as funny or not funny. Base your classification on humor elements such as wit, irony, absurdity, or comedic timing.

### Input:
nicaraguan diplomat drops deadly spider onto john kerry's blanket

### Response:
",Yes
1,casual friday claims lives of 13 nuclear-waste-disposal technicians,https://www.theonion.com/casual-friday-claims-lives-of-13-nuclear-waste-disposal-1819588038,"Below is an instruction that describes a sentiment analysis task.

### Instruction:
Given the following text, please determine if it should be classified as funny or not funny. Base your classification on humor elements such as wit, irony, absurdity, or comedic timing.

### Input:
casual friday claims lives of 13 nuclear-waste-disposal technicians

### Response:
",Yes
0,now you can pay $19.99 for a big handful of dead leaves,https://www.huffingtonpost.com/entry/man-sells-dead-dried-fall-leaves_us_56191b69e4b0e66ad4c82312,"Below is an instruction that describes a sentiment analysis task.

### Instruction:
Given the following text, please determine if it should be classified as funny or not funny. Base your classification on humor elements such as wit, irony, absurdity, or comedic timing.

### Input:
now you can pay $19.99 for a big handful of dead leaves

### Response:
",Yes
1,new law requires sex offenders to inform residents before moving into their homes,https://www.theonion.com/new-law-requires-sex-offenders-to-inform-residents-befo-1825352489,"Below is an instruction that describes a sentiment analysis task.

### Instruction:
Given the following text, please determine if it should be classified as funny or not funny. Base your classification on humor elements such as wit, irony, absurdity, or comedic timing.

### Input:
new law requires sex offenders to inform residents before moving into their homes

### Response:
",No
0,no one knows how medieval nuns used this mysterious prayer wheel,https://www.huffingtonpost.com/entry/medieval-prayer-wheel_n_7184860.html,"Below is an instruction that describes a sentiment analysis task.

### Instruction:
Given the following text, please determine if it should be classified as funny or not funny. Base your classification on humor elements such as wit, irony, absurdity, or comedic timing.

### Input:
no one knows how medieval nuns used this mysterious prayer wheel

### Response:
",No
0,washington d.c. officer shoots woman carrying knife,https://www.huffingtonpost.com/entry/washington-dc-officer-shoots-woman-carrying-knife_us_55c6b569e4b0923c12bd22ec,"Below is an instruction that describes a sentiment analysis task.

### Instruction:
Given the following text, please determine if it should be classified as funny or not funny. Base your classification on humor elements such as wit, irony, absurdity, or comedic timing.

### Input:
washington d.c. officer shoots woman carrying knife

### Response:
",No
1,ariel castro failed by system,https://www.theonion.com/ariel-castro-failed-by-system-1819575520,"Below is an instruction that describes a sentiment analysis task.

### Instruction:
Given the following text, please determine if it should be classified as funny or not funny. Base your classification on humor elements such as wit, irony, absurdity, or comedic timing.

### Input:
ariel castro failed by system

### Response:
",No
0,"elton john announces retirement — but will perform a long, long goodbye tour",https://www.huffingtonpost.com/entry/elton-john-retirement_us_5a68ca2ce4b0e5630075bc6e,"Below is an instruction that describes a sentiment analysis task.

### Instruction:
Given the following text, please determine if it should be classified as funny or not funny. Base your classification on humor elements such as wit, irony, absurdity, or comedic timing.

### Input:
elton john announces retirement — but will perform a long, long goodbye tour

### Response:
",Yes
1,hanson sweeps 1998 nambla awards,https://entertainment.theonion.com/hanson-sweeps-1998-nambla-awards-1819586395,"Below is an instruction that describes a sentiment analysis task.

### Instruction:
Given the following text, please determine if it should be classified as funny or not funny. Base your classification on humor elements such as wit, irony, absurdity, or comedic timing.

### Input:
hanson sweeps 1998 nambla awards

### Response:
",No
0,california shooters likely planned multiple attacks: officials,https://www.huffingtonpost.com/entry/california-shooters-likely-planned-multiple-attacks-officials_us_5664c5ace4b08e945fefe153,"Below is an instruction that describes a sentiment analysis task.

### Instruction:
Given the following text, please determine if it should be classified as funny or not funny. Base your classification on humor elements such as wit, irony, absurdity, or comedic timing.

### Input:
california shooters likely planned multiple attacks: officials

### Response:
",No
0,tweeters freak out over donald trump's appointment of 'warmonger' john bolton,https://www.huffingtonpost.com/entry/john-bolton-national-security-twitter-reaction_us_5ab4a8cce4b0decad048a384,"Below is an instruction that describes a sentiment analysis task.

### Instruction:
Given the following text, please determine if it should be classified as funny or not funny. Base your classification on humor elements such as wit, irony, absurdity, or comedic timing.

### Input:
tweeters freak out over donald trump's appointment of 'warmonger' john bolton

### Response:
",No
1,roommate skulking around edge of party like victorian ghost child,https://local.theonion.com/roommate-skulking-around-edge-of-party-like-victorian-g-1819579381,"Below is an instruction that describes a sentiment analysis task.

### Instruction:
Given the following text, please determine if it should be classified as funny or not funny. Base your classification on humor elements such as wit, irony, absurdity, or comedic timing.

### Input:
roommate skulking around edge of party like victorian ghost child

### Response:
",Yes
1,nation demands more movies where guy reveals he was wearing bulletproof vest,https://entertainment.theonion.com/nation-demands-more-movies-where-guy-reveals-he-was-wea-1819578465,"Below is an instruction that describes a sentiment analysis task.

### Instruction:
Given the following text, please determine if it should be classified as funny or not funny. Base your classification on humor elements such as wit, irony, absurdity, or comedic timing.

### Input:
nation demands more movies where guy reveals he was wearing bulletproof vest

### Response:
",Yes
0,when the going gets tough: advice from former navy seal,https://www.huffingtonpost.com/entry/when-the-going-gets-tough-advice-from-former-navy-seal_b_6801554.html,"Below is an instruction that describes a sentiment analysis task.

### Instruction:
Given the following text, please determine if it should be classified as funny or not funny. Base your classification on humor elements such as wit, irony, absurdity, or comedic timing.

### Input:
when the going gets tough: advice from former navy seal

### Response:
",No
1,irs can't believe area man didn't get a raise last year,https://local.theonion.com/irs-cant-believe-area-man-didnt-get-a-raise-last-year-1819572561,"Below is an instruction that describes a sentiment analysis task.

### Instruction:
Given the following text, please determine if it should be classified as funny or not funny. Base your classification on humor elements such as wit, irony, absurdity, or comedic timing.

### Input:
irs can't believe area man didn't get a raise last year

### Response:
",Yes
0,there are fewer asian americans than you might think,https://www.huffingtonpost.com/entry/there-are-fewer-asian-americans-than-you-might-think_us_599abc67e4b03b5e472cf11c,"Below is an instruction that describes a sentiment analysis task.

### Instruction:
Given the following text, please determine if it should be classified as funny or not funny. Base your classification on humor elements such as wit, irony, absurdity, or comedic timing.

### Input:
there are fewer asian americans than you might think

### Response:
",No
0,love is humble,https://www.huffingtonpost.com/entry/love-is-humble_b_5786744.html,"Below is an instruction that describes a sentiment analysis task.

### Instruction:
Given the following text, please determine if it should be classified as funny or not funny. Base your classification on humor elements such as wit, irony, absurdity, or comedic timing.

### Input:
love is humble

### Response:
",No
0,"someone recut the 'elf' trailer as a thriller, and it's terrifying",https://www.huffingtonpost.com/entry/elf-recut-thriller-trailer_us_585f7d3ae4b0d9a594588ed2,"Below is an instruction that describes a sentiment analysis task.

### Instruction:
Given the following text, please determine if it should be classified as funny or not funny. Base your classification on humor elements such as wit, irony, absurdity, or comedic timing.

### Input:
someone recut the 'elf' trailer as a thriller, and it's terrifying

### Response:
",Yes
0,why we should care about changes in the pharmaceutical industry,https://www.huffingtonpost.com/entry/pharmaceutical-industry_b_5280014.html,"Below is an instruction that describes a sentiment analysis task.

### Instruction:
Given the following text, please determine if it should be classified as funny or not funny. Base your classification on humor elements such as wit, irony, absurdity, or comedic timing.

### Input:
why we should care about changes in the pharmaceutical industry

### Response:
",No
1,woman walking alone at night picks up pace after spotting truck full of alabama lawmakers slowly following her,https://local.theonion.com/woman-walking-alone-at-night-picks-up-pace-after-spotti-1834815925,"Below is an instruction that describes a sentiment analysis task.

### Instruction:
Given the following text, please determine if it should be classified as funny or not funny. Base your classification on humor elements such as wit, irony, absurdity, or comedic timing.

### Input:
woman walking alone at night picks up pace after spotting truck full of alabama lawmakers slowly following her

### Response:
",Yes
0,"berlin christmas market attack suspect killed in shootout in italy, official says",https://www.huffingtonpost.com/entry/berlin-christmas-market-attack-suspect-killed_us_585cf0ede4b0eb586485f435,"Below is an instruction that describes a sentiment analysis task.

### Instruction:
Given the following text, please determine if it should be classified as funny or not funny. Base your classification on humor elements such as wit, irony, absurdity, or comedic timing.

### Input:
berlin christmas market attack suspect killed in shootout in italy, official says

### Response:
",No
0,getting the facts right about the ferguson grand jury decision,https://www.huffingtonpost.com/entry/getting-the-facts-right-a_b_6233660.html,"Below is an instruction that describes a sentiment analysis task.

### Instruction:
Given the following text, please determine if it should be classified as funny or not funny. Base your classification on humor elements such as wit, irony, absurdity, or comedic timing.

### Input:
getting the facts right about the ferguson grand jury decision

### Response:
",No
0,the leftovers recap: did they really do it? in 'cairo',https://www.huffingtonpost.com/entry/the-leftovers-recap-did-t_b_5696391.html,"Below is an instruction that describes a sentiment analysis task.

### Instruction:
Given the following text, please determine if it should be classified as funny or not funny. Base your classification on humor elements such as wit, irony, absurdity, or comedic timing.

### Input:
the leftovers recap: did they really do it? in 'cairo'

### Response:
",No
1,wildfire somehow rages back into control,https://www.theonion.com/wildfire-somehow-rages-back-into-control-1819587412,"Below is an instruction that describes a sentiment analysis task.

### Instruction:
Given the following text, please determine if it should be classified as funny or not funny. Base your classification on humor elements such as wit, irony, absurdity, or comedic timing.

### Input:
wildfire somehow rages back into control

### Response:
",No
1,phone lifted up by headphone cord like prize fish,https://local.theonion.com/phone-lifted-up-by-headphone-cord-like-prize-fish-1819592671,"Below is an instruction that describes a sentiment analysis task.

### Instruction:
Given the following text, please determine if it should be classified as funny or not funny. Base your classification on humor elements such as wit, irony, absurdity, or comedic timing.

### Input:
phone lifted up by headphone cord like prize fish

### Response:
",Yes
1,alternative-medicine practitioner refuses alternative method of payment,https://local.theonion.com/alternative-medicine-practitioner-refuses-alternative-m-1819568371,"Below is an instruction that describes a sentiment analysis task.

### Instruction:
Given the following text, please determine if it should be classified as funny or not funny. Base your classification on humor elements such as wit, irony, absurdity, or comedic timing.

### Input:
alternative-medicine practitioner refuses alternative method of payment

### Response:
",Yes
0,video:  #icantbreathe poem on house floor,https://www.huffingtonpost.com/entry/video-congressmans-icantb_b_6272128.html,"Below is an instruction that describes a sentiment analysis task.

### Instruction:
Given the following text, please determine if it should be classified as funny or not funny. Base your classification on humor elements such as wit, irony, absurdity, or comedic timing.

### Input:
video:  #icantbreathe poem on house floor

### Response:
",Yes
1,frigid chicago bean shrivels up from below-zero temperatures,https://www.theonion.com/frigid-chicago-bean-shrivels-up-from-below-zero-tempera-1832192615,"Below is an instruction that describes a sentiment analysis task.

### Instruction:
Given the following text, please determine if it should be classified as funny or not funny. Base your classification on humor elements such as wit, irony, absurdity, or comedic timing.

### Input:
frigid chicago bean shrivels up from below-zero temperatures

### Response:
",No
0,saudis snub obama on riyadh arrival amid growing tensions,https://www.huffingtonpost.comhttp://www.cnn.com/2016/04/20/politics/obama-saudi-arabia-tensions/,"Below is an instruction that describes a sentiment analysis task.

### Instruction:
Given the following text, please determine if it should be classified as funny or not funny. Base your classification on humor elements such as wit, irony, absurdity, or comedic timing.

### Input:
saudis snub obama on riyadh arrival amid growing tensions

### Response:
",No
1,women's strike a sobering reality check for subway masturbator,https://local.theonion.com/women-s-strike-a-sobering-reality-check-for-subway-mast-1819579704,"Below is an instruction that describes a sentiment analysis task.

### Instruction:
Given the following text, please determine if it should be classified as funny or not funny. Base your classification on humor elements such as wit, irony, absurdity, or comedic timing.

### Input:
women's strike a sobering reality check for subway masturbator

### Response:
",Yes
1,triumph of human engineering slept through,https://www.theonion.com/triumph-of-human-engineering-slept-through-1819588815,"Below is an instruction that describes a sentiment analysis task.

### Instruction:
Given the following text, please determine if it should be classified as funny or not funny. Base your classification on humor elements such as wit, irony, absurdity, or comedic timing.

### Input:
triumph of human engineering slept through

### Response:
",No
1,local christian sees parallel to your situation in bible,https://local.theonion.com/local-christian-sees-parallel-to-your-situation-in-bibl-1819564770,"Below is an instruction that describes a sentiment analysis task.

### Instruction:
Given the following text, please determine if it should be classified as funny or not funny. Base your classification on humor elements such as wit, irony, absurdity, or comedic timing.

### Input:
local christian sees parallel to your situation in bible

### Response:
",No
1,baby feels foolish after realizing stranger waving at toddler next seat over,https://local.theonion.com/baby-feels-foolish-after-realizing-stranger-waving-at-t-1833135870,"Below is an instruction that describes a sentiment analysis task.

### Instruction:
Given the following text, please determine if it should be classified as funny or not funny. Base your classification on humor elements such as wit, irony, absurdity, or comedic timing.

### Input:
baby feels foolish after realizing stranger waving at toddler next seat over

### Response:
",Yes
1,new bill would limit abortion to cases where procedure necessary to save promising political career,https://politics.theonion.com/new-bill-would-limit-abortion-to-cases-where-procedure-1819580372,"Below is an instruction that describes a sentiment analysis task.

### Instruction:
Given the following text, please determine if it should be classified as funny or not funny. Base your classification on humor elements such as wit, irony, absurdity, or comedic timing.

### Input:
new bill would limit abortion to cases where procedure necessary to save promising political career

### Response:
",Yes
1,marc summers realizes police will immediately look for body in giant pile of mashed potatoes,https://www.theonion.com/marc-summers-realizes-police-will-immediately-look-for-1819576414,"Below is an instruction that describes a sentiment analysis task.

### Instruction:
Given the following text, please determine if it should be classified as funny or not funny. Base your classification on humor elements such as wit, irony, absurdity, or comedic timing.

### Input:
marc summers realizes police will immediately look for body in giant pile of mashed potatoes

### Response:
",Yes
1,seaworld employees place orcas in plastic bags of water while cleaning tanks,https://www.theonion.com/seaworld-employees-place-orcas-in-plastic-bags-of-water-1819592411,"Below is an instruction that describes a sentiment analysis task.

### Instruction:
Given the following text, please determine if it should be classified as funny or not funny. Base your classification on humor elements such as wit, irony, absurdity, or comedic timing.

### Input:
seaworld employees place orcas in plastic bags of water while cleaning tanks

### Response:
",Yes
1,overweight man to lose weight if he gets really overweight,https://www.theonion.com/overweight-man-to-lose-weight-if-he-gets-really-overwei-1819565626,"Below is an instruction that describes a sentiment analysis task.

### Instruction:
Given the following text, please determine if it should be classified as funny or not funny. Base your classification on humor elements such as wit, irony, absurdity, or comedic timing.

### Input:
overweight man to lose weight if he gets really overweight

### Response:
",Yes
1,study finds they just don't make 'em like ginger rogers anymore,https://entertainment.theonion.com/study-finds-they-just-don-t-make-em-like-ginger-rogers-1833885335,"Below is an instruction that describes a sentiment analysis task.

### Instruction:
Given the following text, please determine if it should be classified as funny or not funny. Base your classification on humor elements such as wit, irony, absurdity, or comedic timing.

### Input:
study finds they just don't make 'em like ginger rogers anymore

### Response:
",Yes
1,commercial actor informed he doesn't have that prego tomato sauce look,https://local.theonion.com/commercial-actor-informed-he-doesn-t-have-that-prego-to-1819580208,"Below is an instruction that describes a sentiment analysis task.

### Instruction:
Given the following text, please determine if it should be classified as funny or not funny. Base your classification on humor elements such as wit, irony, absurdity, or comedic timing.

### Input:
commercial actor informed he doesn't have that prego tomato sauce look

### Response:
",Yes
0,"'time for japan to get more involved in the middle east,' says mp taro kono",https://www.huffingtonpost.com/entry/time-for-japan-to-get-mor_b_11839140.html,"Below is an instruction that describes a sentiment analysis task.

### Instruction:
Given the following text, please determine if it should be classified as funny or not funny. Base your classification on humor elements such as wit, irony, absurdity, or comedic timing.

### Input:
'time for japan to get more involved in the middle east,' says mp taro kono

### Response:
",No
0,houston police chief says he's sick of inaction on gun control,https://www.huffingtonpost.com/entry/houston-police-chief-says-he-is-sick-of-inaction-over-gun-control_us_5b003eefe4b0a046186c4346,"Below is an instruction that describes a sentiment analysis task.

### Instruction:
Given the following text, please determine if it should be classified as funny or not funny. Base your classification on humor elements such as wit, irony, absurdity, or comedic timing.

### Input:
houston police chief says he's sick of inaction on gun control

### Response:
",No
0,gifs: the memphis grizzlies weathered this epic oklahoma city thunder storm,https://www.huffingtonpost.com/entry/oklahoma-city-thunder-durant-shot-gifs_n_5188756.html,"Below is an instruction that describes a sentiment analysis task.

### Instruction:
Given the following text, please determine if it should be classified as funny or not funny. Base your classification on humor elements such as wit, irony, absurdity, or comedic timing.

### Input:
gifs: the memphis grizzlies weathered this epic oklahoma city thunder storm

### Response:
",Yes
1,experts refuse to warn of any new health hazards until americans deal with current backlog,https://www.theonion.com/experts-refuse-to-warn-of-any-new-health-hazards-until-1819578221,"Below is an instruction that describes a sentiment analysis task.

### Instruction:
Given the following text, please determine if it should be classified as funny or not funny. Base your classification on humor elements such as wit, irony, absurdity, or comedic timing.

### Input:
experts refuse to warn of any new health hazards until americans deal with current backlog

### Response:
",Yes
0,family assistants are the new nannies — and here's why we're absolutely on board,https://www.huffingtonpost.com/entry/family-assistants-are-the-new-nanniesand-heres-why_us_5accdf22e4b0710183a6b59d,"Below is an instruction that describes a sentiment analysis task.

### Instruction:
Given the following text, please determine if it should be classified as funny or not funny. Base your classification on humor elements such as wit, irony, absurdity, or comedic timing.

### Input:
family assistants are the new nannies — and here's why we're absolutely on board

### Response:
",No
0,to my grandmother after my father's death,https://www.huffingtonpost.com/entry/to-my-grandmother-after-my-fathers-death_us_59763851e4b01cf1c4bb726e,"Below is an instruction that describes a sentiment analysis task.

### Instruction:
Given the following text, please determine if it should be classified as funny or not funny. Base your classification on humor elements such as wit, irony, absurdity, or comedic timing.

### Input:
to my grandmother after my father's death

### Response:
",No
0,the simple trick that'll make your old sweaters look new again,https://www.huffingtonpost.com/entry/unpill-sweaters_n_5853278.html,"Below is an instruction that describes a sentiment analysis task.

### Instruction:
Given the following text, please determine if it should be classified as funny or not funny. Base your classification on humor elements such as wit, irony, absurdity, or comedic timing.

### Input:
the simple trick that'll make your old sweaters look new again

### Response:
",No
0,two words that could save nypd -- and us,https://www.huffingtonpost.com/entry/two-words-that-could-save_b_6271084.html,"Below is an instruction that describes a sentiment analysis task.

### Instruction:
Given the following text, please determine if it should be classified as funny or not funny. Base your classification on humor elements such as wit, irony, absurdity, or comedic timing.

### Input:
two words that could save nypd -- and us

### Response:
",No
0,everything you need to know about how stress affects your skin,https://www.huffingtonpost.com/entry/how-stress-affects-your-skin_us_5a255ebfe4b0a02abe9287c5,"Below is an instruction that describes a sentiment analysis task.

### Instruction:
Given the following text, please determine if it should be classified as funny or not funny. Base your classification on humor elements such as wit, irony, absurdity, or comedic timing.

### Input:
everything you need to know about how stress affects your skin

### Response:
",No
1,study exposes risks of conducting research while driving,https://www.theonion.com/study-exposes-risks-of-conducting-research-while-drivin-1819591039,"Below is an instruction that describes a sentiment analysis task.

### Instruction:
Given the following text, please determine if it should be classified as funny or not funny. Base your classification on humor elements such as wit, irony, absurdity, or comedic timing.

### Input:
study exposes risks of conducting research while driving

### Response:
",No
0,samsung will give iphone owners a new galaxy phone to try for $1,https://www.huffingtonpost.com/entry/samsung-ultimate-test-drive-iphone_us_55d72372e4b020c386de4e52,"Below is an instruction that describes a sentiment analysis task.

### Instruction:
Given the following text, please determine if it should be classified as funny or not funny. Base your classification on humor elements such as wit, irony, absurdity, or comedic timing.

### Input:
samsung will give iphone owners a new galaxy phone to try for $1

### Response:
",No
1,christ to wed longtime backup singer,https://www.theonion.com/christ-to-wed-longtime-backup-singer-1819564174,"Below is an instruction that describes a sentiment analysis task.

### Instruction:
Given the following text, please determine if it should be classified as funny or not funny. Base your classification on humor elements such as wit, irony, absurdity, or comedic timing.

### Input:
christ to wed longtime backup singer

### Response:
",No
0,"how to make a sex playlist that isn't corny as hell, according to djs",https://www.huffingtonpost.com/entry/how-to-make-a-sex-playlist-that-doesnt-suck-according-to-djs_us_5ae8f7c8e4b00f70f0ecfdfd,"Below is an instruction that describes a sentiment analysis task.

### Instruction:
Given the following text, please determine if it should be classified as funny or not funny. Base your classification on humor elements such as wit, irony, absurdity, or comedic timing.

### Input:
how to make a sex playlist that isn't corny as hell, according to djs

### Response:
",No
0,"exercise in your teen years pays off, according to new study",https://www.huffingtonpost.com/entry/exercise-in-your-teen-years-pays-off-according-to-new-study_us_55bbacb4e4b0b23e3ce29b92,"Below is an instruction that describes a sentiment analysis task.

### Instruction:
Given the following text, please determine if it should be classified as funny or not funny. Base your classification on humor elements such as wit, irony, absurdity, or comedic timing.

### Input:
exercise in your teen years pays off, according to new study

### Response:
",No
1,starfucker gives stephen baldwin a hand job,https://entertainment.theonion.com/starfucker-gives-stephen-baldwin-a-hand-job-1819568593,"Below is an instruction that describes a sentiment analysis task.

### Instruction:
Given the following text, please determine if it should be classified as funny or not funny. Base your classification on humor elements such as wit, irony, absurdity, or comedic timing.

### Input:
starfucker gives stephen baldwin a hand job

### Response:
",Yes
1,area grandmother comes forward as 'banksy',https://www.theonion.com/area-grandmother-comes-forward-as-banksy-1819571587,"Below is an instruction that describes a sentiment analysis task.

### Instruction:
Given the following text, please determine if it should be classified as funny or not funny. Base your classification on humor elements such as wit, irony, absurdity, or comedic timing.

### Input:
area grandmother comes forward as 'banksy'

### Response:
",No
0,james corden's 'melania' longs to be part of our world in 'little mermaid' spoof,https://www.huffingtonpost.com/entry/james-cordon-melania-little-mermaid_us_5a62619be4b0e563006f9013,"Below is an instruction that describes a sentiment analysis task.

### Instruction:
Given the following text, please determine if it should be classified as funny or not funny. Base your classification on humor elements such as wit, irony, absurdity, or comedic timing.

### Input:
james corden's 'melania' longs to be part of our world in 'little mermaid' spoof

### Response:
",No
1,"health experts recommend standing up at desk, leaving office, never coming back",https://www.theonion.com/health-experts-recommend-standing-up-at-desk-leaving-o-1819577456,"Below is an instruction that describes a sentiment analysis task.

### Instruction:
Given the following text, please determine if it should be classified as funny or not funny. Base your classification on humor elements such as wit, irony, absurdity, or comedic timing.

### Input:
health experts recommend standing up at desk, leaving office, never coming back

### Response:
",Yes
1,"clinton calls for big bucks, no whammys",https://politics.theonion.com/clinton-calls-for-big-bucks-no-whammys-1819564310,"Below is an instruction that describes a sentiment analysis task.

### Instruction:
Given the following text, please determine if it should be classified as funny or not funny. Base your classification on humor elements such as wit, irony, absurdity, or comedic timing.

### Input:
clinton calls for big bucks, no whammys

### Response:
",Yes
0,january jones wears many faces for violet grey,https://www.huffingtonpost.com/entry/january-jones-violet-grey_n_6939172.html,"Below is an instruction that describes a sentiment analysis task.

### Instruction:
Given the following text, please determine if it should be classified as funny or not funny. Base your classification on humor elements such as wit, irony, absurdity, or comedic timing.

### Input:
january jones wears many faces for violet grey

### Response:
",No
0,what the house gop isn't telling you about their obamacare repeal bill,https://www.huffingtonpost.com/entry/what-the-house-gop-isnt-telling-you-about-their-obamacare_us_5910ba85e4b056aa2363d7cf,"Below is an instruction that describes a sentiment analysis task.

### Instruction:
Given the following text, please determine if it should be classified as funny or not funny. Base your classification on humor elements such as wit, irony, absurdity, or comedic timing.

### Input:
what the house gop isn't telling you about their obamacare repeal bill

### Response:
",No
1,dive-bombing osprey better emerge from lake with something awesome to show for it,https://local.theonion.com/dive-bombing-osprey-better-emerge-from-lake-with-someth-1819580083,"Below is an instruction that describes a sentiment analysis task.

### Instruction:
Given the following text, please determine if it should be classified as funny or not funny. Base your classification on humor elements such as wit, irony, absurdity, or comedic timing.

### Input:
dive-bombing osprey better emerge from lake with something awesome to show for it

### Response:
",Yes
0,when smart lawyers say dumb things,https://www.huffingtonpost.com/entry/when-smart-lawyers-say-du_b_6218530.html,"Below is an instruction that describes a sentiment analysis task.

### Instruction:
Given the following text, please determine if it should be classified as funny or not funny. Base your classification on humor elements such as wit, irony, absurdity, or comedic timing.

### Input:
when smart lawyers say dumb things

### Response:
",Yes
0,the first h&m x balmain campaign images are finally here,https://www.huffingtonpost.com/entry/hm-balmain-campain-photo_us_5605758fe4b0dd8503074867,"Below is an instruction that describes a sentiment analysis task.

### Instruction:
Given the following text, please determine if it should be classified as funny or not funny. Base your classification on humor elements such as wit, irony, absurdity, or comedic timing.

### Input:
the first h&m x balmain campaign images are finally here

### Response:
",No
1,lab mouse nervous for first day of new job getting cancer,https://www.theonion.com/lab-mouse-nervous-for-first-day-of-new-job-getting-canc-1819579587,"Below is an instruction that describes a sentiment analysis task.

### Instruction:
Given the following text, please determine if it should be classified as funny or not funny. Base your classification on humor elements such as wit, irony, absurdity, or comedic timing.

### Input:
lab mouse nervous for first day of new job getting cancer

### Response:
",Yes
1,report: 92% of divorced parents get back together if children ask enough times,https://www.theonion.com/report-92-of-divorced-parents-get-back-together-if-ch-1819575870,"Below is an instruction that describes a sentiment analysis task.

### Instruction:
Given the following text, please determine if it should be classified as funny or not funny. Base your classification on humor elements such as wit, irony, absurdity, or comedic timing.

### Input:
report: 92% of divorced parents get back together if children ask enough times

### Response:
",Yes
1,'ass' finally inducted into video game hall of fame,https://www.theonion.com/ass-finally-inducted-into-video-game-hall-of-fame-1825952090,"Below is an instruction that describes a sentiment analysis task.

### Instruction:
Given the following text, please determine if it should be classified as funny or not funny. Base your classification on humor elements such as wit, irony, absurdity, or comedic timing.

### Input:
'ass' finally inducted into video game hall of fame

### Response:
",No
1,american torturing jobs increasingly outsourced,https://politics.theonion.com/american-torturing-jobs-increasingly-outsourced-1819567781,"Below is an instruction that describes a sentiment analysis task.

### Instruction:
Given the following text, please determine if it should be classified as funny or not funny. Base your classification on humor elements such as wit, irony, absurdity, or comedic timing.

### Input:
american torturing jobs increasingly outsourced

### Response:
",No
1,elderly man spends quiet afternoon in national park feeding trout to eagles,https://local.theonion.com/elderly-man-spends-quiet-afternoon-in-national-park-fee-1819590235,"Below is an instruction that describes a sentiment analysis task.

### Instruction:
Given the following text, please determine if it should be classified as funny or not funny. Base your classification on humor elements such as wit, irony, absurdity, or comedic timing.

### Input:
elderly man spends quiet afternoon in national park feeding trout to eagles

### Response:
",Yes
0,"27 perfect tweets about 'the bachelorette' season 13, episode 6",https://www.huffingtonpost.com/entry/perfect-tweets-about-the-bachelorette-season-13-episode-6_us_5952f140e4b02734df2e5454,"Below is an instruction that describes a sentiment analysis task.

### Instruction:
Given the following text, please determine if it should be classified as funny or not funny. Base your classification on humor elements such as wit, irony, absurdity, or comedic timing.

### Input:
27 perfect tweets about 'the bachelorette' season 13, episode 6

### Response:
",Yes
0,a good night's sleep could protect you from the common cold,https://www.huffingtonpost.com/entry/a-good-nights-sleep-could-protect-you-from-colds_us_55e722a3e4b0aec9f3556c6f,"Below is an instruction that describes a sentiment analysis task.

### Instruction:
Given the following text, please determine if it should be classified as funny or not funny. Base your classification on humor elements such as wit, irony, absurdity, or comedic timing.

### Input:
a good night's sleep could protect you from the common cold

### Response:
",Yes
1,atlantic ocean excited to move into beautiful beachfront mansion soon,https://www.theonion.com/atlantic-ocean-excited-to-move-into-beautiful-beachfron-1819578213,"Below is an instruction that describes a sentiment analysis task.

### Instruction:
Given the following text, please determine if it should be classified as funny or not funny. Base your classification on humor elements such as wit, irony, absurdity, or comedic timing.

### Input:
atlantic ocean excited to move into beautiful beachfront mansion soon

### Response:
",Yes
0,3 unexpected ways to help your kids be mindful about screen time,https://www.huffingtonpost.com/entry/3-unexpected-tips-on-taming-screen-time-in-your-household_us_559f2311e4b01c2162a63ff7,"Below is an instruction that describes a sentiment analysis task.

### Instruction:
Given the following text, please determine if it should be classified as funny or not funny. Base your classification on humor elements such as wit, irony, absurdity, or comedic timing.

### Input:
3 unexpected ways to help your kids be mindful about screen time

### Response:
",No
0,global political crises boil down to two words: fossil fuels,https://www.huffingtonpost.com/entry/global-political-crises-boil-down-to-two-words-fossil_us_59870326e4b00833d1de28cb,"Below is an instruction that describes a sentiment analysis task.

### Instruction:
Given the following text, please determine if it should be classified as funny or not funny. Base your classification on humor elements such as wit, irony, absurdity, or comedic timing.

### Input:
global political crises boil down to two words: fossil fuels

### Response:
",Yes
1,state of the union guests sort of assumed white house would pay for them to get home,https://politics.theonion.com/state-of-the-union-guests-sort-of-assumed-white-house-w-1819577438,"Below is an instruction that describes a sentiment analysis task.

### Instruction:
Given the following text, please determine if it should be classified as funny or not funny. Base your classification on humor elements such as wit, irony, absurdity, or comedic timing.

### Input:
state of the union guests sort of assumed white house would pay for them to get home

### Response:
",No
1,haunted corn maze owner has another conversation with zombie no. 2 about not touching,https://local.theonion.com/haunted-corn-maze-owner-has-another-conversation-with-z-1819575741,"Below is an instruction that describes a sentiment analysis task.

### Instruction:
Given the following text, please determine if it should be classified as funny or not funny. Base your classification on humor elements such as wit, irony, absurdity, or comedic timing.

### Input:
haunted corn maze owner has another conversation with zombie no. 2 about not touching

### Response:
",Yes
0,mcdonald's just caved to a ton of pissed off 'rick & morty' fans,https://www.huffingtonpost.com/entry/mcdonalds-just-caved-to-a-ton-of-pissed-off-rick-morty-fans_us_59dba545e4b0208970ceb555,"Below is an instruction that describes a sentiment analysis task.

### Instruction:
Given the following text, please determine if it should be classified as funny or not funny. Base your classification on humor elements such as wit, irony, absurdity, or comedic timing.

### Input:
mcdonald's just caved to a ton of pissed off 'rick & morty' fans

### Response:
",Yes
0,'curb your enthusiasm' over rand paul's uneasy reaction to donald trump,https://www.huffingtonpost.com/entry/rand-paul-reaction-trump-health-care-order_us_59e07810e4b04d1d5180c971,"Below is an instruction that describes a sentiment analysis task.

### Instruction:
Given the following text, please determine if it should be classified as funny or not funny. Base your classification on humor elements such as wit, irony, absurdity, or comedic timing.

### Input:
'curb your enthusiasm' over rand paul's uneasy reaction to donald trump

### Response:
",No
1,man coming to terms with fact that shower not getting any hotter,https://local.theonion.com/man-coming-to-terms-with-fact-that-shower-not-getting-a-1819579864,"Below is an instruction that describes a sentiment analysis task.

### Instruction:
Given the following text, please determine if it should be classified as funny or not funny. Base your classification on humor elements such as wit, irony, absurdity, or comedic timing.

### Input:
man coming to terms with fact that shower not getting any hotter

### Response:
",Yes
1,study: majority of frontal lobe occupied by thoughts of sausage links,https://www.theonion.com/study-majority-of-frontal-lobe-occupied-by-thoughts-of-1819577304,"Below is an instruction that describes a sentiment analysis task.

### Instruction:
Given the following text, please determine if it should be classified as funny or not funny. Base your classification on humor elements such as wit, irony, absurdity, or comedic timing.

### Input:
study: majority of frontal lobe occupied by thoughts of sausage links

### Response:
",Yes
1,area woman decides not to post facebook status that would have tipped gun control debate,https://local.theonion.com/area-woman-decides-not-to-post-facebook-status-that-wou-1819574365,"Below is an instruction that describes a sentiment analysis task.

### Instruction:
Given the following text, please determine if it should be classified as funny or not funny. Base your classification on humor elements such as wit, irony, absurdity, or comedic timing.

### Input:
area woman decides not to post facebook status that would have tipped gun control debate

### Response:
",Yes
0,"3 months after the hurricane, one-third of puerto rico's power is still out",https://www.huffingtonpost.com/entry/puerto-rico-power-three-months_us_5a3ba4a6e4b025f99e14daa9,"Below is an instruction that describes a sentiment analysis task.

### Instruction:
Given the following text, please determine if it should be classified as funny or not funny. Base your classification on humor elements such as wit, irony, absurdity, or comedic timing.

### Input:
3 months after the hurricane, one-third of puerto rico's power is still out

### Response:
",No
0,kam chancellor got the cops called on him for looking at a gym,https://www.huffingtonpost.com/entry/kam-chancellor-cops-gym-seattle-seahawks_us_56d85d71e4b0ffe6f8e85277,"Below is an instruction that describes a sentiment analysis task.

### Instruction:
Given the following text, please determine if it should be classified as funny or not funny. Base your classification on humor elements such as wit, irony, absurdity, or comedic timing.

### Input:
kam chancellor got the cops called on him for looking at a gym

### Response:
",Yes
0,trump dished out fake news awards. twitter dished them right back at him.,https://www.huffingtonpost.com/entry/donald-trump-fake-news_us_5a6007afe4b0ccf9f12157de,"Below is an instruction that describes a sentiment analysis task.

### Instruction:
Given the following text, please determine if it should be classified as funny or not funny. Base your classification on humor elements such as wit, irony, absurdity, or comedic timing.

### Input:
trump dished out fake news awards. twitter dished them right back at him.

### Response:
",Yes
1,kanye west named new face of yeezy,https://entertainment.theonion.com/kanye-west-named-new-face-of-yeezy-1832335816,"Below is an instruction that describes a sentiment analysis task.

### Instruction:
Given the following text, please determine if it should be classified as funny or not funny. Base your classification on humor elements such as wit, irony, absurdity, or comedic timing.

### Input:
kanye west named new face of yeezy

### Response:
",No
1,10-year-old denies girl-liking allegations,https://local.theonion.com/10-year-old-denies-girl-liking-allegations-1819564679,"Below is an instruction that describes a sentiment analysis task.

### Instruction:
Given the following text, please determine if it should be classified as funny or not funny. Base your classification on humor elements such as wit, irony, absurdity, or comedic timing.

### Input:
10-year-old denies girl-liking allegations

### Response:
",No
0,son possibly made withdrawal with dead mom,https://www.huffingtonpost.com/entry/david-vanzo-_n_6527846.html,"Below is an instruction that describes a sentiment analysis task.

### Instruction:
Given the following text, please determine if it should be classified as funny or not funny. Base your classification on humor elements such as wit, irony, absurdity, or comedic timing.

### Input:
son possibly made withdrawal with dead mom

### Response:
",No
0,where you can listen to prince online in honor of the late music icon,https://www.huffingtonpost.com/entry/prince-listen-streaming-online_us_57194d45e4b0d0042da8bec3,"Below is an instruction that describes a sentiment analysis task.

### Instruction:
Given the following text, please determine if it should be classified as funny or not funny. Base your classification on humor elements such as wit, irony, absurdity, or comedic timing.

### Input:
where you can listen to prince online in honor of the late music icon

### Response:
",No
0,"chinese university bans christmas, calls it 'kitsch'",https://www.huffingtonpost.com/entry/chinese-university-bans-christmas_n_6379044.html,"Below is an instruction that describes a sentiment analysis task.

### Instruction:
Given the following text, please determine if it should be classified as funny or not funny. Base your classification on humor elements such as wit, irony, absurdity, or comedic timing.

### Input:
chinese university bans christmas, calls it 'kitsch'

### Response:
",Yes
1,heroin addict better off than poppy farmer,https://www.theonion.com/heroin-addict-better-off-than-poppy-farmer-1819567745,"Below is an instruction that describes a sentiment analysis task.

### Instruction:
Given the following text, please determine if it should be classified as funny or not funny. Base your classification on humor elements such as wit, irony, absurdity, or comedic timing.

### Input:
heroin addict better off than poppy farmer

### Response:
",No
1,greenpeace releases rescued dolphins into forest,https://www.theonion.com/greenpeace-releases-rescued-dolphins-into-forest-1819586284,"Below is an instruction that describes a sentiment analysis task.

### Instruction:
Given the following text, please determine if it should be classified as funny or not funny. Base your classification on humor elements such as wit, irony, absurdity, or comedic timing.

### Input:
greenpeace releases rescued dolphins into forest

### Response:
",No
1,drake's introduces new yodel bandolier,https://www.theonion.com/drakes-introduces-new-yodel-bandolier-1819589794,"Below is an instruction that describes a sentiment analysis task.

### Instruction:
Given the following text, please determine if it should be classified as funny or not funny. Base your classification on humor elements such as wit, irony, absurdity, or comedic timing.

### Input:
drake's introduces new yodel bandolier

### Response:
",No
1,sources: barista not actually flirting with you,https://www.theonion.com/sources-barista-not-actually-flirting-with-you-1819569212,"Below is an instruction that describes a sentiment analysis task.

### Instruction:
Given the following text, please determine if it should be classified as funny or not funny. Base your classification on humor elements such as wit, irony, absurdity, or comedic timing.

### Input:
sources: barista not actually flirting with you

### Response:
",Yes
1,former president carter sole attendee at 1997 solar power summit,https://www.theonion.com/former-president-carter-sole-attendee-at-1997-solar-pow-1819564522,"Below is an instruction that describes a sentiment analysis task.

### Instruction:
Given the following text, please determine if it should be classified as funny or not funny. Base your classification on humor elements such as wit, irony, absurdity, or comedic timing.

### Input:
former president carter sole attendee at 1997 solar power summit

### Response:
",No
0,uber vows to repay nyc drivers 'tens of millions' after tax snafu,https://www.huffingtonpost.com/entry/uber-repay-nyc-drivers-millions-tax-commission_us_59259fa0e4b00c8df2a0d702,"Below is an instruction that describes a sentiment analysis task.

### Instruction:
Given the following text, please determine if it should be classified as funny or not funny. Base your classification on humor elements such as wit, irony, absurdity, or comedic timing.

### Input:
uber vows to repay nyc drivers 'tens of millions' after tax snafu

### Response:
",No
1,nation shudders to think how bad things would seem if they didn't have access to a never-ending torrent of free pornography,https://www.theonion.com/nation-shudders-to-think-how-bad-things-would-seem-if-t-1828521586,"Below is an instruction that describes a sentiment analysis task.

### Instruction:
Given the following text, please determine if it should be classified as funny or not funny. Base your classification on humor elements such as wit, irony, absurdity, or comedic timing.

### Input:
nation shudders to think how bad things would seem if they didn't have access to a never-ending torrent of free pornography

### Response:
",Yes
1,inspirational disabled horse crosses preakness finish line after 11 hours,https://entertainment.theonion.com/inspirational-disabled-horse-crosses-preakness-finish-l-1819587567,"Below is an instruction that describes a sentiment analysis task.

### Instruction:
Given the following text, please determine if it should be classified as funny or not funny. Base your classification on humor elements such as wit, irony, absurdity, or comedic timing.

### Input:
inspirational disabled horse crosses preakness finish line after 11 hours

### Response:
",Yes
0,"admit it, trump supporters, you got duped",https://www.huffingtonpost.com/entry/admit-it-trump-supporters-you-got-duped_us_5907ed1be4b03b105b44bb98,"Below is an instruction that describes a sentiment analysis task.

### Instruction:
Given the following text, please determine if it should be classified as funny or not funny. Base your classification on humor elements such as wit, irony, absurdity, or comedic timing.

### Input:
admit it, trump supporters, you got duped

### Response:
",Yes
1,sports-related murder provides perfect local-news segue,https://sports.theonion.com/sports-related-murder-provides-perfect-local-news-segue-1819567662,"Below is an instruction that describes a sentiment analysis task.

### Instruction:
Given the following text, please determine if it should be classified as funny or not funny. Base your classification on humor elements such as wit, irony, absurdity, or comedic timing.

### Input:
sports-related murder provides perfect local-news segue

### Response:
",No
1,'are our nominations diverse enough for you whiny dipshits?' sneers academy president unprovoked after listing nominees,https://entertainment.theonion.com/are-our-nominations-diverse-enough-for-you-whiny-dipshi-1822340663,"Below is an instruction that describes a sentiment analysis task.

### Instruction:
Given the following text, please determine if it should be classified as funny or not funny. Base your classification on humor elements such as wit, irony, absurdity, or comedic timing.

### Input:
'are our nominations diverse enough for you whiny dipshits?' sneers academy president unprovoked after listing nominees

### Response:
",Yes
1,samsung smart tv owner learning about majority of features from leaked cia documents,https://www.theonion.com/samsung-smart-tv-owner-learning-about-majority-of-featu-1819579718,"Below is an instruction that describes a sentiment analysis task.

### Instruction:
Given the following text, please determine if it should be classified as funny or not funny. Base your classification on humor elements such as wit, irony, absurdity, or comedic timing.

### Input:
samsung smart tv owner learning about majority of features from leaked cia documents

### Response:
",Yes
1,atonal composers gather for atony awards,https://www.theonion.com/atonal-composers-gather-for-atony-awards-1819566372,"Below is an instruction that describes a sentiment analysis task.

### Instruction:
Given the following text, please determine if it should be classified as funny or not funny. Base your classification on humor elements such as wit, irony, absurdity, or comedic timing.

### Input:
atonal composers gather for atony awards

### Response:
",Yes
0,tom hardy goes from real-life hero to movie supervillain,https://www.huffingtonpost.com/entry/tom-hardy-goes-from-real-life-hero-to-movie-supervillain-venom_us_591f38a6e4b094cdba53ed7e,"Below is an instruction that describes a sentiment analysis task.

### Instruction:
Given the following text, please determine if it should be classified as funny or not funny. Base your classification on humor elements such as wit, irony, absurdity, or comedic timing.

### Input:
tom hardy goes from real-life hero to movie supervillain

### Response:
",No
0,f. gary gray likely to direct 'fast & furious 8',https://www.huffingtonpost.comhttp://variety.com/2015/film/news/furious-8-f-gary-gray-directing-1201610978/,"Below is an instruction that describes a sentiment analysis task.

### Instruction:
Given the following text, please determine if it should be classified as funny or not funny. Base your classification on humor elements such as wit, irony, absurdity, or comedic timing.

### Input:
f. gary gray likely to direct 'fast & furious 8'

### Response:
",No
0,who could benefit from water rule change? trump and his golf courses,https://www.huffingtonpost.com/entry/water-trump-golf-courses_us_58bcd4a4e4b05cf0f4015c99,"Below is an instruction that describes a sentiment analysis task.

### Instruction:
Given the following text, please determine if it should be classified as funny or not funny. Base your classification on humor elements such as wit, irony, absurdity, or comedic timing.

### Input:
who could benefit from water rule change? trump and his golf courses

### Response:
",Yes
1,who's this little guy?,https://local.theonion.com/whos-this-little-guy-1819589880,"Below is an instruction that describes a sentiment analysis task.

### Instruction:
Given the following text, please determine if it should be classified as funny or not funny. Base your classification on humor elements such as wit, irony, absurdity, or comedic timing.

### Input:
who's this little guy?

### Response:
",No
0,"disabilities act was 'life-changer' for millions, but new legislation needed to move forward",https://www.huffingtonpost.com/entry/ada_us_55b6410ae4b0224d8832bc6a,"Below is an instruction that describes a sentiment analysis task.

### Instruction:
Given the following text, please determine if it should be classified as funny or not funny. Base your classification on humor elements such as wit, irony, absurdity, or comedic timing.

### Input:
disabilities act was 'life-changer' for millions, but new legislation needed to move forward

### Response:
",No
1,trump asks entire senate to clear out of chamber so he can speak to comey alone,https://politics.theonion.com/trump-asks-entire-senate-to-clear-out-of-chamber-so-he-1819579987,"Below is an instruction that describes a sentiment analysis task.

### Instruction:
Given the following text, please determine if it should be classified as funny or not funny. Base your classification on humor elements such as wit, irony, absurdity, or comedic timing.

### Input:
trump asks entire senate to clear out of chamber so he can speak to comey alone

### Response:
",Yes
0,court tosses scott walker's food stamp drug testing lawsuit,https://www.huffingtonpost.com/entry/scott-walker-drug-testing_us_57f65f53e4b05f39c51e7aad,"Below is an instruction that describes a sentiment analysis task.

### Instruction:
Given the following text, please determine if it should be classified as funny or not funny. Base your classification on humor elements such as wit, irony, absurdity, or comedic timing.

### Input:
court tosses scott walker's food stamp drug testing lawsuit

### Response:
",No
0,the only shopping guide for cyber monday you need,https://www.huffingtonpost.com/entry/cyber-monday-guide-2015_us_5654ba94e4b0879a5b0cbc23,"Below is an instruction that describes a sentiment analysis task.

### Instruction:
Given the following text, please determine if it should be classified as funny or not funny. Base your classification on humor elements such as wit, irony, absurdity, or comedic timing.

### Input:
the only shopping guide for cyber monday you need

### Response:
",No
1,kavanaugh blasted for destroying reputation of good man,https://politics.theonion.com/kavanaugh-blasted-for-destroying-reputation-of-good-man-1829554513,"Below is an instruction that describes a sentiment analysis task.

### Instruction:
Given the following text, please determine if it should be classified as funny or not funny. Base your classification on humor elements such as wit, irony, absurdity, or comedic timing.

### Input:
kavanaugh blasted for destroying reputation of good man

### Response:
",No
0,families of slain teen and neighbor denounce chicago police: cops failed,https://www.huffingtonpost.com/entry/quintonio-legrier-chicago-police-shootings_us_56807bc8e4b06fa68880640a,"Below is an instruction that describes a sentiment analysis task.

### Instruction:
Given the following text, please determine if it should be classified as funny or not funny. Base your classification on humor elements such as wit, irony, absurdity, or comedic timing.

### Input:
families of slain teen and neighbor denounce chicago police: cops failed

### Response:
",No
1,man hates it when other guys treat his girlfriend with respect,https://www.theonion.com/man-hates-it-when-other-guys-treat-his-girlfriend-with-1819578249,"Below is an instruction that describes a sentiment analysis task.

### Instruction:
Given the following text, please determine if it should be classified as funny or not funny. Base your classification on humor elements such as wit, irony, absurdity, or comedic timing.

### Input:
man hates it when other guys treat his girlfriend with respect

### Response:
",Yes
1,juul unveils sleek new e-smoker,https://www.theonion.com/juul-unveils-sleek-new-e-smoker-1828633181,"Below is an instruction that describes a sentiment analysis task.

### Instruction:
Given the following text, please determine if it should be classified as funny or not funny. Base your classification on humor elements such as wit, irony, absurdity, or comedic timing.

### Input:
juul unveils sleek new e-smoker

### Response:
",No
1,laffy taffy sponsors every cobblestone at 9/11 memorial,https://local.theonion.com/laffy-taffy-sponsors-every-cobblestone-at-9-11-memorial-1819572841,"Below is an instruction that describes a sentiment analysis task.

### Instruction:
Given the following text, please determine if it should be classified as funny or not funny. Base your classification on humor elements such as wit, irony, absurdity, or comedic timing.

### Input:
laffy taffy sponsors every cobblestone at 9/11 memorial

### Response:
",Yes
1,san andreas fault feels terrible for what it's about to do,https://www.theonion.com/san-andreas-fault-feels-terrible-for-what-it-s-about-to-1819575465,"Below is an instruction that describes a sentiment analysis task.

### Instruction:
Given the following text, please determine if it should be classified as funny or not funny. Base your classification on humor elements such as wit, irony, absurdity, or comedic timing.

### Input:
san andreas fault feels terrible for what it's about to do

### Response:
",Yes
1,apple announces new iphone with n-word on back knowing customers will buy it anyway,https://www.theonion.com/apple-announces-new-iphone-with-n-word-on-back-knowing-1819573885,"Below is an instruction that describes a sentiment analysis task.

### Instruction:
Given the following text, please determine if it should be classified as funny or not funny. Base your classification on humor elements such as wit, irony, absurdity, or comedic timing.

### Input:
apple announces new iphone with n-word on back knowing customers will buy it anyway

### Response:
",Yes
1,progressive parents allow child to choose how he's ostracized by peers,https://www.theonion.com/progressive-parents-allow-child-to-choose-how-he-s-ostr-1819576648,"Below is an instruction that describes a sentiment analysis task.

### Instruction:
Given the following text, please determine if it should be classified as funny or not funny. Base your classification on humor elements such as wit, irony, absurdity, or comedic timing.

### Input:
progressive parents allow child to choose how he's ostracized by peers

### Response:
",Yes
0,teacher removed from classroom over white nationalist podcast says it's satire,https://www.huffingtonpost.com/entry/florida-teacher-linked-to-white-supremacist-podcast-removed-from-the-classroom_us_5a9c78e7e4b089ec353b7572,"Below is an instruction that describes a sentiment analysis task.

### Instruction:
Given the following text, please determine if it should be classified as funny or not funny. Base your classification on humor elements such as wit, irony, absurdity, or comedic timing.

### Input:
teacher removed from classroom over white nationalist podcast says it's satire

### Response:
",No
0,artists as global citizens,https://www.huffingtonpost.com/entry/artists-as-global-citizen_b_6171978.html,"Below is an instruction that describes a sentiment analysis task.

### Instruction:
Given the following text, please determine if it should be classified as funny or not funny. Base your classification on humor elements such as wit, irony, absurdity, or comedic timing.

### Input:
artists as global citizens

### Response:
",No
1,ganymede totalled in three-moon pileup,https://local.theonion.com/ganymede-totalled-in-three-moon-pileup-1819564651,"Below is an instruction that describes a sentiment analysis task.

### Instruction:
Given the following text, please determine if it should be classified as funny or not funny. Base your classification on humor elements such as wit, irony, absurdity, or comedic timing.

### Input:
ganymede totalled in three-moon pileup

### Response:
",No
1,housing crisis vindicates guy who still lives with parents,https://www.theonion.com/housing-crisis-vindicates-guy-who-still-lives-with-pare-1819570449,"Below is an instruction that describes a sentiment analysis task.

### Instruction:
Given the following text, please determine if it should be classified as funny or not funny. Base your classification on humor elements such as wit, irony, absurdity, or comedic timing.

### Input:
housing crisis vindicates guy who still lives with parents

### Response:
",Yes
1,god admits he way less strict with last few billion children,https://www.theonion.com/god-admits-he-way-less-strict-with-last-few-billion-chi-1819578752,"Below is an instruction that describes a sentiment analysis task.

### Instruction:
Given the following text, please determine if it should be classified as funny or not funny. Base your classification on humor elements such as wit, irony, absurdity, or comedic timing.

### Input:
god admits he way less strict with last few billion children

### Response:
",Yes
1,obama already knows who he's going to tear apart in memoir,https://politics.theonion.com/obama-already-knows-who-he-s-going-to-tear-apart-in-mem-1819576563,"Below is an instruction that describes a sentiment analysis task.

### Instruction:
Given the following text, please determine if it should be classified as funny or not funny. Base your classification on humor elements such as wit, irony, absurdity, or comedic timing.

### Input:
obama already knows who he's going to tear apart in memoir

### Response:
",No
1,kerry downs another vodka shot as the last of putin's security detail passes out,https://www.theonion.com/kerry-downs-another-vodka-shot-as-the-last-of-putin-s-s-1819578262,"Below is an instruction that describes a sentiment analysis task.

### Instruction:
Given the following text, please determine if it should be classified as funny or not funny. Base your classification on humor elements such as wit, irony, absurdity, or comedic timing.

### Input:
kerry downs another vodka shot as the last of putin's security detail passes out

### Response:
",Yes
1,facebook users morbidly curious what site going to do with their personal data to recoup $5 billion fine,https://www.theonion.com/facebook-users-morbidly-curious-what-site-going-to-do-w-1834338598,"Below is an instruction that describes a sentiment analysis task.

### Instruction:
Given the following text, please determine if it should be classified as funny or not funny. Base your classification on humor elements such as wit, irony, absurdity, or comedic timing.

### Input:
facebook users morbidly curious what site going to do with their personal data to recoup $5 billion fine

### Response:
",Yes
1,heineken apologizes for racist ad with new special-release 'blacks only' beer,https://www.theonion.com/heineken-apologizes-for-racist-ad-with-new-special-rele-1824189283,"Below is an instruction that describes a sentiment analysis task.

### Instruction:
Given the following text, please determine if it should be classified as funny or not funny. Base your classification on humor elements such as wit, irony, absurdity, or comedic timing.

### Input:
heineken apologizes for racist ad with new special-release 'blacks only' beer

### Response:
",Yes
1,jogger clearly on first run of plan to turn life around,https://www.theonion.com/jogger-clearly-on-first-run-of-plan-to-turn-life-around-1819578625,"Below is an instruction that describes a sentiment analysis task.

### Instruction:
Given the following text, please determine if it should be classified as funny or not funny. Base your classification on humor elements such as wit, irony, absurdity, or comedic timing.

### Input:
jogger clearly on first run of plan to turn life around

### Response:
",Yes
1,heritage foundation lowers another retired gop senator into vat of strategists,https://politics.theonion.com/heritage-foundation-lowers-another-retired-gop-senator-1819578019,"Below is an instruction that describes a sentiment analysis task.

### Instruction:
Given the following text, please determine if it should be classified as funny or not funny. Base your classification on humor elements such as wit, irony, absurdity, or comedic timing.

### Input:
heritage foundation lowers another retired gop senator into vat of strategists

### Response:
",No
0,donald trump looks to newtown shooting truther for help winning florida,https://www.huffingtonpost.com/entry/carl-gallups-donald-trump_us_56e028f9e4b0860f99d740ac,"Below is an instruction that describes a sentiment analysis task.

### Instruction:
Given the following text, please determine if it should be classified as funny or not funny. Base your classification on humor elements such as wit, irony, absurdity, or comedic timing.

### Input:
donald trump looks to newtown shooting truther for help winning florida

### Response:
",Yes
1,'what if no one travels anywhere ever again?' wonders panicked transportation secretary,https://www.theonion.com/what-if-no-one-travels-anywhere-ever-again-wonders-p-1819577589,"Below is an instruction that describes a sentiment analysis task.

### Instruction:
Given the following text, please determine if it should be classified as funny or not funny. Base your classification on humor elements such as wit, irony, absurdity, or comedic timing.

### Input:
'what if no one travels anywhere ever again?' wonders panicked transportation secretary

### Response:
",Yes
0,the vietnam war is not history for victims of agent orange,https://www.huffingtonpost.com/entry/the-vietnam-war-is-not-history-for-victims-of-agent_us_59da4b7ce4b0705dc79aa8d5,"Below is an instruction that describes a sentiment analysis task.

### Instruction:
Given the following text, please determine if it should be classified as funny or not funny. Base your classification on humor elements such as wit, irony, absurdity, or comedic timing.

### Input:
the vietnam war is not history for victims of agent orange

### Response:
",No
1,area man likes food,https://www.theonion.com/area-man-likes-food-1819564689,"Below is an instruction that describes a sentiment analysis task.

### Instruction:
Given the following text, please determine if it should be classified as funny or not funny. Base your classification on humor elements such as wit, irony, absurdity, or comedic timing.

### Input:
area man likes food

### Response:
",No
1,"abortion doctor's murder sparks waves of calm, rational discussion",https://politics.theonion.com/abortion-doctors-murder-sparks-waves-of-calm-rational-1819570818,"Below is an instruction that describes a sentiment analysis task.

### Instruction:
Given the following text, please determine if it should be classified as funny or not funny. Base your classification on humor elements such as wit, irony, absurdity, or comedic timing.

### Input:
abortion doctor's murder sparks waves of calm, rational discussion

### Response:
",Yes
1,time-warner ceo announces plans to merge with secretary,https://www.theonion.com/time-warner-ceo-announces-plans-to-merge-with-secretary-1819586252,"Below is an instruction that describes a sentiment analysis task.

### Instruction:
Given the following text, please determine if it should be classified as funny or not funny. Base your classification on humor elements such as wit, irony, absurdity, or comedic timing.

### Input:
time-warner ceo announces plans to merge with secretary

### Response:
",Yes
1,another bunch of southerners dead,https://www.theonion.com/another-bunch-of-southerners-dead-1819564693,"Below is an instruction that describes a sentiment analysis task.

### Instruction:
Given the following text, please determine if it should be classified as funny or not funny. Base your classification on humor elements such as wit, irony, absurdity, or comedic timing.

### Input:
another bunch of southerners dead

### Response:
",No
1,"'no way to prevent this,' says only nation where this regularly happens",https://www.theonion.com/no-way-to-prevent-this-says-only-nation-where-this-r-1819578474,"Below is an instruction that describes a sentiment analysis task.

### Instruction:
Given the following text, please determine if it should be classified as funny or not funny. Base your classification on humor elements such as wit, irony, absurdity, or comedic timing.

### Input:
'no way to prevent this,' says only nation where this regularly happens

### Response:
",Yes
1,2078 nancy pelosi hologram nominated for 38th term in house as party leader,https://politics.theonion.com/nancy-pelosi-hologram-nominated-for-38th-term-in-house-1830726115,"Below is an instruction that describes a sentiment analysis task.

### Instruction:
Given the following text, please determine if it should be classified as funny or not funny. Base your classification on humor elements such as wit, irony, absurdity, or comedic timing.

### Input:
2078 nancy pelosi hologram nominated for 38th term in house as party leader

### Response:
",Yes
0,dwayne 'the rock' johnson shows his nurturing side in hilarious video,https://www.huffingtonpost.com/entry/dwayne-the-rock-johnson-shows-his-nurturing-side-in-hilarious-video_us_56c2183ae4b0b40245c75b69,"Below is an instruction that describes a sentiment analysis task.

### Instruction:
Given the following text, please determine if it should be classified as funny or not funny. Base your classification on humor elements such as wit, irony, absurdity, or comedic timing.

### Input:
dwayne 'the rock' johnson shows his nurturing side in hilarious video

### Response:
",Yes
0,watch: 'trash-talking' dogs prove their bark is worse than their bite,https://www.huffingtonpost.com/entry/dogs-dont-want-to-fight-fence-video_n_5567985.html,"Below is an instruction that describes a sentiment analysis task.

### Instruction:
Given the following text, please determine if it should be classified as funny or not funny. Base your classification on humor elements such as wit, irony, absurdity, or comedic timing.

### Input:
watch: 'trash-talking' dogs prove their bark is worse than their bite

### Response:
",Yes
0,eddie redmayne wins best actor at the globes,https://www.huffingtonpost.com/entry/eddie-redmayne-best-actor_n_6425832.html,"Below is an instruction that describes a sentiment analysis task.

### Instruction:
Given the following text, please determine if it should be classified as funny or not funny. Base your classification on humor elements such as wit, irony, absurdity, or comedic timing.

### Input:
eddie redmayne wins best actor at the globes

### Response:
",No
0,assessing our children to death,https://www.huffingtonpost.com/entry/assessing-our-children-to_b_9708510.html,"Below is an instruction that describes a sentiment analysis task.

### Instruction:
Given the following text, please determine if it should be classified as funny or not funny. Base your classification on humor elements such as wit, irony, absurdity, or comedic timing.

### Input:
assessing our children to death

### Response:
",No
1,"department of interior sets aside 50,000 acres as national wildfire refuge",https://www.theonion.com/department-of-interior-sets-aside-50-000-acres-as-natio-1819579925,"Below is an instruction that describes a sentiment analysis task.

### Instruction:
Given the following text, please determine if it should be classified as funny or not funny. Base your classification on humor elements such as wit, irony, absurdity, or comedic timing.

### Input:
department of interior sets aside 50,000 acres as national wildfire refuge

### Response:
",No
0,why toothpicks are the best cake testers,https://www.huffingtonpost.com/entry/why-toothpicks-are-the-be_b_5223365.html,"Below is an instruction that describes a sentiment analysis task.

### Instruction:
Given the following text, please determine if it should be classified as funny or not funny. Base your classification on humor elements such as wit, irony, absurdity, or comedic timing.

### Input:
why toothpicks are the best cake testers

### Response:
",Yes
0,"i'm a republican, but this isn't the tax reform our country needs",https://www.huffingtonpost.com/entry/im-a-republican-but-this-isnt-the-tax-reform-our_us_5a2b1adbe4b04e0bc8f3b49a,"Below is an instruction that describes a sentiment analysis task.

### Instruction:
Given the following text, please determine if it should be classified as funny or not funny. Base your classification on humor elements such as wit, irony, absurdity, or comedic timing.

### Input:
i'm a republican, but this isn't the tax reform our country needs

### Response:
",No
0,george and amal cloney are a vision in nyc,https://www.huffingtonpost.com/entry/george-clooney-amal-clooney-100-lives_n_6846536.html,"Below is an instruction that describes a sentiment analysis task.

### Instruction:
Given the following text, please determine if it should be classified as funny or not funny. Base your classification on humor elements such as wit, irony, absurdity, or comedic timing.

### Input:
george and amal cloney are a vision in nyc

### Response:
",No
1,most incompetent coworker once again shines at office halloween party,https://local.theonion.com/most-incompetent-coworker-once-again-shines-at-office-h-1819921037,"Below is an instruction that describes a sentiment analysis task.

### Instruction:
Given the following text, please determine if it should be classified as funny or not funny. Base your classification on humor elements such as wit, irony, absurdity, or comedic timing.

### Input:
most incompetent coworker once again shines at office halloween party

### Response:
",Yes
0,civilian 'guard' fires gun while 'protecting' recruiting center,https://www.huffingtonpost.com/entry/civilian-guard-accidental-shot_us_55b1a307e4b0a13f9d180c07,"Below is an instruction that describes a sentiment analysis task.

### Instruction:
Given the following text, please determine if it should be classified as funny or not funny. Base your classification on humor elements such as wit, irony, absurdity, or comedic timing.

### Input:
civilian 'guard' fires gun while 'protecting' recruiting center

### Response:
",No
0,why should you feel threatened by the greeting card industry?,https://www.huffingtonpost.com/entry/why-should-you-feel-threa_b_7251300.html,"Below is an instruction that describes a sentiment analysis task.

### Instruction:
Given the following text, please determine if it should be classified as funny or not funny. Base your classification on humor elements such as wit, irony, absurdity, or comedic timing.

### Input:
why should you feel threatened by the greeting card industry?

### Response:
",Yes
1,gunman kills zero at kansas city area mall,https://www.theonion.com/gunman-kills-zero-at-kansas-city-area-mall-1819574642,"Below is an instruction that describes a sentiment analysis task.

### Instruction:
Given the following text, please determine if it should be classified as funny or not funny. Base your classification on humor elements such as wit, irony, absurdity, or comedic timing.

### Input:
gunman kills zero at kansas city area mall

### Response:
",No
1,doctors no closer to cure for old-person smell,https://www.theonion.com/doctors-no-closer-to-cure-for-old-person-smell-1819565053,"Below is an instruction that describes a sentiment analysis task.

### Instruction:
Given the following text, please determine if it should be classified as funny or not funny. Base your classification on humor elements such as wit, irony, absurdity, or comedic timing.

### Input:
doctors no closer to cure for old-person smell

### Response:
",Yes
0,"after paris, the show must go on. broadway at white house kristen chenoweth, gloria estefan, sir andrew lloyd webber",https://www.huffingtonpost.com/entry/after-paristhe-show-must-_b_8599548.html,"Below is an instruction that describes a sentiment analysis task.

### Instruction:
Given the following text, please determine if it should be classified as funny or not funny. Base your classification on humor elements such as wit, irony, absurdity, or comedic timing.

### Input:
after paris, the show must go on. broadway at white house kristen chenoweth, gloria estefan, sir andrew lloyd webber

### Response:
",No
0,"white house defends jeff sessions leading fbi director search, despite recusal promise",https://www.huffingtonpost.com/entry/jeff-sessions-recusal-fbi_us_5919f985e4b07d5f6ba51047,"Below is an instruction that describes a sentiment analysis task.

### Instruction:
Given the following text, please determine if it should be classified as funny or not funny. Base your classification on humor elements such as wit, irony, absurdity, or comedic timing.

### Input:
white house defends jeff sessions leading fbi director search, despite recusal promise

### Response:
",No
1,cia awkwardly debriefs obama on creation of crack cocaine,https://politics.theonion.com/cia-awkwardly-debriefs-obama-on-creation-of-crack-cocai-1819570580,"Below is an instruction that describes a sentiment analysis task.

### Instruction:
Given the following text, please determine if it should be classified as funny or not funny. Base your classification on humor elements such as wit, irony, absurdity, or comedic timing.

### Input:
cia awkwardly debriefs obama on creation of crack cocaine

### Response:
",Yes
0,how much money do you need?,https://www.huffingtonpost.com/entry/how-much-money-do-you-nee_b_6714658.html,"Below is an instruction that describes a sentiment analysis task.

### Instruction:
Given the following text, please determine if it should be classified as funny or not funny. Base your classification on humor elements such as wit, irony, absurdity, or comedic timing.

### Input:
how much money do you need?

### Response:
",No
1,study finds newborn infants can tell if parents are losers,https://www.theonion.com/study-finds-newborn-infants-can-tell-if-parents-are-los-1819573372,"Below is an instruction that describes a sentiment analysis task.

### Instruction:
Given the following text, please determine if it should be classified as funny or not funny. Base your classification on humor elements such as wit, irony, absurdity, or comedic timing.

### Input:
study finds newborn infants can tell if parents are losers

### Response:
",Yes
0,how to get a bikini body without buying a bikini body plan,https://www.huffingtonpost.com/entry/how-to-get-a-bikini-body-_b_6064096.html,"Below is an instruction that describes a sentiment analysis task.

### Instruction:
Given the following text, please determine if it should be classified as funny or not funny. Base your classification on humor elements such as wit, irony, absurdity, or comedic timing.

### Input:
how to get a bikini body without buying a bikini body plan

### Response:
",Yes
0,rhea maceris' gps guide on feeling empowered,https://www.huffingtonpost.com/entry/rhea-maceris-gps-guide_us_573cc515e4b0aee7b8e8ce85,"Below is an instruction that describes a sentiment analysis task.

### Instruction:
Given the following text, please determine if it should be classified as funny or not funny. Base your classification on humor elements such as wit, irony, absurdity, or comedic timing.

### Input:
rhea maceris' gps guide on feeling empowered

### Response:
",No
0,obamacare enrollees anxiously await supreme court decision that threatens their coverage,https://www.huffingtonpost.com/entry/obamacare-subsidies-supreme-court_n_7503600.html,"Below is an instruction that describes a sentiment analysis task.

### Instruction:
Given the following text, please determine if it should be classified as funny or not funny. Base your classification on humor elements such as wit, irony, absurdity, or comedic timing.

### Input:
obamacare enrollees anxiously await supreme court decision that threatens their coverage

### Response:
",No
0,democrats celebrate doug jones' stunning victory,https://www.huffingtonpost.com/entry/democrats-react-alabama-senate_us_5a30a42fe4b01bdd76584f73,"Below is an instruction that describes a sentiment analysis task.

### Instruction:
Given the following text, please determine if it should be classified as funny or not funny. Base your classification on humor elements such as wit, irony, absurdity, or comedic timing.

### Input:
democrats celebrate doug jones' stunning victory

### Response:
",No
0,"fifth of july at aurora: nostalgia, laughs and agony in a decade of disillusionment",https://www.huffingtonpost.com/entry/fifth-of-july-at-aurora-nostalgia-laughs-and-agony-in-a-decade-of-disillusionment_b_7145300.html,"Below is an instruction that describes a sentiment analysis task.

### Instruction:
Given the following text, please determine if it should be classified as funny or not funny. Base your classification on humor elements such as wit, irony, absurdity, or comedic timing.

### Input:
fifth of july at aurora: nostalgia, laughs and agony in a decade of disillusionment

### Response:
",No
0,patrick stewart looks distraught in hideous musical christmas hat,https://www.huffingtonpost.com/entry/patrick-stewart-looks-distraught-in-singing-flashing-christmas-hat_n_6381992.html,"Below is an instruction that describes a sentiment analysis task.

### Instruction:
Given the following text, please determine if it should be classified as funny or not funny. Base your classification on humor elements such as wit, irony, absurdity, or comedic timing.

### Input:
patrick stewart looks distraught in hideous musical christmas hat

### Response:
",No
1,report: friend's apartment not nice enough to be asking people to take off shoes,https://local.theonion.com/report-friend-s-apartment-not-nice-enough-to-be-asking-1823796252,"Below is an instruction that describes a sentiment analysis task.

### Instruction:
Given the following text, please determine if it should be classified as funny or not funny. Base your classification on humor elements such as wit, irony, absurdity, or comedic timing.

### Input:
report: friend's apartment not nice enough to be asking people to take off shoes

### Response:
",Yes
1,completely out-of-control cell phone nearly vibrates itself off table,https://www.theonion.com/completely-out-of-control-cell-phone-nearly-vibrates-it-1819590102,"Below is an instruction that describes a sentiment analysis task.

### Instruction:
Given the following text, please determine if it should be classified as funny or not funny. Base your classification on humor elements such as wit, irony, absurdity, or comedic timing.

### Input:
completely out-of-control cell phone nearly vibrates itself off table

### Response:
",Yes
0,"abc plays 'the wrong song,' cancels 'nashville' after 4 seasons (update)",https://www.huffingtonpost.com/entry/nashville-canceled-after-four-seasons_us_5734fc50e4b077d4d6f29e72,"Below is an instruction that describes a sentiment analysis task.

### Instruction:
Given the following text, please determine if it should be classified as funny or not funny. Base your classification on humor elements such as wit, irony, absurdity, or comedic timing.

### Input:
abc plays 'the wrong song,' cancels 'nashville' after 4 seasons (update)

### Response:
",No
1,man would rather annoy small group of friends than bunch of strangers at party,https://local.theonion.com/man-would-rather-annoy-small-group-of-friends-than-bunc-1819577464,"Below is an instruction that describes a sentiment analysis task.

### Instruction:
Given the following text, please determine if it should be classified as funny or not funny. Base your classification on humor elements such as wit, irony, absurdity, or comedic timing.

### Input:
man would rather annoy small group of friends than bunch of strangers at party

### Response:
",Yes
0,study seeks to measure 'scalia-ness' of donald trump's supreme court picks,https://www.huffingtonpost.com/entry/donald-trump-supreme-court-antonin-scalia_us_583c7d0fe4b01ba68ac57c58,"Below is an instruction that describes a sentiment analysis task.

### Instruction:
Given the following text, please determine if it should be classified as funny or not funny. Base your classification on humor elements such as wit, irony, absurdity, or comedic timing.

### Input:
study seeks to measure 'scalia-ness' of donald trump's supreme court picks

### Response:
",Yes
1,new smithsonian exhibit details how fashion pioneers tamed the frumpy west,https://www.theonion.com/new-smithsonian-exhibit-details-how-fashion-pioneers-ta-1829039480,"Below is an instruction that describes a sentiment analysis task.

### Instruction:
Given the following text, please determine if it should be classified as funny or not funny. Base your classification on humor elements such as wit, irony, absurdity, or comedic timing.

### Input:
new smithsonian exhibit details how fashion pioneers tamed the frumpy west

### Response:
",No
1,clinton clinton,https://politics.theonion.com/clinton-clinton-1819564177,"Below is an instruction that describes a sentiment analysis task.

### Instruction:
Given the following text, please determine if it should be classified as funny or not funny. Base your classification on humor elements such as wit, irony, absurdity, or comedic timing.

### Input:
clinton clinton

### Response:
",No
1,transplanted new yorker disappointed with local bagel scene,https://www.theonion.com/transplanted-new-yorker-disappointed-with-local-bagel-s-1819564462,"Below is an instruction that describes a sentiment analysis task.

### Instruction:
Given the following text, please determine if it should be classified as funny or not funny. Base your classification on humor elements such as wit, irony, absurdity, or comedic timing.

### Input:
transplanted new yorker disappointed with local bagel scene

### Response:
",Yes
0,why i didn't reveal i'm deaf in my online dating profile,https://www.huffingtonpost.com/entry/disclosing-deafness-while-online-dating_us_5afc3590e4b06a3fb50c84a9,"Below is an instruction that describes a sentiment analysis task.

### Instruction:
Given the following text, please determine if it should be classified as funny or not funny. Base your classification on humor elements such as wit, irony, absurdity, or comedic timing.

### Input:
why i didn't reveal i'm deaf in my online dating profile

### Response:
",No
1,steve king vehemently denies comparing immigrants to people,https://politics.theonion.com/steve-king-vehemently-denies-comparing-immigrants-to-pe-1830417098,"Below is an instruction that describes a sentiment analysis task.

### Instruction:
Given the following text, please determine if it should be classified as funny or not funny. Base your classification on humor elements such as wit, irony, absurdity, or comedic timing.

### Input:
steve king vehemently denies comparing immigrants to people

### Response:
",No
0,asian-american cops sue california police department over discrimination,https://www.huffingtonpost.com/entry/san-gabriel-police-asian-american-discrimination_us_5a1d8926e4b04e8b2a84a758,"Below is an instruction that describes a sentiment analysis task.

### Instruction:
Given the following text, please determine if it should be classified as funny or not funny. Base your classification on humor elements such as wit, irony, absurdity, or comedic timing.

### Input:
asian-american cops sue california police department over discrimination

### Response:
",No
0,turning 65? here's when you should enroll in medicare,https://www.huffingtonpost.com/entry/when-to-enroll-in-medicare_b_11822444.html,"Below is an instruction that describes a sentiment analysis task.

### Instruction:
Given the following text, please determine if it should be classified as funny or not funny. Base your classification on humor elements such as wit, irony, absurdity, or comedic timing.

### Input:
turning 65? here's when you should enroll in medicare

### Response:
",No
1,astronomers caution americans not to look directly at screaming spirits of the damned during solar eclipse,https://www.theonion.com/astronomers-caution-americans-not-to-look-directly-at-s-1819580182,"Below is an instruction that describes a sentiment analysis task.

### Instruction:
Given the following text, please determine if it should be classified as funny or not funny. Base your classification on humor elements such as wit, irony, absurdity, or comedic timing.

### Input:
astronomers caution americans not to look directly at screaming spirits of the damned during solar eclipse

### Response:
",Yes
0,stephen colbert let deray mckesson interview him about his whiteness,https://www.huffingtonpost.com/entry/stephen-colbert-let-deray-mckesson-interview-him-about-his-whiteness_us_569e651be4b0cd99679b623f,"Below is an instruction that describes a sentiment analysis task.

### Instruction:
Given the following text, please determine if it should be classified as funny or not funny. Base your classification on humor elements such as wit, irony, absurdity, or comedic timing.

### Input:
stephen colbert let deray mckesson interview him about his whiteness

### Response:
",Yes
1,fridge magnet pushed to limits,https://www.theonion.com/fridge-magnet-pushed-to-limits-1819588131,"Below is an instruction that describes a sentiment analysis task.

### Instruction:
Given the following text, please determine if it should be classified as funny or not funny. Base your classification on humor elements such as wit, irony, absurdity, or comedic timing.

### Input:
fridge magnet pushed to limits

### Response:
",No
1,jukebox pretending oasis cd too scratched to play,https://entertainment.theonion.com/jukebox-pretending-oasis-cd-too-scratched-to-play-1819590247,"Below is an instruction that describes a sentiment analysis task.

### Instruction:
Given the following text, please determine if it should be classified as funny or not funny. Base your classification on humor elements such as wit, irony, absurdity, or comedic timing.

### Input:
jukebox pretending oasis cd too scratched to play

### Response:
",Yes
0,jeb bush: i misjudged the intensity of gop voters' anger,https://www.huffingtonpost.com/entry/jeb-bush-2016-election_us_5697990ae4b0778f46f835ee,"Below is an instruction that describes a sentiment analysis task.

### Instruction:
Given the following text, please determine if it should be classified as funny or not funny. Base your classification on humor elements such as wit, irony, absurdity, or comedic timing.

### Input:
jeb bush: i misjudged the intensity of gop voters' anger

### Response:
",No
0,avoid these 5 common race day mistakes,https://www.huffingtonpost.com/entry/avoid-these-5-common-race-day-mistakes_b_7274138.html,"Below is an instruction that describes a sentiment analysis task.

### Instruction:
Given the following text, please determine if it should be classified as funny or not funny. Base your classification on humor elements such as wit, irony, absurdity, or comedic timing.

### Input:
avoid these 5 common race day mistakes

### Response:
",No
0,from peach cobbler to banana pudding: 10 delicious labor day desserts,https://www.huffingtonpost.com/entry/from-peach-cobbler-to-ban_b_8046326.html,"Below is an instruction that describes a sentiment analysis task.

### Instruction:
Given the following text, please determine if it should be classified as funny or not funny. Base your classification on humor elements such as wit, irony, absurdity, or comedic timing.

### Input:
from peach cobbler to banana pudding: 10 delicious labor day desserts

### Response:
",No
1,affair to threaten whatever it is john edwards does for a living,https://politics.theonion.com/affair-to-threaten-whatever-it-is-john-edwards-does-for-1819569995,"Below is an instruction that describes a sentiment analysis task.

### Instruction:
Given the following text, please determine if it should be classified as funny or not funny. Base your classification on humor elements such as wit, irony, absurdity, or comedic timing.

### Input:
affair to threaten whatever it is john edwards does for a living

### Response:
",Yes
0,"finally, a virtual reality headset that's cheap and actually works",https://www.huffingtonpost.com/entry/samsung-cheap-virtual-reality-headset_us_56043898e4b08820d91c02ae,"Below is an instruction that describes a sentiment analysis task.

### Instruction:
Given the following text, please determine if it should be classified as funny or not funny. Base your classification on humor elements such as wit, irony, absurdity, or comedic timing.

### Input:
finally, a virtual reality headset that's cheap and actually works

### Response:
",Yes
0,shepard fairey's new art blatantly condemns 'demagogue' donald trump,https://www.huffingtonpost.com/entry/shepard-fairey-hillary-clinton_us_5820932de4b0e80b02cb28e7,"Below is an instruction that describes a sentiment analysis task.

### Instruction:
Given the following text, please determine if it should be classified as funny or not funny. Base your classification on humor elements such as wit, irony, absurdity, or comedic timing.

### Input:
shepard fairey's new art blatantly condemns 'demagogue' donald trump

### Response:
",No
1,frustrated debate moderator reminds audience to refrain from john kasich chants while other candidates speaking,https://politics.theonion.com/frustrated-debate-moderator-reminds-audience-to-refrain-1819578085,"Below is an instruction that describes a sentiment analysis task.

### Instruction:
Given the following text, please determine if it should be classified as funny or not funny. Base your classification on humor elements such as wit, irony, absurdity, or comedic timing.

### Input:
frustrated debate moderator reminds audience to refrain from john kasich chants while other candidates speaking

### Response:
",Yes
0,time is 'running out' as great barrier reef hit by another mass bleaching,https://www.huffingtonpost.com/entry/great-barrier-reef-coral-bleaching_us_58eb586fe4b058f0a0305631,"Below is an instruction that describes a sentiment analysis task.

### Instruction:
Given the following text, please determine if it should be classified as funny or not funny. Base your classification on humor elements such as wit, irony, absurdity, or comedic timing.

### Input:
time is 'running out' as great barrier reef hit by another mass bleaching

### Response:
",No
1,"romney's acceptance speech to avoid mentioning personal, professional, religious, political life",https://politics.theonion.com/romneys-acceptance-speech-to-avoid-mentioning-personal-1819573838,"Below is an instruction that describes a sentiment analysis task.

### Instruction:
Given the following text, please determine if it should be classified as funny or not funny. Base your classification on humor elements such as wit, irony, absurdity, or comedic timing.

### Input:
romney's acceptance speech to avoid mentioning personal, professional, religious, political life

### Response:
",Yes
0,all of taylor swift's bffs on the 1989 tour,https://www.huffingtonpost.com/entry/all-of-taylor-swifts-bffs-on-the-1989-tour_us_55c67366e4b0f73b20b99480,"Below is an instruction that describes a sentiment analysis task.

### Instruction:
Given the following text, please determine if it should be classified as funny or not funny. Base your classification on humor elements such as wit, irony, absurdity, or comedic timing.

### Input:
all of taylor swift's bffs on the 1989 tour

### Response:
",Yes
1,religious conservatives argue adam and eve would never have been banished from eden if they'd had guns,https://www.theonion.com/religious-conservatives-argue-adam-and-eve-would-never-1833267416,"Below is an instruction that describes a sentiment analysis task.

### Instruction:
Given the following text, please determine if it should be classified as funny or not funny. Base your classification on humor elements such as wit, irony, absurdity, or comedic timing.

### Input:
religious conservatives argue adam and eve would never have been banished from eden if they'd had guns

### Response:
",Yes
1,"retired couple realizes dream of buying camper, driving around country murdering hitchhikers",https://local.theonion.com/retired-couple-realizes-dream-of-buying-camper-driving-1827685833,"Below is an instruction that describes a sentiment analysis task.

### Instruction:
Given the following text, please determine if it should be classified as funny or not funny. Base your classification on humor elements such as wit, irony, absurdity, or comedic timing.

### Input:
retired couple realizes dream of buying camper, driving around country murdering hitchhikers

### Response:
",Yes
1,distracted priest pronounces couple 'man and plumbing problem',https://local.theonion.com/distracted-priest-pronounces-couple-man-and-plumbing-pr-1819568912,"Below is an instruction that describes a sentiment analysis task.

### Instruction:
Given the following text, please determine if it should be classified as funny or not funny. Base your classification on humor elements such as wit, irony, absurdity, or comedic timing.

### Input:
distracted priest pronounces couple 'man and plumbing problem'

### Response:
",Yes
1,new neutrogena extra-strength face wash instantly dissolves bad skin,https://www.theonion.com/new-neutrogena-extra-strength-face-wash-instantly-disso-1828490087,"Below is an instruction that describes a sentiment analysis task.

### Instruction:
Given the following text, please determine if it should be classified as funny or not funny. Base your classification on humor elements such as wit, irony, absurdity, or comedic timing.

### Input:
new neutrogena extra-strength face wash instantly dissolves bad skin

### Response:
",No
0,is obamacare repeal over? three possible outcomes,https://www.huffingtonpost.com/entry/is-obamacare-repeal-over-three-possible-outcomes_us_59945d04e4b0eef7ad2c02da,"Below is an instruction that describes a sentiment analysis task.

### Instruction:
Given the following text, please determine if it should be classified as funny or not funny. Base your classification on humor elements such as wit, irony, absurdity, or comedic timing.

### Input:
is obamacare repeal over? three possible outcomes

### Response:
",No
0,"huffpost expands its reporting, video and audio teams with latest round of new hires",https://www.huffingtonpost.com/entry/huffpost-expands-its-reporting-video-and-audio-teams-with-latest-round-of-new-hires_us_5adf4d33e4b061c0bfa23adf,"Below is an instruction that describes a sentiment analysis task.

### Instruction:
Given the following text, please determine if it should be classified as funny or not funny. Base your classification on humor elements such as wit, irony, absurdity, or comedic timing.

### Input:
huffpost expands its reporting, video and audio teams with latest round of new hires

### Response:
",No
0,a way to win: election talk with celinda lake,https://www.huffingtonpost.com/entry/a-way-to-win-election-tal_b_5888410.html,"Below is an instruction that describes a sentiment analysis task.

### Instruction:
Given the following text, please determine if it should be classified as funny or not funny. Base your classification on humor elements such as wit, irony, absurdity, or comedic timing.

### Input:
a way to win: election talk with celinda lake

### Response:
",No
0,10 ways to raise a reader,https://www.huffingtonpost.com/entry/10-ways-to-raise-a-reader_b_6785768.html,"Below is an instruction that describes a sentiment analysis task.

### Instruction:
Given the following text, please determine if it should be classified as funny or not funny. Base your classification on humor elements such as wit, irony, absurdity, or comedic timing.

### Input:
10 ways to raise a reader

### Response:
",No
0,9 parking garage designs that are works of art,https://www.huffingtonpost.com/entry/9-parking-garage-designs-that-are-works-of-art_us_58c834a6e4b0816ed87b5e3a,"Below is an instruction that describes a sentiment analysis task.

### Instruction:
Given the following text, please determine if it should be classified as funny or not funny. Base your classification on humor elements such as wit, irony, absurdity, or comedic timing.

### Input:
9 parking garage designs that are works of art

### Response:
",No
0,"healing after divorce in 5 allegories: i was married to the wizard of oz, but i never thought to pull back the curtain",https://www.huffingtonpost.com/entry/healing-after-divorce-in-_b_7701952.html,"Below is an instruction that describes a sentiment analysis task.

### Instruction:
Given the following text, please determine if it should be classified as funny or not funny. Base your classification on humor elements such as wit, irony, absurdity, or comedic timing.

### Input:
healing after divorce in 5 allegories: i was married to the wizard of oz, but i never thought to pull back the curtain

### Response:
",Yes
1,california to allow prisoners to serve sentences online,https://local.theonion.com/california-to-allow-prisoners-to-serve-sentences-online-1819572997,"Below is an instruction that describes a sentiment analysis task.

### Instruction:
Given the following text, please determine if it should be classified as funny or not funny. Base your classification on humor elements such as wit, irony, absurdity, or comedic timing.

### Input:
california to allow prisoners to serve sentences online

### Response:
",No
0,the justice department pledge to prosecute white-collar criminals is about to face a major test,https://www.huffingtonpost.com/entry/volkswagen-executives-prosecution_us_55fd9749e4b00310edf74f5d,"Below is an instruction that describes a sentiment analysis task.

### Instruction:
Given the following text, please determine if it should be classified as funny or not funny. Base your classification on humor elements such as wit, irony, absurdity, or comedic timing.

### Input:
the justice department pledge to prosecute white-collar criminals is about to face a major test

### Response:
",No
0,"""i woke up like dis"": why my disability is the sexiest thing about me",https://www.huffingtonpost.com/entry/i-woke-up-like-dis-why-my_b_5816674.html,"Below is an instruction that describes a sentiment analysis task.

### Instruction:
Given the following text, please determine if it should be classified as funny or not funny. Base your classification on humor elements such as wit, irony, absurdity, or comedic timing.

### Input:
""i woke up like dis"": why my disability is the sexiest thing about me

### Response:
",No
1,crush on williams-sonoma employee costing man a fortune,https://www.theonion.com/crush-on-williams-sonoma-employee-costing-man-a-fortune-1819569578,"Below is an instruction that describes a sentiment analysis task.

### Instruction:
Given the following text, please determine if it should be classified as funny or not funny. Base your classification on humor elements such as wit, irony, absurdity, or comedic timing.

### Input:
crush on williams-sonoma employee costing man a fortune

### Response:
",No
1,responsible gun owner keeps firearms safely locked away where only he can get them during mental breakdown,https://local.theonion.com/responsible-gun-owner-keeps-firearms-safely-locked-away-1819578160,"Below is an instruction that describes a sentiment analysis task.

### Instruction:
Given the following text, please determine if it should be classified as funny or not funny. Base your classification on humor elements such as wit, irony, absurdity, or comedic timing.

### Input:
responsible gun owner keeps firearms safely locked away where only he can get them during mental breakdown

### Response:
",Yes
0,this is the tiger that earl woods raised,https://www.huffingtonpost.com/entry/this-is-the-tiger-that-ea_b_7275154.html,"Below is an instruction that describes a sentiment analysis task.

### Instruction:
Given the following text, please determine if it should be classified as funny or not funny. Base your classification on humor elements such as wit, irony, absurdity, or comedic timing.

### Input:
this is the tiger that earl woods raised

### Response:
",No
1,megachurch threatened by new ultrachurch,https://local.theonion.com/megachurch-threatened-by-new-ultrachurch-1819588760,"Below is an instruction that describes a sentiment analysis task.

### Instruction:
Given the following text, please determine if it should be classified as funny or not funny. Base your classification on humor elements such as wit, irony, absurdity, or comedic timing.

### Input:
megachurch threatened by new ultrachurch

### Response:
",No
1,"jaguars, raiders hold postseason exhibition game in london",https://sports.theonion.com/jaguars-raiders-hold-postseason-exhibition-game-in-lon-1819578630,"Below is an instruction that describes a sentiment analysis task.

### Instruction:
Given the following text, please determine if it should be classified as funny or not funny. Base your classification on humor elements such as wit, irony, absurdity, or comedic timing.

### Input:
jaguars, raiders hold postseason exhibition game in london

### Response:
",No
1,'game of thrones' producers reveal series moved beyond show's written script halfway through current season,https://entertainment.theonion.com/game-of-thrones-producers-reveal-series-moved-beyond-1819580219,"Below is an instruction that describes a sentiment analysis task.

### Instruction:
Given the following text, please determine if it should be classified as funny or not funny. Base your classification on humor elements such as wit, irony, absurdity, or comedic timing.

### Input:
'game of thrones' producers reveal series moved beyond show's written script halfway through current season

### Response:
",No
0,senate amendment would dramatically improve how doctors treat heroin addiction,https://www.huffingtonpost.com/entry/senate-amendment-heroin-suboxone_us_56e9e754e4b065e2e3d86ea3,"Below is an instruction that describes a sentiment analysis task.

### Instruction:
Given the following text, please determine if it should be classified as funny or not funny. Base your classification on humor elements such as wit, irony, absurdity, or comedic timing.

### Input:
senate amendment would dramatically improve how doctors treat heroin addiction

### Response:
",No
1,report: only 20 minutes until introverted man gets to leave party,https://local.theonion.com/report-only-20-minutes-until-introverted-man-gets-to-l-1819576241,"Below is an instruction that describes a sentiment analysis task.

### Instruction:
Given the following text, please determine if it should be classified as funny or not funny. Base your classification on humor elements such as wit, irony, absurdity, or comedic timing.

### Input:
report: only 20 minutes until introverted man gets to leave party

### Response:
",Yes
0,avoid confrontation in the south china sea,https://www.huffingtonpost.com/entry/avoid-confrontaiton-in-th_b_9343508.html,"Below is an instruction that describes a sentiment analysis task.

### Instruction:
Given the following text, please determine if it should be classified as funny or not funny. Base your classification on humor elements such as wit, irony, absurdity, or comedic timing.

### Input:
avoid confrontation in the south china sea

### Response:
",No
0,theory versus truth,https://www.huffingtonpost.com/entry/theory-versus-truth_b_6463042.html,"Below is an instruction that describes a sentiment analysis task.

### Instruction:
Given the following text, please determine if it should be classified as funny or not funny. Base your classification on humor elements such as wit, irony, absurdity, or comedic timing.

### Input:
theory versus truth

### Response:
",No
1,critics accuse joe biden of running for president for political reasons,https://politics.theonion.com/critics-accuse-joe-biden-of-running-for-president-for-p-1819568582,"Below is an instruction that describes a sentiment analysis task.

### Instruction:
Given the following text, please determine if it should be classified as funny or not funny. Base your classification on humor elements such as wit, irony, absurdity, or comedic timing.

### Input:
critics accuse joe biden of running for president for political reasons

### Response:
",No
1,ceiling fan transforms apartment without air conditioning into frosty wonderland,https://local.theonion.com/ceiling-fan-transforms-apartment-without-air-conditioni-1819575286,"Below is an instruction that describes a sentiment analysis task.

### Instruction:
Given the following text, please determine if it should be classified as funny or not funny. Base your classification on humor elements such as wit, irony, absurdity, or comedic timing.

### Input:
ceiling fan transforms apartment without air conditioning into frosty wonderland

### Response:
",Yes
0,this is the first u.s. school to allow marijuana for disabled students,https://www.huffingtonpost.com/entry/medical-marijuana-for-disabled-students_us_5644d5c3e4b08cda3487d69d,"Below is an instruction that describes a sentiment analysis task.

### Instruction:
Given the following text, please determine if it should be classified as funny or not funny. Base your classification on humor elements such as wit, irony, absurdity, or comedic timing.

### Input:
this is the first u.s. school to allow marijuana for disabled students

### Response:
",No
1,congress names very special prosecutor,https://politics.theonion.com/congress-names-very-special-prosecutor-1819564484,"Below is an instruction that describes a sentiment analysis task.

### Instruction:
Given the following text, please determine if it should be classified as funny or not funny. Base your classification on humor elements such as wit, irony, absurdity, or comedic timing.

### Input:
congress names very special prosecutor

### Response:
",No
1,audiobook narrator really going for broke with cajun accent,https://www.theonion.com/audiobook-narrator-really-going-for-broke-with-cajun-ac-1821950450,"Below is an instruction that describes a sentiment analysis task.

### Instruction:
Given the following text, please determine if it should be classified as funny or not funny. Base your classification on humor elements such as wit, irony, absurdity, or comedic timing.

### Input:
audiobook narrator really going for broke with cajun accent

### Response:
",Yes
0,uber gave government millions of users' data,https://www.huffingtonpost.com/entry/uber-customer-data-privacy_us_570e518ae4b0ffa5937da329,"Below is an instruction that describes a sentiment analysis task.

### Instruction:
Given the following text, please determine if it should be classified as funny or not funny. Base your classification on humor elements such as wit, irony, absurdity, or comedic timing.

### Input:
uber gave government millions of users' data

### Response:
",No
1,tv commercial for beverage features woefully reckless pouring technique,https://www.theonion.com/tv-commercial-for-beverage-features-woefully-reckless-p-1819577903,"Below is an instruction that describes a sentiment analysis task.

### Instruction:
Given the following text, please determine if it should be classified as funny or not funny. Base your classification on humor elements such as wit, irony, absurdity, or comedic timing.

### Input:
tv commercial for beverage features woefully reckless pouring technique

### Response:
",Yes
1,sarah huckabee sanders unable to answer any questions about administration after signing non-disclosure agreement,https://politics.theonion.com/sarah-huckabee-sanders-unable-to-answer-any-questions-a-1828332542,"Below is an instruction that describes a sentiment analysis task.

### Instruction:
Given the following text, please determine if it should be classified as funny or not funny. Base your classification on humor elements such as wit, irony, absurdity, or comedic timing.

### Input:
sarah huckabee sanders unable to answer any questions about administration after signing non-disclosure agreement

### Response:
",Yes
0,ann coulter rejects rescheduling offer from uc berkeley,https://www.huffingtonpost.com/entry/ann-coulter-rejects-offer-uc-berkeley_us_58fa5e7ee4b06b9cb916bf73,"Below is an instruction that describes a sentiment analysis task.

### Instruction:
Given the following text, please determine if it should be classified as funny or not funny. Base your classification on humor elements such as wit, irony, absurdity, or comedic timing.

### Input:
ann coulter rejects rescheduling offer from uc berkeley

### Response:
",No
1,new hallmark line addresses israeli-palestinian conflict,https://www.theonion.com/new-hallmark-line-addresses-israeli-palestinian-conflic-1819587432,"Below is an instruction that describes a sentiment analysis task.

### Instruction:
Given the following text, please determine if it should be classified as funny or not funny. Base your classification on humor elements such as wit, irony, absurdity, or comedic timing.

### Input:
new hallmark line addresses israeli-palestinian conflict

### Response:
",No
1,street performer dreams of performing on streets of paris,https://local.theonion.com/street-performer-dreams-of-performing-on-streets-of-par-1819566413,"Below is an instruction that describes a sentiment analysis task.

### Instruction:
Given the following text, please determine if it should be classified as funny or not funny. Base your classification on humor elements such as wit, irony, absurdity, or comedic timing.

### Input:
street performer dreams of performing on streets of paris

### Response:
",Yes
0,"in deep red territory, constituents grill congressman in fiery town hall",https://www.huffingtonpost.com/entry/doug-lamborn-colorado-springs-town-hall_us_58ee48b4e4b0cb574bb4b603,"Below is an instruction that describes a sentiment analysis task.

### Instruction:
Given the following text, please determine if it should be classified as funny or not funny. Base your classification on humor elements such as wit, irony, absurdity, or comedic timing.

### Input:
in deep red territory, constituents grill congressman in fiery town hall

### Response:
",No
1,nation gathers around area man trying to parallel park,https://www.theonion.com/nation-gathers-around-area-man-trying-to-parallel-park-1819575066,"Below is an instruction that describes a sentiment analysis task.

### Instruction:
Given the following text, please determine if it should be classified as funny or not funny. Base your classification on humor elements such as wit, irony, absurdity, or comedic timing.

### Input:
nation gathers around area man trying to parallel park

### Response:
",Yes
0,americans dislike how the media treats trump -- and how he treats the media,https://www.huffingtonpost.com/entry/trump-media-poll_us_5845bcdde4b028b323389d98,"Below is an instruction that describes a sentiment analysis task.

### Instruction:
Given the following text, please determine if it should be classified as funny or not funny. Base your classification on humor elements such as wit, irony, absurdity, or comedic timing.

### Input:
americans dislike how the media treats trump -- and how he treats the media

### Response:
",No
0,what i realized when i let my mom take over my online dating profile,https://www.huffingtonpost.com/entry/what-i-realized-when-i-let-my-mom-take-over-my-online-dating-profile-for-a-night_b_5503885.html,"Below is an instruction that describes a sentiment analysis task.

### Instruction:
Given the following text, please determine if it should be classified as funny or not funny. Base your classification on humor elements such as wit, irony, absurdity, or comedic timing.

### Input:
what i realized when i let my mom take over my online dating profile

### Response:
",Yes
1,man visiting hometown amazed to find all his childhood insecurities still there,https://local.theonion.com/man-visiting-hometown-amazed-to-find-all-his-childhood-1819576945,"Below is an instruction that describes a sentiment analysis task.

### Instruction:
Given the following text, please determine if it should be classified as funny or not funny. Base your classification on humor elements such as wit, irony, absurdity, or comedic timing.

### Input:
man visiting hometown amazed to find all his childhood insecurities still there

### Response:
",Yes
0,orange workout gear that'll legitimately up your gym game,https://www.huffingtonpost.com/entry/the-color-you-should-be-wearing-to-the-gym_us_55b92784e4b0224d8834fbe4,"Below is an instruction that describes a sentiment analysis task.

### Instruction:
Given the following text, please determine if it should be classified as funny or not funny. Base your classification on humor elements such as wit, irony, absurdity, or comedic timing.

### Input:
orange workout gear that'll legitimately up your gym game

### Response:
",No
1,alpha male marries tri-delta female,https://www.theonion.com/alpha-male-marries-tri-delta-female-1819587221,"Below is an instruction that describes a sentiment analysis task.

### Instruction:
Given the following text, please determine if it should be classified as funny or not funny. Base your classification on humor elements such as wit, irony, absurdity, or comedic timing.

### Input:
alpha male marries tri-delta female

### Response:
",Yes
0,'the interview' is having a very good weekend so far,https://www.huffingtonpost.com/entry/the-interview-opening-weekend-sold-out_n_6381802.html,"Below is an instruction that describes a sentiment analysis task.

### Instruction:
Given the following text, please determine if it should be classified as funny or not funny. Base your classification on humor elements such as wit, irony, absurdity, or comedic timing.

### Input:
'the interview' is having a very good weekend so far

### Response:
",No
0,lessons from kodak,https://www.huffingtonpost.com/entry/lessons-from-kodak_b_10287774.html,"Below is an instruction that describes a sentiment analysis task.

### Instruction:
Given the following text, please determine if it should be classified as funny or not funny. Base your classification on humor elements such as wit, irony, absurdity, or comedic timing.

### Input:
lessons from kodak

### Response:
",No
1,restaurant's eating challenge rewards any patron who can consume reasonably portioned meal,https://local.theonion.com/restaurant-s-eating-challenge-rewards-any-patron-who-ca-1819579155,"Below is an instruction that describes a sentiment analysis task.

### Instruction:
Given the following text, please determine if it should be classified as funny or not funny. Base your classification on humor elements such as wit, irony, absurdity, or comedic timing.

### Input:
restaurant's eating challenge rewards any patron who can consume reasonably portioned meal

### Response:
",Yes
1,tesla debuts carless driver,https://www.theonion.com/tesla-debuts-carless-driver-1822518680,"Below is an instruction that describes a sentiment analysis task.

### Instruction:
Given the following text, please determine if it should be classified as funny or not funny. Base your classification on humor elements such as wit, irony, absurdity, or comedic timing.

### Input:
tesla debuts carless driver

### Response:
",No
0,lauren graham just dropped a clue about those final 4 'gilmore girls' words,https://www.huffingtonpost.com/entry/gilmore-girls-final-words_us_56ad0eb5e4b077d4fe8e54a7,"Below is an instruction that describes a sentiment analysis task.

### Instruction:
Given the following text, please determine if it should be classified as funny or not funny. Base your classification on humor elements such as wit, irony, absurdity, or comedic timing.

### Input:
lauren graham just dropped a clue about those final 4 'gilmore girls' words

### Response:
",No
0,former 'munsters' child star shares the troubling real reason he quit acting,https://www.huffingtonpost.com/entry/munsters-butch-patrick-quit-acting_us_57feb05ee4b05eff5581641e,"Below is an instruction that describes a sentiment analysis task.

### Instruction:
Given the following text, please determine if it should be classified as funny or not funny. Base your classification on humor elements such as wit, irony, absurdity, or comedic timing.

### Input:
former 'munsters' child star shares the troubling real reason he quit acting

### Response:
",No
1,secretary masks deep depression with laughter during office banter,https://www.theonion.com/secretary-masks-deep-depression-with-laughter-during-of-1819586212,"Below is an instruction that describes a sentiment analysis task.

### Instruction:
Given the following text, please determine if it should be classified as funny or not funny. Base your classification on humor elements such as wit, irony, absurdity, or comedic timing.

### Input:
secretary masks deep depression with laughter during office banter

### Response:
",Yes
1,man entirely different misogynist online than in real life,https://local.theonion.com/man-entirely-different-misogynist-online-than-in-real-l-1819579060,"Below is an instruction that describes a sentiment analysis task.

### Instruction:
Given the following text, please determine if it should be classified as funny or not funny. Base your classification on humor elements such as wit, irony, absurdity, or comedic timing.

### Input:
man entirely different misogynist online than in real life

### Response:
",Yes
0,4 must-have digital marketing core competencies,https://www.huffingtonpost.com/entry/4-must-have-digital-marke_b_5221910.html,"Below is an instruction that describes a sentiment analysis task.

### Instruction:
Given the following text, please determine if it should be classified as funny or not funny. Base your classification on humor elements such as wit, irony, absurdity, or comedic timing.

### Input:
4 must-have digital marketing core competencies

### Response:
",No
0,the kurds' bitter defeat in iraq is now everyone's problem,https://www.huffingtonpost.com/entry/kurds-referendum-problems_us_59ef858fe4b0b7e6326561b6,"Below is an instruction that describes a sentiment analysis task.

### Instruction:
Given the following text, please determine if it should be classified as funny or not funny. Base your classification on humor elements such as wit, irony, absurdity, or comedic timing.

### Input:
the kurds' bitter defeat in iraq is now everyone's problem

### Response:
",No
1,local child has run-of-the-mill imagination,https://local.theonion.com/local-child-has-run-of-the-mill-imagination-1819571522,"Below is an instruction that describes a sentiment analysis task.

### Instruction:
Given the following text, please determine if it should be classified as funny or not funny. Base your classification on humor elements such as wit, irony, absurdity, or comedic timing.

### Input:
local child has run-of-the-mill imagination

### Response:
",No
0,'twin peaks' finally resolves that terrifying cliffhanger,https://www.huffingtonpost.com/entry/twin-peaks-dale-cooper_us_591b37bfe4b07d5f6ba6b4c3,"Below is an instruction that describes a sentiment analysis task.

### Instruction:
Given the following text, please determine if it should be classified as funny or not funny. Base your classification on humor elements such as wit, irony, absurdity, or comedic timing.

### Input:
'twin peaks' finally resolves that terrifying cliffhanger

### Response:
",No
0,obama: deaths of marines in chattanooga shooting 'heartbreaking',https://www.huffingtonpost.com/entry/obama-chattanooga-shooting_us_55a820c2e4b04740a3df7b18,"Below is an instruction that describes a sentiment analysis task.

### Instruction:
Given the following text, please determine if it should be classified as funny or not funny. Base your classification on humor elements such as wit, irony, absurdity, or comedic timing.

### Input:
obama: deaths of marines in chattanooga shooting 'heartbreaking'

### Response:
",No
0,l.a. school district reaches $88-million settlement in sex misconduct cases at two campuses,https://www.huffingtonpost.comhttp://www.latimes.com/local/lanow/la-me-ln-l.a.-school-abuse-settlements-20160516-snap-story.html,"Below is an instruction that describes a sentiment analysis task.

### Instruction:
Given the following text, please determine if it should be classified as funny or not funny. Base your classification on humor elements such as wit, irony, absurdity, or comedic timing.

### Input:
l.a. school district reaches $88-million settlement in sex misconduct cases at two campuses

### Response:
",No
0,there can be dignity in the face of poverty,https://www.huffingtonpost.com/entry/there-can-be-dignity-in-t_b_5744560.html,"Below is an instruction that describes a sentiment analysis task.

### Instruction:
Given the following text, please determine if it should be classified as funny or not funny. Base your classification on humor elements such as wit, irony, absurdity, or comedic timing.

### Input:
there can be dignity in the face of poverty

### Response:
",No
0,good news for officer shot in face during stop,https://www.huffingtonpost.com/entry/boston-officer-improving_n_6965762.html,"Below is an instruction that describes a sentiment analysis task.

### Instruction:
Given the following text, please determine if it should be classified as funny or not funny. Base your classification on humor elements such as wit, irony, absurdity, or comedic timing.

### Input:
good news for officer shot in face during stop

### Response:
",No
0,jessica simpson takes the plunge after crushing us with news she'll never do reality tv again,https://www.huffingtonpost.com/entry/jessica-simpson-plunging-top_us_55f1d2d7e4b093be51be136f,"Below is an instruction that describes a sentiment analysis task.

### Instruction:
Given the following text, please determine if it should be classified as funny or not funny. Base your classification on humor elements such as wit, irony, absurdity, or comedic timing.

### Input:
jessica simpson takes the plunge after crushing us with news she'll never do reality tv again

### Response:
",No
1,specifics of hostile takeover fiercely boring,https://www.theonion.com/specifics-of-hostile-takeover-fiercely-boring-1819567256,"Below is an instruction that describes a sentiment analysis task.

### Instruction:
Given the following text, please determine if it should be classified as funny or not funny. Base your classification on humor elements such as wit, irony, absurdity, or comedic timing.

### Input:
specifics of hostile takeover fiercely boring

### Response:
",No
0,trump's obsession with chinese currency manipulation is sooo 2014,https://www.huffingtonpost.com/entry/donald-trump-china-currency-manipulation_us_5775213de4b0cc0fa13692c4,"Below is an instruction that describes a sentiment analysis task.

### Instruction:
Given the following text, please determine if it should be classified as funny or not funny. Base your classification on humor elements such as wit, irony, absurdity, or comedic timing.

### Input:
trump's obsession with chinese currency manipulation is sooo 2014

### Response:
",Yes
0,"this is a bad tweet, 'hardball'",https://www.huffingtonpost.com/entry/msnbc-hardball-new-hampshire_us_56ba366ae4b0b40245c44208,"Below is an instruction that describes a sentiment analysis task.

### Instruction:
Given the following text, please determine if it should be classified as funny or not funny. Base your classification on humor elements such as wit, irony, absurdity, or comedic timing.

### Input:
this is a bad tweet, 'hardball'

### Response:
",No
1,breast implants found to cause problems in laboratory mice,https://www.theonion.com/breast-implants-found-to-cause-problems-in-laboratory-m-1819586306,"Below is an instruction that describes a sentiment analysis task.

### Instruction:
Given the following text, please determine if it should be classified as funny or not funny. Base your classification on humor elements such as wit, irony, absurdity, or comedic timing.

### Input:
breast implants found to cause problems in laboratory mice

### Response:
",No
1,robin williams inflicted on holiday moviegoers for eighth straight year,https://entertainment.theonion.com/robin-williams-inflicted-on-holiday-moviegoers-for-eigh-1819564977,"Below is an instruction that describes a sentiment analysis task.

### Instruction:
Given the following text, please determine if it should be classified as funny or not funny. Base your classification on humor elements such as wit, irony, absurdity, or comedic timing.

### Input:
robin williams inflicted on holiday moviegoers for eighth straight year

### Response:
",No
0,france arrests 15-year-old boy over 'imminent paris attack,https://www.huffingtonpost.com/entry/france-boy-attack_us_57d5a8e6e4b06a74c9f53156,"Below is an instruction that describes a sentiment analysis task.

### Instruction:
Given the following text, please determine if it should be classified as funny or not funny. Base your classification on humor elements such as wit, irony, absurdity, or comedic timing.

### Input:
france arrests 15-year-old boy over 'imminent paris attack

### Response:
",No
0,mariah carey and nick cannon reunite for the holidays,https://www.huffingtonpost.com/entry/mariah-carey-and-nick-cannon-reunite-for-the-holidays_us_5675def5e4b06fa6887daa2f,"Below is an instruction that describes a sentiment analysis task.

### Instruction:
Given the following text, please determine if it should be classified as funny or not funny. Base your classification on humor elements such as wit, irony, absurdity, or comedic timing.

### Input:
mariah carey and nick cannon reunite for the holidays

### Response:
",No
0,"iraqi officer under saddam masterminded the rise of isis, reports spiegel",https://www.huffingtonpost.com/entry/isis-saddam-spiegel_n_7095764.html,"Below is an instruction that describes a sentiment analysis task.

### Instruction:
Given the following text, please determine if it should be classified as funny or not funny. Base your classification on humor elements such as wit, irony, absurdity, or comedic timing.

### Input:
iraqi officer under saddam masterminded the rise of isis, reports spiegel

### Response:
",No
1,"intellectual property rights as fleeting as the scent of jasmine, mayfly's wing in autumn",https://www.theonion.com/intellectual-property-rights-as-fleeting-as-the-scent-o-1819570893,"Below is an instruction that describes a sentiment analysis task.

### Instruction:
Given the following text, please determine if it should be classified as funny or not funny. Base your classification on humor elements such as wit, irony, absurdity, or comedic timing.

### Input:
intellectual property rights as fleeting as the scent of jasmine, mayfly's wing in autumn

### Response:
",Yes
1,exasperated james holmes requests media stop calling him 'alleged' colorado shooter,https://www.theonion.com/exasperated-james-holmes-requests-media-stop-calling-hi-1819574751,"Below is an instruction that describes a sentiment analysis task.

### Instruction:
Given the following text, please determine if it should be classified as funny or not funny. Base your classification on humor elements such as wit, irony, absurdity, or comedic timing.

### Input:
exasperated james holmes requests media stop calling him 'alleged' colorado shooter

### Response:
",Yes
1,beto o'rourke announces he starting obama cover campaign,https://politics.theonion.com/beto-o-rourke-announces-he-starting-obama-cover-campaig-1833305932,"Below is an instruction that describes a sentiment analysis task.

### Instruction:
Given the following text, please determine if it should be classified as funny or not funny. Base your classification on humor elements such as wit, irony, absurdity, or comedic timing.

### Input:
beto o'rourke announces he starting obama cover campaign

### Response:
",Yes
0,"breweries donate 205,000 cans of water to harvey victims",https://www.huffingtonpost.com/entry/brewery-donates-canned-water-to-harvey-victims_us_59a42082e4b06d67e3391249,"Below is an instruction that describes a sentiment analysis task.

### Instruction:
Given the following text, please determine if it should be classified as funny or not funny. Base your classification on humor elements such as wit, irony, absurdity, or comedic timing.

### Input:
breweries donate 205,000 cans of water to harvey victims

### Response:
",No
1,autopsy reveals subject was still alive when autopsy began,https://www.theonion.com/autopsy-reveals-subject-was-still-alive-when-autopsy-be-1819568177,"Below is an instruction that describes a sentiment analysis task.

### Instruction:
Given the following text, please determine if it should be classified as funny or not funny. Base your classification on humor elements such as wit, irony, absurdity, or comedic timing.

### Input:
autopsy reveals subject was still alive when autopsy began

### Response:
",Yes
1,robbie knievel jumps entire generation's awareness,https://entertainment.theonion.com/robbie-knievel-jumps-entire-generations-awareness-1819568882,"Below is an instruction that describes a sentiment analysis task.

### Instruction:
Given the following text, please determine if it should be classified as funny or not funny. Base your classification on humor elements such as wit, irony, absurdity, or comedic timing.

### Input:
robbie knievel jumps entire generation's awareness

### Response:
",Yes
0,epa takes real steps toward curbing smog pollution - now we need your voice,https://www.huffingtonpost.com/entry/epa-takes-real-steps-towa_b_5806014.html,"Below is an instruction that describes a sentiment analysis task.

### Instruction:
Given the following text, please determine if it should be classified as funny or not funny. Base your classification on humor elements such as wit, irony, absurdity, or comedic timing.

### Input:
epa takes real steps toward curbing smog pollution - now we need your voice

### Response:
",No
1,man who jumped motorcycle onto hijacked bullet train never thought he'd see stories like his being told by hollywood,https://local.theonion.com/man-who-jumped-motorcycle-onto-hijacked-bullet-train-ne-1819580150,"Below is an instruction that describes a sentiment analysis task.

### Instruction:
Given the following text, please determine if it should be classified as funny or not funny. Base your classification on humor elements such as wit, irony, absurdity, or comedic timing.

### Input:
man who jumped motorcycle onto hijacked bullet train never thought he'd see stories like his being told by hollywood

### Response:
",Yes
0,wanda hallburton's gps guide for positive self-talk,https://www.huffingtonpost.com/entry/wanda-hallburton-gps-guide_us_56eb0f15e4b084c6721fbf4b,"Below is an instruction that describes a sentiment analysis task.

### Instruction:
Given the following text, please determine if it should be classified as funny or not funny. Base your classification on humor elements such as wit, irony, absurdity, or comedic timing.

### Input:
wanda hallburton's gps guide for positive self-talk

### Response:
",Yes
1,queen elizabeth hides out in bushes to catch whoever keeps stealing packages from buckingham palace porch,https://www.theonion.com/queen-elizabeth-hides-out-in-bushes-to-catch-whoever-ke-1830074061,"Below is an instruction that describes a sentiment analysis task.

### Instruction:
Given the following text, please determine if it should be classified as funny or not funny. Base your classification on humor elements such as wit, irony, absurdity, or comedic timing.

### Input:
queen elizabeth hides out in bushes to catch whoever keeps stealing packages from buckingham palace porch

### Response:
",Yes
0,"israel retroactively legalizes 4,000 settler homes",https://www.huffingtonpost.com/entry/israel-legalizes-settler-homes_us_5898f12ae4b040613138aa59,"Below is an instruction that describes a sentiment analysis task.

### Instruction:
Given the following text, please determine if it should be classified as funny or not funny. Base your classification on humor elements such as wit, irony, absurdity, or comedic timing.

### Input:
israel retroactively legalizes 4,000 settler homes

### Response:
",No
0,george takei blasts muslim registry as 'prelude to internment',https://www.huffingtonpost.com/entry/george-takei-blasts-trumps-muslim-registry-as-prelude-to-internment_us_582f05e2e4b099512f82507e,"Below is an instruction that describes a sentiment analysis task.

### Instruction:
Given the following text, please determine if it should be classified as funny or not funny. Base your classification on humor elements such as wit, irony, absurdity, or comedic timing.

### Input:
george takei blasts muslim registry as 'prelude to internment'

### Response:
",No
0,cat so scared in shelter won't even look at you,https://www.huffingtonpost.comhttps://www.thedodo.com/backpack-cat-sad-rescue-1366450339.html,"Below is an instruction that describes a sentiment analysis task.

### Instruction:
Given the following text, please determine if it should be classified as funny or not funny. Base your classification on humor elements such as wit, irony, absurdity, or comedic timing.

### Input:
cat so scared in shelter won't even look at you

### Response:
",Yes
0,this little girl's hilarious message to santa is peak sibling rivalry,https://www.huffingtonpost.com/entry/message-santa-brother_us_5a3bb6e9e4b06d1621b237f2,"Below is an instruction that describes a sentiment analysis task.

### Instruction:
Given the following text, please determine if it should be classified as funny or not funny. Base your classification on humor elements such as wit, irony, absurdity, or comedic timing.

### Input:
this little girl's hilarious message to santa is peak sibling rivalry

### Response:
",Yes
0,"'black jesus': beneath the drugs and profanity, is there a message of theological reflection?",https://www.huffingtonpost.com/entry/black-jesus-beneath-the-d_b_5663402.html,"Below is an instruction that describes a sentiment analysis task.

### Instruction:
Given the following text, please determine if it should be classified as funny or not funny. Base your classification on humor elements such as wit, irony, absurdity, or comedic timing.

### Input:
'black jesus': beneath the drugs and profanity, is there a message of theological reflection?

### Response:
",No
1,"'no way to prevent this,' says only nation where this regularly happens",https://www.theonion.com/no-way-to-prevent-this-says-only-nation-where-this-r-1819577935,"Below is an instruction that describes a sentiment analysis task.

### Instruction:
Given the following text, please determine if it should be classified as funny or not funny. Base your classification on humor elements such as wit, irony, absurdity, or comedic timing.

### Input:
'no way to prevent this,' says only nation where this regularly happens

### Response:
",Yes
0,lebron james hits back at laura ingraham over 'shut up and dribble' comment,https://www.huffingtonpost.com/entry/lebron-james-laura-ingraham-donald-trump_us_5a882ceee4b00bc49f44824e,"Below is an instruction that describes a sentiment analysis task.

### Instruction:
Given the following text, please determine if it should be classified as funny or not funny. Base your classification on humor elements such as wit, irony, absurdity, or comedic timing.

### Input:
lebron james hits back at laura ingraham over 'shut up and dribble' comment

### Response:
",No
0,impressive mom nails skateboard trick while pushing stroller,https://www.huffingtonpost.com/entry/impressive-mom-nails-skateboard-trick-while-pushing-stroller_us_57066a49e4b053766188d117,"Below is an instruction that describes a sentiment analysis task.

### Instruction:
Given the following text, please determine if it should be classified as funny or not funny. Base your classification on humor elements such as wit, irony, absurdity, or comedic timing.

### Input:
impressive mom nails skateboard trick while pushing stroller

### Response:
",Yes
1,masturbating mom can't get bobby flay southwestern eggs demo to stop buffering,https://local.theonion.com/masturbating-mom-can-t-get-bobby-flay-southwestern-eggs-1825173342,"Below is an instruction that describes a sentiment analysis task.

### Instruction:
Given the following text, please determine if it should be classified as funny or not funny. Base your classification on humor elements such as wit, irony, absurdity, or comedic timing.

### Input:
masturbating mom can't get bobby flay southwestern eggs demo to stop buffering

### Response:
",Yes
1,smoke detector saves family from buying new batteries for remote,https://local.theonion.com/smoke-detector-saves-family-from-buying-new-batteries-f-1819591913,"Below is an instruction that describes a sentiment analysis task.

### Instruction:
Given the following text, please determine if it should be classified as funny or not funny. Base your classification on humor elements such as wit, irony, absurdity, or comedic timing.

### Input:
smoke detector saves family from buying new batteries for remote

### Response:
",Yes
1,"vegetarian begins sad, private routine of scanning menu for little green v's",https://local.theonion.com/vegetarian-begins-sad-private-routine-of-scanning-menu-1819579840,"Below is an instruction that describes a sentiment analysis task.

### Instruction:
Given the following text, please determine if it should be classified as funny or not funny. Base your classification on humor elements such as wit, irony, absurdity, or comedic timing.

### Input:
vegetarian begins sad, private routine of scanning menu for little green v's

### Response:
",Yes
0,"u.s. women's ice hockey team crushes finland, heads to olympic finals",https://www.huffingtonpost.com/entry/women-ice-hockey-us-finland-semifinal-olympics_us_5a8a6ce3e4b05c2bcacc5e62,"Below is an instruction that describes a sentiment analysis task.

### Instruction:
Given the following text, please determine if it should be classified as funny or not funny. Base your classification on humor elements such as wit, irony, absurdity, or comedic timing.

### Input:
u.s. women's ice hockey team crushes finland, heads to olympic finals

### Response:
",No
1,"whoa, classmate got totally hideous over summer vacation",https://local.theonion.com/woah-classmate-got-totally-hideous-over-summer-vacatio-1828935817,"Below is an instruction that describes a sentiment analysis task.

### Instruction:
Given the following text, please determine if it should be classified as funny or not funny. Base your classification on humor elements such as wit, irony, absurdity, or comedic timing.

### Input:
whoa, classmate got totally hideous over summer vacation

### Response:
",Yes
0,rudy giuliani says white cops needed to stop black people from shooting each other,https://www.huffingtonpost.com/entry/rudy-giuliani-ferguson_n_6207608.html,"Below is an instruction that describes a sentiment analysis task.

### Instruction:
Given the following text, please determine if it should be classified as funny or not funny. Base your classification on humor elements such as wit, irony, absurdity, or comedic timing.

### Input:
rudy giuliani says white cops needed to stop black people from shooting each other

### Response:
",Yes
0,5 ways to enjoy your engagement,https://www.huffingtonpost.com/entry/how-to-enjoy-your-engagem_b_6448788.html,"Below is an instruction that describes a sentiment analysis task.

### Instruction:
Given the following text, please determine if it should be classified as funny or not funny. Base your classification on humor elements such as wit, irony, absurdity, or comedic timing.

### Input:
5 ways to enjoy your engagement

### Response:
",No
1,viewer prepared to believe whatever documentary tells him about coral reefs,https://www.theonion.com/viewer-prepared-to-believe-whatever-documentary-tells-h-1819577703,"Below is an instruction that describes a sentiment analysis task.

### Instruction:
Given the following text, please determine if it should be classified as funny or not funny. Base your classification on humor elements such as wit, irony, absurdity, or comedic timing.

### Input:
viewer prepared to believe whatever documentary tells him about coral reefs

### Response:
",Yes
0,taco trucks and other easy targets for racists,https://www.huffingtonpost.com/entry/taco-truck-and-other-easy-targets-for-racists_us_57cdfd75e4b0b9c5b739fa10,"Below is an instruction that describes a sentiment analysis task.

### Instruction:
Given the following text, please determine if it should be classified as funny or not funny. Base your classification on humor elements such as wit, irony, absurdity, or comedic timing.

### Input:
taco trucks and other easy targets for racists

### Response:
",No
1,perverted measles virus exposes itself to playground full of children,https://www.theonion.com/perverted-measles-virus-exposes-itself-to-playground-fu-1823618438,"Below is an instruction that describes a sentiment analysis task.

### Instruction:
Given the following text, please determine if it should be classified as funny or not funny. Base your classification on humor elements such as wit, irony, absurdity, or comedic timing.

### Input:
perverted measles virus exposes itself to playground full of children

### Response:
",Yes
0,i'm still here episode 3: an epidemic of epidemics,https://www.huffingtonpost.com/entry/im-still-here-episode-3-an-epidemic-of-epidemics_us_59d79382e4b0f6eed34fd925,"Below is an instruction that describes a sentiment analysis task.

### Instruction:
Given the following text, please determine if it should be classified as funny or not funny. Base your classification on humor elements such as wit, irony, absurdity, or comedic timing.

### Input:
i'm still here episode 3: an epidemic of epidemics

### Response:
",No
1,opening soda bottle inadvertently makes man loser,https://local.theonion.com/opening-soda-bottle-inadvertently-makes-man-loser-1819587003,"Below is an instruction that describes a sentiment analysis task.

### Instruction:
Given the following text, please determine if it should be classified as funny or not funny. Base your classification on humor elements such as wit, irony, absurdity, or comedic timing.

### Input:
opening soda bottle inadvertently makes man loser

### Response:
",Yes
0,5 weight loss habits that are making you gain weight,https://www.huffingtonpost.com/entry/diet-fails-_b_5228331.html,"Below is an instruction that describes a sentiment analysis task.

### Instruction:
Given the following text, please determine if it should be classified as funny or not funny. Base your classification on humor elements such as wit, irony, absurdity, or comedic timing.

### Input:
5 weight loss habits that are making you gain weight

### Response:
",No
0,trump attacks 'groveling' author of study showing no voter fraud,https://www.huffingtonpost.com/entry/trump-voter-fraud-pew-study_us_58892e13e4b061cf898cb9d6,"Below is an instruction that describes a sentiment analysis task.

### Instruction:
Given the following text, please determine if it should be classified as funny or not funny. Base your classification on humor elements such as wit, irony, absurdity, or comedic timing.

### Input:
trump attacks 'groveling' author of study showing no voter fraud

### Response:
",No
0,bill paxton learns of his revolutionary past on 'who do you think you are?',https://www.huffingtonpost.com/entry/bill-paxton-learns-of-his_b_7083100.html,"Below is an instruction that describes a sentiment analysis task.

### Instruction:
Given the following text, please determine if it should be classified as funny or not funny. Base your classification on humor elements such as wit, irony, absurdity, or comedic timing.

### Input:
bill paxton learns of his revolutionary past on 'who do you think you are?'

### Response:
",No
0,guess who?!,https://www.huffingtonpost.com/entry/heidi-klum-throwback-photo_n_5343755.html,"Below is an instruction that describes a sentiment analysis task.

### Instruction:
Given the following text, please determine if it should be classified as funny or not funny. Base your classification on humor elements such as wit, irony, absurdity, or comedic timing.

### Input:
guess who?!

### Response:
",No
1,algebra notebook forced to bear the brunt of teen's song lyrics,https://local.theonion.com/algebra-notebook-forced-to-bear-the-brunt-of-teen-s-son-1819592111,"Below is an instruction that describes a sentiment analysis task.

### Instruction:
Given the following text, please determine if it should be classified as funny or not funny. Base your classification on humor elements such as wit, irony, absurdity, or comedic timing.

### Input:
algebra notebook forced to bear the brunt of teen's song lyrics

### Response:
",Yes
0,"past armageddon and on to zippori, one of israel's premier archaeological sites: spring break 2016, breaking bad on the looney front - part 1",https://www.huffingtonpost.com/entry/past-armageddon-and-on-to_b_9765722.html,"Below is an instruction that describes a sentiment analysis task.

### Instruction:
Given the following text, please determine if it should be classified as funny or not funny. Base your classification on humor elements such as wit, irony, absurdity, or comedic timing.

### Input:
past armageddon and on to zippori, one of israel's premier archaeological sites: spring break 2016, breaking bad on the looney front - part 1

### Response:
",Yes
0,part two: engaged employees: your company's no. 1 competitive advantage,https://www.huffingtonpost.com/entry/part-two-engaged-employee_b_6368958.html,"Below is an instruction that describes a sentiment analysis task.

### Instruction:
Given the following text, please determine if it should be classified as funny or not funny. Base your classification on humor elements such as wit, irony, absurdity, or comedic timing.

### Input:
part two: engaged employees: your company's no. 1 competitive advantage

### Response:
",No
0,how to break your way into a locked suitcase... just so you know,https://www.huffingtonpost.com/entry/suitcase-zipper-break-in-_n_5310328.html,"Below is an instruction that describes a sentiment analysis task.

### Instruction:
Given the following text, please determine if it should be classified as funny or not funny. Base your classification on humor elements such as wit, irony, absurdity, or comedic timing.

### Input:
how to break your way into a locked suitcase... just so you know

### Response:
",Yes
1,exciting new app allows users to be pawns in 26-year-old ceo's little game,https://www.theonion.com/exciting-new-app-allows-users-to-be-pawns-in-26-year-ol-1819579504,"Below is an instruction that describes a sentiment analysis task.

### Instruction:
Given the following text, please determine if it should be classified as funny or not funny. Base your classification on humor elements such as wit, irony, absurdity, or comedic timing.

### Input:
exciting new app allows users to be pawns in 26-year-old ceo's little game

### Response:
",Yes
0,a third of americans say they know someone affected by harvey,https://www.huffingtonpost.com/entry/a-third-of-americans-say-they-know-someone-affected-by-harvey_us_59a72765e4b0a8d14572e2b4,"Below is an instruction that describes a sentiment analysis task.

### Instruction:
Given the following text, please determine if it should be classified as funny or not funny. Base your classification on humor elements such as wit, irony, absurdity, or comedic timing.

### Input:
a third of americans say they know someone affected by harvey

### Response:
",No
0,damning report claims mexican federal police participated in disappearance of 43 students,https://www.huffingtonpost.com/entry/missing-students-mexico_n_6321866.html,"Below is an instruction that describes a sentiment analysis task.

### Instruction:
Given the following text, please determine if it should be classified as funny or not funny. Base your classification on humor elements such as wit, irony, absurdity, or comedic timing.

### Input:
damning report claims mexican federal police participated in disappearance of 43 students

### Response:
",No
1,trump's prefrontal cortex admits it can't possibly filter all impulsive comments coming from rest of brain,https://politics.theonion.com/trump-s-prefrontal-cortex-admits-it-can-t-possibly-filt-1819579136,"Below is an instruction that describes a sentiment analysis task.

### Instruction:
Given the following text, please determine if it should be classified as funny or not funny. Base your classification on humor elements such as wit, irony, absurdity, or comedic timing.

### Input:
trump's prefrontal cortex admits it can't possibly filter all impulsive comments coming from rest of brain

### Response:
",Yes
1,israel builds new settlement to host palestinian peace talks,https://politics.theonion.com/israel-builds-new-settlement-to-host-palestinian-peace-1819575413,"Below is an instruction that describes a sentiment analysis task.

### Instruction:
Given the following text, please determine if it should be classified as funny or not funny. Base your classification on humor elements such as wit, irony, absurdity, or comedic timing.

### Input:
israel builds new settlement to host palestinian peace talks

### Response:
",No
1,tea-party host struggling to keep conversation going,https://local.theonion.com/tea-party-host-struggling-to-keep-conversation-going-1819588189,"Below is an instruction that describes a sentiment analysis task.

### Instruction:
Given the following text, please determine if it should be classified as funny or not funny. Base your classification on humor elements such as wit, irony, absurdity, or comedic timing.

### Input:
tea-party host struggling to keep conversation going

### Response:
",No
0,the voice's audra mclaughlin: 12 things you need to know,https://www.huffingtonpost.com/entry/the-voices-audra-mclaughl_b_5188552.html,"Below is an instruction that describes a sentiment analysis task.

### Instruction:
Given the following text, please determine if it should be classified as funny or not funny. Base your classification on humor elements such as wit, irony, absurdity, or comedic timing.

### Input:
the voice's audra mclaughlin: 12 things you need to know

### Response:
",No
1,styrofoam to spend next 500 years reflecting on how well it protected blender in transport,https://local.theonion.com/styrofoam-to-spend-next-500-years-reflecting-on-how-wel-1820040759,"Below is an instruction that describes a sentiment analysis task.

### Instruction:
Given the following text, please determine if it should be classified as funny or not funny. Base your classification on humor elements such as wit, irony, absurdity, or comedic timing.

### Input:
styrofoam to spend next 500 years reflecting on how well it protected blender in transport

### Response:
",Yes
0,how women and girls cope with getting their periods in refugee camps,https://www.huffingtonpost.com/entry/how-women-and-girls-cope-with-getting-their-periods-in-refugee-camps_us_5a01f14be4b04e96f0c5c446,"Below is an instruction that describes a sentiment analysis task.

### Instruction:
Given the following text, please determine if it should be classified as funny or not funny. Base your classification on humor elements such as wit, irony, absurdity, or comedic timing.

### Input:
how women and girls cope with getting their periods in refugee camps

### Response:
",No
0,barack obama vetoes bill allowing 9/11 victims to sue saudi arabia,https://www.huffingtonpost.com/entry/obama-veto-saudi-arabia-911_us_57e54fa9e4b0e28b2b5388cb,"Below is an instruction that describes a sentiment analysis task.

### Instruction:
Given the following text, please determine if it should be classified as funny or not funny. Base your classification on humor elements such as wit, irony, absurdity, or comedic timing.

### Input:
barack obama vetoes bill allowing 9/11 victims to sue saudi arabia

### Response:
",No
1,"exxonmobil, chevron locked in bidding war to acquire lucrative pennsylvania senator",https://politics.theonion.com/exxonmobil-chevron-locked-in-bidding-war-to-acquire-lu-1819576739,"Below is an instruction that describes a sentiment analysis task.

### Instruction:
Given the following text, please determine if it should be classified as funny or not funny. Base your classification on humor elements such as wit, irony, absurdity, or comedic timing.

### Input:
exxonmobil, chevron locked in bidding war to acquire lucrative pennsylvania senator

### Response:
",Yes
0,will trump follow through on guns? he didn't do so on immigration.,https://www.huffingtonpost.com/entry/trump-guns-immigratio_us_5a973411e4b07dffeb6f772f,"Below is an instruction that describes a sentiment analysis task.

### Instruction:
Given the following text, please determine if it should be classified as funny or not funny. Base your classification on humor elements such as wit, irony, absurdity, or comedic timing.

### Input:
will trump follow through on guns? he didn't do so on immigration.

### Response:
",No
1,area woman encouraged by sight of other woman drinking beer alone at airport bar,https://local.theonion.com/area-woman-encouraged-by-sight-of-other-woman-drinking-1819570500,"Below is an instruction that describes a sentiment analysis task.

### Instruction:
Given the following text, please determine if it should be classified as funny or not funny. Base your classification on humor elements such as wit, irony, absurdity, or comedic timing.

### Input:
area woman encouraged by sight of other woman drinking beer alone at airport bar

### Response:
",Yes
1,reminders of party's costume theme becoming increasingly more threatening,https://www.theonion.com/reminders-of-party-s-costume-theme-becoming-increasingl-1819577008,"Below is an instruction that describes a sentiment analysis task.

### Instruction:
Given the following text, please determine if it should be classified as funny or not funny. Base your classification on humor elements such as wit, irony, absurdity, or comedic timing.

### Input:
reminders of party's costume theme becoming increasingly more threatening

### Response:
",Yes
1,asshole moves to part of city where all the assholes live,https://local.theonion.com/asshole-moves-to-part-of-city-where-all-the-assholes-li-1819579537,"Below is an instruction that describes a sentiment analysis task.

### Instruction:
Given the following text, please determine if it should be classified as funny or not funny. Base your classification on humor elements such as wit, irony, absurdity, or comedic timing.

### Input:
asshole moves to part of city where all the assholes live

### Response:
",Yes
1,"over 417,000 hours of private presidential conversations discovered after no one remembered to turn off richard nixon's tape recorder",https://politics.theonion.com/over-417-000-hours-of-private-presidential-conversation-1829235536,"Below is an instruction that describes a sentiment analysis task.

### Instruction:
Given the following text, please determine if it should be classified as funny or not funny. Base your classification on humor elements such as wit, irony, absurdity, or comedic timing.

### Input:
over 417,000 hours of private presidential conversations discovered after no one remembered to turn off richard nixon's tape recorder

### Response:
",Yes
0,warm temperatures bring hot deals on winter gear,https://www.huffingtonpost.comhttp://pubx.co/Na6Vrd,"Below is an instruction that describes a sentiment analysis task.

### Instruction:
Given the following text, please determine if it should be classified as funny or not funny. Base your classification on humor elements such as wit, irony, absurdity, or comedic timing.

### Input:
warm temperatures bring hot deals on winter gear

### Response:
",No
1,cactus scientists recommend drinking 8 cups of water per year,https://www.theonion.com/cactus-scientists-recommend-drinking-8-cups-of-water-pe-1819574096,"Below is an instruction that describes a sentiment analysis task.

### Instruction:
Given the following text, please determine if it should be classified as funny or not funny. Base your classification on humor elements such as wit, irony, absurdity, or comedic timing.

### Input:
cactus scientists recommend drinking 8 cups of water per year

### Response:
",Yes
0,trump calls on congress to empower agencies to oust federal workers,https://www.huffingtonpost.com/entry/trump-sotu-congress-fire-federal-workers_us_5a712923e4b0ae29f08bf88c,"Below is an instruction that describes a sentiment analysis task.

### Instruction:
Given the following text, please determine if it should be classified as funny or not funny. Base your classification on humor elements such as wit, irony, absurdity, or comedic timing.

### Input:
trump calls on congress to empower agencies to oust federal workers

### Response:
",No
0,which roadtrip movie character are you?,https://www.huffingtonpost.com/entry/roadtrip-movie-character_n_4856303.html,"Below is an instruction that describes a sentiment analysis task.

### Instruction:
Given the following text, please determine if it should be classified as funny or not funny. Base your classification on humor elements such as wit, irony, absurdity, or comedic timing.

### Input:
which roadtrip movie character are you?

### Response:
",No
0,that time kendall jenner got a pony for christmas,https://www.huffingtonpost.com/entry/kendall-jenner-pony-christmas_us_567adeede4b0b958f658f7b4,"Below is an instruction that describes a sentiment analysis task.

### Instruction:
Given the following text, please determine if it should be classified as funny or not funny. Base your classification on humor elements such as wit, irony, absurdity, or comedic timing.

### Input:
that time kendall jenner got a pony for christmas

### Response:
",Yes
1,morale low at state department after only employee fired,https://politics.theonion.com/morale-low-at-state-department-after-only-employee-fire-1823730507,"Below is an instruction that describes a sentiment analysis task.

### Instruction:
Given the following text, please determine if it should be classified as funny or not funny. Base your classification on humor elements such as wit, irony, absurdity, or comedic timing.

### Input:
morale low at state department after only employee fired

### Response:
",Yes
1,new dating site matches users with partners they deserve,https://www.theonion.com/new-dating-site-matches-users-with-partners-they-deserv-1819573760,"Below is an instruction that describes a sentiment analysis task.

### Instruction:
Given the following text, please determine if it should be classified as funny or not funny. Base your classification on humor elements such as wit, irony, absurdity, or comedic timing.

### Input:
new dating site matches users with partners they deserve

### Response:
",No
0,"a tale of two kindergartens -- well, three now that i think about it",https://www.huffingtonpost.com/entry/a-tale-of-two-kindergarte_b_5332378.html,"Below is an instruction that describes a sentiment analysis task.

### Instruction:
Given the following text, please determine if it should be classified as funny or not funny. Base your classification on humor elements such as wit, irony, absurdity, or comedic timing.

### Input:
a tale of two kindergartens -- well, three now that i think about it

### Response:
",Yes
1,u.s. cryptographers: 'frpx-k5je-oc4n-e5dn',https://www.theonion.com/u-s-cryptographers-frpx-k5je-oc4n-e5dn-1819568731,"Below is an instruction that describes a sentiment analysis task.

### Instruction:
Given the following text, please determine if it should be classified as funny or not funny. Base your classification on humor elements such as wit, irony, absurdity, or comedic timing.

### Input:
u.s. cryptographers: 'frpx-k5je-oc4n-e5dn'

### Response:
",No
1,onion social ceo responds to company chaos by donating $50 to haiti,https://www.theonion.com/onion-social-ceo-responds-to-company-chaos-by-donating-1826995413,"Below is an instruction that describes a sentiment analysis task.

### Instruction:
Given the following text, please determine if it should be classified as funny or not funny. Base your classification on humor elements such as wit, irony, absurdity, or comedic timing.

### Input:
onion social ceo responds to company chaos by donating $50 to haiti

### Response:
",No
0,sunday show hosts hit back on trump administration's lies,https://www.huffingtonpost.com/entry/trump-assault-press_us_5884c85fe4b0e3a73569a11d,"Below is an instruction that describes a sentiment analysis task.

### Instruction:
Given the following text, please determine if it should be classified as funny or not funny. Base your classification on humor elements such as wit, irony, absurdity, or comedic timing.

### Input:
sunday show hosts hit back on trump administration's lies

### Response:
",No
0,deporters-in-chief: gop will lose the 2016 election,https://www.huffingtonpost.com/entry/deporters-in-chief-gop-will-lose-the-2016-election_b_6916018.html,"Below is an instruction that describes a sentiment analysis task.

### Instruction:
Given the following text, please determine if it should be classified as funny or not funny. Base your classification on humor elements such as wit, irony, absurdity, or comedic timing.

### Input:
deporters-in-chief: gop will lose the 2016 election

### Response:
",Yes
0,what being 'pro-israel' should mean,https://www.huffingtonpost.com/entry/what-being-pro-israel-sho_b_5730124.html,"Below is an instruction that describes a sentiment analysis task.

### Instruction:
Given the following text, please determine if it should be classified as funny or not funny. Base your classification on humor elements such as wit, irony, absurdity, or comedic timing.

### Input:
what being 'pro-israel' should mean

### Response:
",No
1,kasich trying to find other states where he is beloved multi-term governor,https://politics.theonion.com/kasich-trying-to-find-other-states-where-he-is-beloved-1819578731,"Below is an instruction that describes a sentiment analysis task.

### Instruction:
Given the following text, please determine if it should be classified as funny or not funny. Base your classification on humor elements such as wit, irony, absurdity, or comedic timing.

### Input:
kasich trying to find other states where he is beloved multi-term governor

### Response:
",No
0,balanced budget amendment fails amid gop fiscal hypocrisy,https://www.huffingtonpost.com/entry/balanced-budget-amendment-gop-hypocrisy_us_5acfcc5fe4b077c89ce6c4c3,"Below is an instruction that describes a sentiment analysis task.

### Instruction:
Given the following text, please determine if it should be classified as funny or not funny. Base your classification on humor elements such as wit, irony, absurdity, or comedic timing.

### Input:
balanced budget amendment fails amid gop fiscal hypocrisy

### Response:
",No
0,a cornell frat held a disgusting 'pig roast' sex contest and i'm not surprised,https://www.huffingtonpost.com/entry/a-cornell-frat-held-a-disgusting-pig-roast-sex-contest-and-im-not-surprised_us_5a81d1a4e4b08dfc9306ac01,"Below is an instruction that describes a sentiment analysis task.

### Instruction:
Given the following text, please determine if it should be classified as funny or not funny. Base your classification on humor elements such as wit, irony, absurdity, or comedic timing.

### Input:
a cornell frat held a disgusting 'pig roast' sex contest and i'm not surprised

### Response:
",Yes
0,to our students after the confirmation of betsy devos: we've got this,https://www.huffingtonpost.com/entry/to-our-students-after-the-confirmation-of-betsy-devos_us_589bacd8e4b02bbb1816c2ea,"Below is an instruction that describes a sentiment analysis task.

### Instruction:
Given the following text, please determine if it should be classified as funny or not funny. Base your classification on humor elements such as wit, irony, absurdity, or comedic timing.

### Input:
to our students after the confirmation of betsy devos: we've got this

### Response:
",Yes
1,emmanuel macron not sure how to tell billionaires notre dame repair only costs $200,https://www.theonion.com/emmanuel-macron-not-sure-how-to-tell-billionaires-notre-1834219170,"Below is an instruction that describes a sentiment analysis task.

### Instruction:
Given the following text, please determine if it should be classified as funny or not funny. Base your classification on humor elements such as wit, irony, absurdity, or comedic timing.

### Input:
emmanuel macron not sure how to tell billionaires notre dame repair only costs $200

### Response:
",Yes
0,how the gotham typeface came to define our era,https://www.huffingtonpost.com/entry/gotham-typeface_n_5852680.html,"Below is an instruction that describes a sentiment analysis task.

### Instruction:
Given the following text, please determine if it should be classified as funny or not funny. Base your classification on humor elements such as wit, irony, absurdity, or comedic timing.

### Input:
how the gotham typeface came to define our era

### Response:
",No
1,greyhound launches new in-bus magazine,https://www.theonion.com/greyhound-launches-new-in-bus-magazine-1819569976,"Below is an instruction that describes a sentiment analysis task.

### Instruction:
Given the following text, please determine if it should be classified as funny or not funny. Base your classification on humor elements such as wit, irony, absurdity, or comedic timing.

### Input:
greyhound launches new in-bus magazine

### Response:
",No
1,superstitious ocean blaming all its weird behavior on the moon,https://www.theonion.com/superstitious-ocean-blaming-all-its-weird-behavior-on-t-1822164393,"Below is an instruction that describes a sentiment analysis task.

### Instruction:
Given the following text, please determine if it should be classified as funny or not funny. Base your classification on humor elements such as wit, irony, absurdity, or comedic timing.

### Input:
superstitious ocean blaming all its weird behavior on the moon

### Response:
",Yes
0,we're all connected,https://www.huffingtonpost.com/entry/were-all-connected_b_7625042.html,"Below is an instruction that describes a sentiment analysis task.

### Instruction:
Given the following text, please determine if it should be classified as funny or not funny. Base your classification on humor elements such as wit, irony, absurdity, or comedic timing.

### Input:
we're all connected

### Response:
",No
1,hope hicks instructed to clean up all the evidence in her office before leaving,https://politics.theonion.com/hope-hicks-instructed-to-clean-up-all-the-evidence-in-h-1823409115,"Below is an instruction that describes a sentiment analysis task.

### Instruction:
Given the following text, please determine if it should be classified as funny or not funny. Base your classification on humor elements such as wit, irony, absurdity, or comedic timing.

### Input:
hope hicks instructed to clean up all the evidence in her office before leaving

### Response:
",Yes
0,coroner's report finds no clear evidence of torture on otto warmbier's body,https://www.huffingtonpost.com/entry/otto-warmbier-coroner-report-torture_us_59cbfb34e4b02aef6cd719b5,"Below is an instruction that describes a sentiment analysis task.

### Instruction:
Given the following text, please determine if it should be classified as funny or not funny. Base your classification on humor elements such as wit, irony, absurdity, or comedic timing.

### Input:
coroner's report finds no clear evidence of torture on otto warmbier's body

### Response:
",No
1,area woman always has something quirky to do,https://www.theonion.com/area-woman-always-has-something-quirky-to-do-1819568379,"Below is an instruction that describes a sentiment analysis task.

### Instruction:
Given the following text, please determine if it should be classified as funny or not funny. Base your classification on humor elements such as wit, irony, absurdity, or comedic timing.

### Input:
area woman always has something quirky to do

### Response:
",No
1,"american muslims to fort hood shooter: 'thanks a lot, asshole'",https://politics.theonion.com/american-muslims-to-fort-hood-shooter-thanks-a-lot-as-1819571135,"Below is an instruction that describes a sentiment analysis task.

### Instruction:
Given the following text, please determine if it should be classified as funny or not funny. Base your classification on humor elements such as wit, irony, absurdity, or comedic timing.

### Input:
american muslims to fort hood shooter: 'thanks a lot, asshole'

### Response:
",Yes
1,8-year-old can already tell image of dad puking stuck in memory forever,https://local.theonion.com/8-year-old-can-already-tell-image-of-dad-puking-stuck-i-1819579639,"Below is an instruction that describes a sentiment analysis task.

### Instruction:
Given the following text, please determine if it should be classified as funny or not funny. Base your classification on humor elements such as wit, irony, absurdity, or comedic timing.

### Input:
8-year-old can already tell image of dad puking stuck in memory forever

### Response:
",Yes
0,santa obliges dad of sleeping boy by snoozing on camera,https://www.huffingtonpost.com/entry/santa-obliges-dad-of-sleeping-boy-by-snoozing-on-camera_us_565ce409e4b079b2818b8a95,"Below is an instruction that describes a sentiment analysis task.

### Instruction:
Given the following text, please determine if it should be classified as funny or not funny. Base your classification on humor elements such as wit, irony, absurdity, or comedic timing.

### Input:
santa obliges dad of sleeping boy by snoozing on camera

### Response:
",Yes
0,"he told his boyfriend, 'i love you.' his boyfriend's response brought him to tears. (video)",https://www.huffingtonpost.com/entry/he-told-his-boyfriend-i-love-you-his-boyfriends-response-brought-him-to-tears_b_6902304.html,"Below is an instruction that describes a sentiment analysis task.

### Instruction:
Given the following text, please determine if it should be classified as funny or not funny. Base your classification on humor elements such as wit, irony, absurdity, or comedic timing.

### Input:
he told his boyfriend, 'i love you.' his boyfriend's response brought him to tears. (video)

### Response:
",Yes
0,who's law is it anyways?,https://www.huffingtonpost.com/entry/whos-law-is-it-anyways_b_5543997.html,"Below is an instruction that describes a sentiment analysis task.

### Instruction:
Given the following text, please determine if it should be classified as funny or not funny. Base your classification on humor elements such as wit, irony, absurdity, or comedic timing.

### Input:
who's law is it anyways?

### Response:
",No
0,russell westbrook with the classic off-the-back-of-the-defender buzzer-beater,https://www.huffingtonpost.com/entry/russell-westbrook-buzzer-beater_us_566ec92be4b0e292150e64f3,"Below is an instruction that describes a sentiment analysis task.

### Instruction:
Given the following text, please determine if it should be classified as funny or not funny. Base your classification on humor elements such as wit, irony, absurdity, or comedic timing.

### Input:
russell westbrook with the classic off-the-back-of-the-defender buzzer-beater

### Response:
",Yes
0,dreamers face nightmare of trump's deportation force,https://www.huffingtonpost.comhttp://www.politico.com/story/2016/05/immigration-trump-deportations-dreamers-223658,"Below is an instruction that describes a sentiment analysis task.

### Instruction:
Given the following text, please determine if it should be classified as funny or not funny. Base your classification on humor elements such as wit, irony, absurdity, or comedic timing.

### Input:
dreamers face nightmare of trump's deportation force

### Response:
",No
0,a healer is discovered: galen comes home,https://www.huffingtonpost.com/entry/a-healer-is-discovered-ga_b_6600670.html,"Below is an instruction that describes a sentiment analysis task.

### Instruction:
Given the following text, please determine if it should be classified as funny or not funny. Base your classification on humor elements such as wit, irony, absurdity, or comedic timing.

### Input:
a healer is discovered: galen comes home

### Response:
",No
1,shadow government attracts shadow protesters,https://politics.theonion.com/shadow-government-attracts-shadow-protesters-1819566375,"Below is an instruction that describes a sentiment analysis task.

### Instruction:
Given the following text, please determine if it should be classified as funny or not funny. Base your classification on humor elements such as wit, irony, absurdity, or comedic timing.

### Input:
shadow government attracts shadow protesters

### Response:
",No
1,man bragging about how infrequently he receives dental care,https://local.theonion.com/man-bragging-about-how-infrequently-he-receives-dental-1819579512,"Below is an instruction that describes a sentiment analysis task.

### Instruction:
Given the following text, please determine if it should be classified as funny or not funny. Base your classification on humor elements such as wit, irony, absurdity, or comedic timing.

### Input:
man bragging about how infrequently he receives dental care

### Response:
",Yes
1,morbidly obese man enjoys disabled privileges with motorized cart,https://local.theonion.com/morbidly-obese-man-enjoys-disabled-privileges-with-moto-1819564913,"Below is an instruction that describes a sentiment analysis task.

### Instruction:
Given the following text, please determine if it should be classified as funny or not funny. Base your classification on humor elements such as wit, irony, absurdity, or comedic timing.

### Input:
morbidly obese man enjoys disabled privileges with motorized cart

### Response:
",Yes
0,the invisible generation,https://www.huffingtonpost.com/entry/the-invisible-generation_b_6938344.html,"Below is an instruction that describes a sentiment analysis task.

### Instruction:
Given the following text, please determine if it should be classified as funny or not funny. Base your classification on humor elements such as wit, irony, absurdity, or comedic timing.

### Input:
the invisible generation

### Response:
",No
0,"listen up, girlfriends: we need each other",https://www.huffingtonpost.com/entry/listen-up-girlfriends-we-need-each-other_b_5684083.html,"Below is an instruction that describes a sentiment analysis task.

### Instruction:
Given the following text, please determine if it should be classified as funny or not funny. Base your classification on humor elements such as wit, irony, absurdity, or comedic timing.

### Input:
listen up, girlfriends: we need each other

### Response:
",No
1,pueblo indians can't keep pace with area mom's appetite for earthenware,https://local.theonion.com/pueblo-indians-can-t-keep-pace-with-area-mom-s-appetite-1819577093,"Below is an instruction that describes a sentiment analysis task.

### Instruction:
Given the following text, please determine if it should be classified as funny or not funny. Base your classification on humor elements such as wit, irony, absurdity, or comedic timing.

### Input:
pueblo indians can't keep pace with area mom's appetite for earthenware

### Response:
",No
0,law enforcement and mental illness: not what they're meant for,https://www.huffingtonpost.com/entry/law-enforcement-and-mental-illness_b_5480638.html,"Below is an instruction that describes a sentiment analysis task.

### Instruction:
Given the following text, please determine if it should be classified as funny or not funny. Base your classification on humor elements such as wit, irony, absurdity, or comedic timing.

### Input:
law enforcement and mental illness: not what they're meant for

### Response:
",Yes
0,internet personality michael buckley on giving 'sex tips' off broadway,https://www.huffingtonpost.com/entry/michael-buckley-sex-tips-play_us_559da0bde4b01c2162a5d17b,"Below is an instruction that describes a sentiment analysis task.

### Instruction:
Given the following text, please determine if it should be classified as funny or not funny. Base your classification on humor elements such as wit, irony, absurdity, or comedic timing.

### Input:
internet personality michael buckley on giving 'sex tips' off broadway

### Response:
",Yes
0,thoughts on national airborne day,https://www.huffingtonpost.com/entry/thoughts-on-national-airborne-day_b_5683588.html,"Below is an instruction that describes a sentiment analysis task.

### Instruction:
Given the following text, please determine if it should be classified as funny or not funny. Base your classification on humor elements such as wit, irony, absurdity, or comedic timing.

### Input:
thoughts on national airborne day

### Response:
",No
1,loose-cannon cop who doesn't play by the rules uses unconventional filing system for paperwork while on desk duty,https://local.theonion.com/loose-cannon-cop-who-doesn-t-play-by-the-rules-uses-unc-1828028239,"Below is an instruction that describes a sentiment analysis task.

### Instruction:
Given the following text, please determine if it should be classified as funny or not funny. Base your classification on humor elements such as wit, irony, absurdity, or comedic timing.

### Input:
loose-cannon cop who doesn't play by the rules uses unconventional filing system for paperwork while on desk duty

### Response:
",Yes
1,get clarity on what the future holds so you can go back to worrying about costume ideas.,https://www.theonion.com/get-clarity-on-what-the-future-holds-so-you-can-go-back-1819577109,"Below is an instruction that describes a sentiment analysis task.

### Instruction:
Given the following text, please determine if it should be classified as funny or not funny. Base your classification on humor elements such as wit, irony, absurdity, or comedic timing.

### Input:
get clarity on what the future holds so you can go back to worrying about costume ideas.

### Response:
",Yes
0,umpqua community college wasn't exactly a 'gun-free zone',https://www.huffingtonpost.com/entry/umpqua-community-college-gun-free-zone_us_5626a0f4e4b02f6a900e519d,"Below is an instruction that describes a sentiment analysis task.

### Instruction:
Given the following text, please determine if it should be classified as funny or not funny. Base your classification on humor elements such as wit, irony, absurdity, or comedic timing.

### Input:
umpqua community college wasn't exactly a 'gun-free zone'

### Response:
",No
0,fiat chrysler to be hit with record $105 million fine over safety recalls,https://www.huffingtonpost.com/entry/fiat-chrysler-to-be-hit-with-record-105-million-fine-over-safety-recalls_us_55b566aae4b0224d88329839,"Below is an instruction that describes a sentiment analysis task.

### Instruction:
Given the following text, please determine if it should be classified as funny or not funny. Base your classification on humor elements such as wit, irony, absurdity, or comedic timing.

### Input:
fiat chrysler to be hit with record $105 million fine over safety recalls

### Response:
",No
1,toby keith struggling to come up with rhyme for ahmadinejad,https://entertainment.theonion.com/toby-keith-struggling-to-come-up-with-rhyme-for-ahmadin-1819588210,"Below is an instruction that describes a sentiment analysis task.

### Instruction:
Given the following text, please determine if it should be classified as funny or not funny. Base your classification on humor elements such as wit, irony, absurdity, or comedic timing.

### Input:
toby keith struggling to come up with rhyme for ahmadinejad

### Response:
",Yes
1,smoking ban collapses fragile prison economy,https://www.theonion.com/smoking-ban-collapses-fragile-prison-economy-1819567315,"Below is an instruction that describes a sentiment analysis task.

### Instruction:
Given the following text, please determine if it should be classified as funny or not funny. Base your classification on humor elements such as wit, irony, absurdity, or comedic timing.

### Input:
smoking ban collapses fragile prison economy

### Response:
",No
0,"how to be nicer, healthier and more focused in 15 minutes",https://www.huffingtonpost.com/entry/compassion-meditation-ben_n_7125940.html,"Below is an instruction that describes a sentiment analysis task.

### Instruction:
Given the following text, please determine if it should be classified as funny or not funny. Base your classification on humor elements such as wit, irony, absurdity, or comedic timing.

### Input:
how to be nicer, healthier and more focused in 15 minutes

### Response:
",No
0,"five years after sandy, lessons for today's hurricane victims",https://www.huffingtonpost.com/entry/five-years-after-sandy-lessons-for-todays-hurricane_us_59d7ab5be4b0705dc79aa74c,"Below is an instruction that describes a sentiment analysis task.

### Instruction:
Given the following text, please determine if it should be classified as funny or not funny. Base your classification on humor elements such as wit, irony, absurdity, or comedic timing.

### Input:
five years after sandy, lessons for today's hurricane victims

### Response:
",No
0,palestinian refugees: employment is the solution,https://www.huffingtonpost.com/entry/palestinian-refugees-empl_b_6977522.html,"Below is an instruction that describes a sentiment analysis task.

### Instruction:
Given the following text, please determine if it should be classified as funny or not funny. Base your classification on humor elements such as wit, irony, absurdity, or comedic timing.

### Input:
palestinian refugees: employment is the solution

### Response:
",No
0,u.s-backed syrian rebels' pleas for help likely to go unanswered,https://www.huffingtonpost.com/entry/syrian-rebels-aleppo-idlib_n_6070532.html,"Below is an instruction that describes a sentiment analysis task.

### Instruction:
Given the following text, please determine if it should be classified as funny or not funny. Base your classification on humor elements such as wit, irony, absurdity, or comedic timing.

### Input:
u.s-backed syrian rebels' pleas for help likely to go unanswered

### Response:
",No
1,first-generation american's job taken by his father,https://local.theonion.com/first-generation-americans-job-taken-by-his-father-1819567209,"Below is an instruction that describes a sentiment analysis task.

### Instruction:
Given the following text, please determine if it should be classified as funny or not funny. Base your classification on humor elements such as wit, irony, absurdity, or comedic timing.

### Input:
first-generation american's job taken by his father

### Response:
",Yes
1,man failing to heed harsh lessons of past orders sonic bacon cheeseburger toaster,https://www.theonion.com/man-failing-to-heed-harsh-lessons-of-past-orders-sonic-1819576683,"Below is an instruction that describes a sentiment analysis task.

### Instruction:
Given the following text, please determine if it should be classified as funny or not funny. Base your classification on humor elements such as wit, irony, absurdity, or comedic timing.

### Input:
man failing to heed harsh lessons of past orders sonic bacon cheeseburger toaster

### Response:
",Yes
0,mariah carey reveals her bipolar ii diagnosis in candid interview,https://www.huffingtonpost.com/entry/mariah-carey-reveals-her-bipoloar-ii-diagnosis_us_5acdfd50e4b06a6aac8da5f4,"Below is an instruction that describes a sentiment analysis task.

### Instruction:
Given the following text, please determine if it should be classified as funny or not funny. Base your classification on humor elements such as wit, irony, absurdity, or comedic timing.

### Input:
mariah carey reveals her bipolar ii diagnosis in candid interview

### Response:
",No
1,republicans blame election losses on democrats,https://local.theonion.com/republicans-blame-election-losses-on-democrats-1819568787,"Below is an instruction that describes a sentiment analysis task.

### Instruction:
Given the following text, please determine if it should be classified as funny or not funny. Base your classification on humor elements such as wit, irony, absurdity, or comedic timing.

### Input:
republicans blame election losses on democrats

### Response:
",Yes
0,fat bottom girl,https://www.huffingtonpost.com/entry/fat-bottom-girl_us_593d849ae4b014ae8c69e182,"Below is an instruction that describes a sentiment analysis task.

### Instruction:
Given the following text, please determine if it should be classified as funny or not funny. Base your classification on humor elements such as wit, irony, absurdity, or comedic timing.

### Input:
fat bottom girl

### Response:
",No
0,the portland heroes who stood up to hate,https://www.huffingtonpost.com/entry/portland-stabbing-victims_us_592af6c9e4b0065b20b71b3e,"Below is an instruction that describes a sentiment analysis task.

### Instruction:
Given the following text, please determine if it should be classified as funny or not funny. Base your classification on humor elements such as wit, irony, absurdity, or comedic timing.

### Input:
the portland heroes who stood up to hate

### Response:
",No
1,google launches 'the google' for older adults,https://www.theonion.com/google-launches-the-google-for-older-adults-1819569348,"Below is an instruction that describes a sentiment analysis task.

### Instruction:
Given the following text, please determine if it should be classified as funny or not funny. Base your classification on humor elements such as wit, irony, absurdity, or comedic timing.

### Input:
google launches 'the google' for older adults

### Response:
",No
0,the sanders phenomenon,https://www.huffingtonpost.com/entry/the-sanders-phenomenon_b_10180994.html,"Below is an instruction that describes a sentiment analysis task.

### Instruction:
Given the following text, please determine if it should be classified as funny or not funny. Base your classification on humor elements such as wit, irony, absurdity, or comedic timing.

### Input:
the sanders phenomenon

### Response:
",No
0,tesla unveils the d at event in la,https://www.huffingtonpost.com/entry/tesla-unveils-the-d_n_5961672.html,"Below is an instruction that describes a sentiment analysis task.

### Instruction:
Given the following text, please determine if it should be classified as funny or not funny. Base your classification on humor elements such as wit, irony, absurdity, or comedic timing.

### Input:
tesla unveils the d at event in la

### Response:
",No
0,kerry washington: we shouldn't have to give up our seats at the table for others' bad behavior,https://www.huffingtonpost.com/entry/kerry-washington-we-shouldnt-have-to-give-up-our-seats-at-the-table-for-others-bad-behavior_us_5a52bc63e4b089e14dbc2839,"Below is an instruction that describes a sentiment analysis task.

### Instruction:
Given the following text, please determine if it should be classified as funny or not funny. Base your classification on humor elements such as wit, irony, absurdity, or comedic timing.

### Input:
kerry washington: we shouldn't have to give up our seats at the table for others' bad behavior

### Response:
",Yes
1,"gop officials urge calmer, more reasonable death threats toward kavanaugh accuser",https://politics.theonion.com/gop-officials-urge-calmer-more-reasonable-death-threat-1829209510,"Below is an instruction that describes a sentiment analysis task.

### Instruction:
Given the following text, please determine if it should be classified as funny or not funny. Base your classification on humor elements such as wit, irony, absurdity, or comedic timing.

### Input:
gop officials urge calmer, more reasonable death threats toward kavanaugh accuser

### Response:
",No
0,christian lgbtq group raises money to help pay for gender-affirming surgeries,https://www.huffingtonpost.com/entry/christian-lgbtq-group-raises-money-to-help-pay-for-gender-affirming-surgeries_us_59b1841de4b0b5e531048fc0,"Below is an instruction that describes a sentiment analysis task.

### Instruction:
Given the following text, please determine if it should be classified as funny or not funny. Base your classification on humor elements such as wit, irony, absurdity, or comedic timing.

### Input:
christian lgbtq group raises money to help pay for gender-affirming surgeries

### Response:
",No
1,bernie sanders repeatedly scolded for attempting to unionize debate moderators,https://politics.theonion.com/bernie-sanders-repeatedly-scolded-for-attempting-to-uni-1819578336,"Below is an instruction that describes a sentiment analysis task.

### Instruction:
Given the following text, please determine if it should be classified as funny or not funny. Base your classification on humor elements such as wit, irony, absurdity, or comedic timing.

### Input:
bernie sanders repeatedly scolded for attempting to unionize debate moderators

### Response:
",No
0,what i learned about love from my boyfriend's depression,https://www.huffingtonpost.com/entry/what-i-learned-about-love-from-my-boyfriends-depression_b_9394610.html,"Below is an instruction that describes a sentiment analysis task.

### Instruction:
Given the following text, please determine if it should be classified as funny or not funny. Base your classification on humor elements such as wit, irony, absurdity, or comedic timing.

### Input:
what i learned about love from my boyfriend's depression

### Response:
",No
1,relieved malia obama quietly thanks secret service agents for taking rap for her,https://www.theonion.com/relieved-malia-obama-quietly-thanks-secret-service-agen-1819577579,"Below is an instruction that describes a sentiment analysis task.

### Instruction:
Given the following text, please determine if it should be classified as funny or not funny. Base your classification on humor elements such as wit, irony, absurdity, or comedic timing.

### Input:
relieved malia obama quietly thanks secret service agents for taking rap for her

### Response:
",Yes
1,county fair judges blown away by heifer,https://local.theonion.com/county-fair-judges-blown-away-by-heifer-1819567995,"Below is an instruction that describes a sentiment analysis task.

### Instruction:
Given the following text, please determine if it should be classified as funny or not funny. Base your classification on humor elements such as wit, irony, absurdity, or comedic timing.

### Input:
county fair judges blown away by heifer

### Response:
",No
0,mark hamill gives 'stars wars' super fans the fright of their lives,https://www.huffingtonpost.com/entry/mark-hamill-pranks-star-wars-fans_us_590aca03e4b05c3976863a5c,"Below is an instruction that describes a sentiment analysis task.

### Instruction:
Given the following text, please determine if it should be classified as funny or not funny. Base your classification on humor elements such as wit, irony, absurdity, or comedic timing.

### Input:
mark hamill gives 'stars wars' super fans the fright of their lives

### Response:
",No
0,the 'fuller house' season 2 trailer teases a lot of fun,https://www.huffingtonpost.com/entry/fuller-house-season-2-trailer_us_5818c35be4b0990edc33a795,"Below is an instruction that describes a sentiment analysis task.

### Instruction:
Given the following text, please determine if it should be classified as funny or not funny. Base your classification on humor elements such as wit, irony, absurdity, or comedic timing.

### Input:
the 'fuller house' season 2 trailer teases a lot of fun

### Response:
",No
1,department of housing and urban development issues report just to keep name out there,https://www.theonion.com/department-of-housing-and-urban-development-issues-repo-1819573239,"Below is an instruction that describes a sentiment analysis task.

### Instruction:
Given the following text, please determine if it should be classified as funny or not funny. Base your classification on humor elements such as wit, irony, absurdity, or comedic timing.

### Input:
department of housing and urban development issues report just to keep name out there

### Response:
",No
0,cruz likely to block trump on a second ballot at gop convention,https://www.huffingtonpost.comhttps://www.washingtonpost.com/politics/cruz-likely-to-block-trump-on-a-second-ballot-at-the-gop-convention/2016/04/13/6553e724-00bc-11e6-9d36-33d198ea26c5_story.html?hpid=hp_hp-top-table-main_second-ballot-630am:homepage/story,"Below is an instruction that describes a sentiment analysis task.

### Instruction:
Given the following text, please determine if it should be classified as funny or not funny. Base your classification on humor elements such as wit, irony, absurdity, or comedic timing.

### Input:
cruz likely to block trump on a second ballot at gop convention

### Response:
",No
0,"here's how to become kris jenner's assistant, according to kris jenner",https://www.huffingtonpost.com/entry/kris-jenner-assistant-kardashian-family_us_5afaeb82e4b044dfffb608d5,"Below is an instruction that describes a sentiment analysis task.

### Instruction:
Given the following text, please determine if it should be classified as funny or not funny. Base your classification on humor elements such as wit, irony, absurdity, or comedic timing.

### Input:
here's how to become kris jenner's assistant, according to kris jenner

### Response:
",Yes
1,school psychologist crushing it in wake of fatal sports injury,https://local.theonion.com/school-psychologist-crushing-it-in-wake-of-fatal-sports-1819579226,"Below is an instruction that describes a sentiment analysis task.

### Instruction:
Given the following text, please determine if it should be classified as funny or not funny. Base your classification on humor elements such as wit, irony, absurdity, or comedic timing.

### Input:
school psychologist crushing it in wake of fatal sports injury

### Response:
",Yes
0,5 single parent dating tips,https://www.huffingtonpost.com/entry/5-single-parent-dating-ti_b_6975624.html,"Below is an instruction that describes a sentiment analysis task.

### Instruction:
Given the following text, please determine if it should be classified as funny or not funny. Base your classification on humor elements such as wit, irony, absurdity, or comedic timing.

### Input:
5 single parent dating tips

### Response:
",No
1,heaven adds guardrail after fifth angel plunges over edge,https://www.theonion.com/heaven-adds-guardrail-after-fifth-angel-plunges-over-ed-1819580142,"Below is an instruction that describes a sentiment analysis task.

### Instruction:
Given the following text, please determine if it should be classified as funny or not funny. Base your classification on humor elements such as wit, irony, absurdity, or comedic timing.

### Input:
heaven adds guardrail after fifth angel plunges over edge

### Response:
",Yes
0,australian journalist's devastating take on trump at g-20 goes viral,https://www.huffingtonpost.com/entry/australian-reporters-devastating-take-on-trump-at-g20-goes-viral_us_59624c0de4b0615b9e9227af,"Below is an instruction that describes a sentiment analysis task.

### Instruction:
Given the following text, please determine if it should be classified as funny or not funny. Base your classification on humor elements such as wit, irony, absurdity, or comedic timing.

### Input:
australian journalist's devastating take on trump at g-20 goes viral

### Response:
",No
0,taylor swift wins video of the year for 'bad blood' at 2015 vmas,https://www.huffingtonpost.com/entry/taylor-swift-vmas-video-of-the-year_us_55df85b6e4b0b7a96338773c,"Below is an instruction that describes a sentiment analysis task.

### Instruction:
Given the following text, please determine if it should be classified as funny or not funny. Base your classification on humor elements such as wit, irony, absurdity, or comedic timing.

### Input:
taylor swift wins video of the year for 'bad blood' at 2015 vmas

### Response:
",No
1,freshness escaping from bag of peas,https://local.theonion.com/freshness-escaping-from-bag-of-peas-1819588531,"Below is an instruction that describes a sentiment analysis task.

### Instruction:
Given the following text, please determine if it should be classified as funny or not funny. Base your classification on humor elements such as wit, irony, absurdity, or comedic timing.

### Input:
freshness escaping from bag of peas

### Response:
",No
1,popular new exercise app just tells users they ran 5 miles a day no matter what,https://www.theonion.com/popular-new-exercise-app-just-tells-users-they-ran-5-mi-1819577007,"Below is an instruction that describes a sentiment analysis task.

### Instruction:
Given the following text, please determine if it should be classified as funny or not funny. Base your classification on humor elements such as wit, irony, absurdity, or comedic timing.

### Input:
popular new exercise app just tells users they ran 5 miles a day no matter what

### Response:
",Yes
0,"liberals, it's time to look at ourselves in the mirror",https://www.huffingtonpost.com/entry/liberals-its-time-to-look-at-ourselves-in-the-mirror_us_599343c6e4b0a88ac1bc3791,"Below is an instruction that describes a sentiment analysis task.

### Instruction:
Given the following text, please determine if it should be classified as funny or not funny. Base your classification on humor elements such as wit, irony, absurdity, or comedic timing.

### Input:
liberals, it's time to look at ourselves in the mirror

### Response:
",Yes
1,nation sick of looming stuff,https://www.theonion.com/nation-sick-of-looming-stuff-1819575613,"Below is an instruction that describes a sentiment analysis task.

### Instruction:
Given the following text, please determine if it should be classified as funny or not funny. Base your classification on humor elements such as wit, irony, absurdity, or comedic timing.

### Input:
nation sick of looming stuff

### Response:
",No
0,lessons from a president's day accident,https://www.huffingtonpost.com/entry/lessons-learned-from-a-presidents-day-accident_b_6689816.html,"Below is an instruction that describes a sentiment analysis task.

### Instruction:
Given the following text, please determine if it should be classified as funny or not funny. Base your classification on humor elements such as wit, irony, absurdity, or comedic timing.

### Input:
lessons from a president's day accident

### Response:
",No
1,first family gets pet asp,https://politics.theonion.com/first-family-gets-pet-asp-1822389012,"Below is an instruction that describes a sentiment analysis task.

### Instruction:
Given the following text, please determine if it should be classified as funny or not funny. Base your classification on humor elements such as wit, irony, absurdity, or comedic timing.

### Input:
first family gets pet asp

### Response:
",No
1,man watches helplessly as white elephant exchange completely devolves into friends just chatting and having nice time,https://local.theonion.com/man-watches-helplessly-as-white-elephant-exchange-compl-1831259433,"Below is an instruction that describes a sentiment analysis task.

### Instruction:
Given the following text, please determine if it should be classified as funny or not funny. Base your classification on humor elements such as wit, irony, absurdity, or comedic timing.

### Input:
man watches helplessly as white elephant exchange completely devolves into friends just chatting and having nice time

### Response:
",Yes
0,"on mars, who's in charge?",https://www.huffingtonpost.com/entry/on-mars-whos-in-charge_b_5340588.html,"Below is an instruction that describes a sentiment analysis task.

### Instruction:
Given the following text, please determine if it should be classified as funny or not funny. Base your classification on humor elements such as wit, irony, absurdity, or comedic timing.

### Input:
on mars, who's in charge?

### Response:
",Yes
1,woman relieved soulmate turned out to be in same socioeconomic bracket,https://www.theonion.com/woman-relieved-soulmate-turned-out-to-be-in-same-socioe-1819578046,"Below is an instruction that describes a sentiment analysis task.

### Instruction:
Given the following text, please determine if it should be classified as funny or not funny. Base your classification on humor elements such as wit, irony, absurdity, or comedic timing.

### Input:
woman relieved soulmate turned out to be in same socioeconomic bracket

### Response:
",Yes
0,the workplace revolution: adding company culture to the mix,https://www.huffingtonpost.com/entry/the-workplace-revolution-_b_5473833.html,"Below is an instruction that describes a sentiment analysis task.

### Instruction:
Given the following text, please determine if it should be classified as funny or not funny. Base your classification on humor elements such as wit, irony, absurdity, or comedic timing.

### Input:
the workplace revolution: adding company culture to the mix

### Response:
",No
1,realistic day planner only includes first couple weeks after purchase,https://www.theonion.com/realistic-day-planner-only-includes-first-couple-weeks-1819579488,"Below is an instruction that describes a sentiment analysis task.

### Instruction:
Given the following text, please determine if it should be classified as funny or not funny. Base your classification on humor elements such as wit, irony, absurdity, or comedic timing.

### Input:
realistic day planner only includes first couple weeks after purchase

### Response:
",Yes
0,shark bites surfer on oahu's north shore,https://www.huffingtonpost.com/entry/shark-attack-surfer-oahu-north-shore_us_56184c66e4b0dbb8000ebeed,"Below is an instruction that describes a sentiment analysis task.

### Instruction:
Given the following text, please determine if it should be classified as funny or not funny. Base your classification on humor elements such as wit, irony, absurdity, or comedic timing.

### Input:
shark bites surfer on oahu's north shore

### Response:
",No
0,chilling report details myanmar's horrific campaign against rohingya minority,https://www.huffingtonpost.com/entry/myanmar-rohingya-amnesty-report_us_59e5fdcbe4b0a2324d1dcd20,"Below is an instruction that describes a sentiment analysis task.

### Instruction:
Given the following text, please determine if it should be classified as funny or not funny. Base your classification on humor elements such as wit, irony, absurdity, or comedic timing.

### Input:
chilling report details myanmar's horrific campaign against rohingya minority

### Response:
",No
0,this 'trapped' clip is a snapshot of america's thorny abortion laws,https://www.huffingtonpost.com/entry/trapped-clip_us_569ebe4fe4b00f3e9863574e,"Below is an instruction that describes a sentiment analysis task.

### Instruction:
Given the following text, please determine if it should be classified as funny or not funny. Base your classification on humor elements such as wit, irony, absurdity, or comedic timing.

### Input:
this 'trapped' clip is a snapshot of america's thorny abortion laws

### Response:
",No
1,friendly note to coworker undergoes eight revisions,https://www.theonion.com/friendly-note-to-coworker-undergoes-eight-revisions-1819566149,"Below is an instruction that describes a sentiment analysis task.

### Instruction:
Given the following text, please determine if it should be classified as funny or not funny. Base your classification on humor elements such as wit, irony, absurdity, or comedic timing.

### Input:
friendly note to coworker undergoes eight revisions

### Response:
",Yes
0,twin wwii pilots celebrate 92nd birthdays with bird's eye view,https://www.huffingtonpost.com/entry/wwii-veteran-pilots-fly-on-92nd-birthday_n_5927588.html,"Below is an instruction that describes a sentiment analysis task.

### Instruction:
Given the following text, please determine if it should be classified as funny or not funny. Base your classification on humor elements such as wit, irony, absurdity, or comedic timing.

### Input:
twin wwii pilots celebrate 92nd birthdays with bird's eye view

### Response:
",Yes
1,report: guy just put 10 bucks in jukebox,https://local.theonion.com/report-guy-just-put-10-bucks-in-jukebox-1819571279,"Below is an instruction that describes a sentiment analysis task.

### Instruction:
Given the following text, please determine if it should be classified as funny or not funny. Base your classification on humor elements such as wit, irony, absurdity, or comedic timing.

### Input:
report: guy just put 10 bucks in jukebox

### Response:
",Yes
0,crisis and context for virgin galactic,https://www.huffingtonpost.com/entry/crisis-and-context-for-vi_b_6159008.html,"Below is an instruction that describes a sentiment analysis task.

### Instruction:
Given the following text, please determine if it should be classified as funny or not funny. Base your classification on humor elements such as wit, irony, absurdity, or comedic timing.

### Input:
crisis and context for virgin galactic

### Response:
",No
1,conductor fatigue blamed in massive model train crash,https://www.theonion.com/conductor-fatigue-blamed-in-massive-model-train-crash-1819578441,"Below is an instruction that describes a sentiment analysis task.

### Instruction:
Given the following text, please determine if it should be classified as funny or not funny. Base your classification on humor elements such as wit, irony, absurdity, or comedic timing.

### Input:
conductor fatigue blamed in massive model train crash

### Response:
",No
0,old hollywood portraits capture stars in candid moments between takes,https://www.huffingtonpost.com/entry/old-hollywood-portraits-capture-stars-in-candid-moments-between-takes_us_58f4dcaae4b0b9e9848d4085,"Below is an instruction that describes a sentiment analysis task.

### Instruction:
Given the following text, please determine if it should be classified as funny or not funny. Base your classification on humor elements such as wit, irony, absurdity, or comedic timing.

### Input:
old hollywood portraits capture stars in candid moments between takes

### Response:
",No
0,accused killer wanted 'army of people who'd do anything he asked',https://www.huffingtonpost.com/entry/man-accused-of-new-hampsh_n_5462404.html,"Below is an instruction that describes a sentiment analysis task.

### Instruction:
Given the following text, please determine if it should be classified as funny or not funny. Base your classification on humor elements such as wit, irony, absurdity, or comedic timing.

### Input:
accused killer wanted 'army of people who'd do anything he asked'

### Response:
",No
0,obama: 'arnold palmer had swagger before we had a name for it',https://www.huffingtonpost.com/entry/obama-arnold-palmer_us_57e921a9e4b08d73b8322aa1,"Below is an instruction that describes a sentiment analysis task.

### Instruction:
Given the following text, please determine if it should be classified as funny or not funny. Base your classification on humor elements such as wit, irony, absurdity, or comedic timing.

### Input:
obama: 'arnold palmer had swagger before we had a name for it'

### Response:
",No
0,deadly california wildfire near big sur set to explode in size,https://www.huffingtonpost.com/entry/california-wildfire-big-sur_us_579d021ee4b0693164c18834,"Below is an instruction that describes a sentiment analysis task.

### Instruction:
Given the following text, please determine if it should be classified as funny or not funny. Base your classification on humor elements such as wit, irony, absurdity, or comedic timing.

### Input:
deadly california wildfire near big sur set to explode in size

### Response:
",No
1,"wacky morning zoo crew dj threatened by younger, wackier morning zoo crew dj",https://entertainment.theonion.com/wacky-morning-zoo-crew-dj-threatened-by-younger-wackie-1819569722,"Below is an instruction that describes a sentiment analysis task.

### Instruction:
Given the following text, please determine if it should be classified as funny or not funny. Base your classification on humor elements such as wit, irony, absurdity, or comedic timing.

### Input:
wacky morning zoo crew dj threatened by younger, wackier morning zoo crew dj

### Response:
",Yes
1,u.n. tribunal swayed by thousands of children's letters to milosevic,https://www.theonion.com/u-n-tribunal-swayed-by-thousands-of-childrens-letters-1819566351,"Below is an instruction that describes a sentiment analysis task.

### Instruction:
Given the following text, please determine if it should be classified as funny or not funny. Base your classification on humor elements such as wit, irony, absurdity, or comedic timing.

### Input:
u.n. tribunal swayed by thousands of children's letters to milosevic

### Response:
",No
0,"executives at bankrupt sports authority ask for bonuses, get denied",https://www.huffingtonpost.com/entry/sports-authority-bankruptcy-no-bonuses_us_57a23b2fe4b0e1aac9145f04,"Below is an instruction that describes a sentiment analysis task.

### Instruction:
Given the following text, please determine if it should be classified as funny or not funny. Base your classification on humor elements such as wit, irony, absurdity, or comedic timing.

### Input:
executives at bankrupt sports authority ask for bonuses, get denied

### Response:
",Yes
1,u.s. funneling arms to dissident angel group in effort to topple god,https://www.theonion.com/u-s-funneling-arms-to-dissident-angel-group-in-effort-1819579868,"Below is an instruction that describes a sentiment analysis task.

### Instruction:
Given the following text, please determine if it should be classified as funny or not funny. Base your classification on humor elements such as wit, irony, absurdity, or comedic timing.

### Input:
u.s. funneling arms to dissident angel group in effort to topple god

### Response:
",Yes
0,"in the wake of garner, a plea for hope",https://www.huffingtonpost.com/entry/in-the-wake-of-garner-a-p_b_6281268.html,"Below is an instruction that describes a sentiment analysis task.

### Instruction:
Given the following text, please determine if it should be classified as funny or not funny. Base your classification on humor elements such as wit, irony, absurdity, or comedic timing.

### Input:
in the wake of garner, a plea for hope

### Response:
",No
0,microsoft unveils next best thing to teleportation,https://www.huffingtonpost.com/entry/microsoft-demonstrates-3d-virtual-holoportation_us_56f961f7e4b0143a9b48b701,"Below is an instruction that describes a sentiment analysis task.

### Instruction:
Given the following text, please determine if it should be classified as funny or not funny. Base your classification on humor elements such as wit, irony, absurdity, or comedic timing.

### Input:
microsoft unveils next best thing to teleportation

### Response:
",Yes
0,5 entrepreneurial rules to live by,https://www.huffingtonpost.com/entry/5-entrepreneurial-rules-t_b_7780328.html,"Below is an instruction that describes a sentiment analysis task.

### Instruction:
Given the following text, please determine if it should be classified as funny or not funny. Base your classification on humor elements such as wit, irony, absurdity, or comedic timing.

### Input:
5 entrepreneurial rules to live by

### Response:
",No
0,advice for the man who asks me to marry him,https://www.huffingtonpost.com/entry/advice-for-the-man-whos-asks-me-to-marry-him_b_6604122.html,"Below is an instruction that describes a sentiment analysis task.

### Instruction:
Given the following text, please determine if it should be classified as funny or not funny. Base your classification on humor elements such as wit, irony, absurdity, or comedic timing.

### Input:
advice for the man who asks me to marry him

### Response:
",Yes
1,showerhead self-conscious about single jet that sprays sideways,https://local.theonion.com/showerhead-self-conscious-about-single-jet-that-sprays-1834776990,"Below is an instruction that describes a sentiment analysis task.

### Instruction:
Given the following text, please determine if it should be classified as funny or not funny. Base your classification on humor elements such as wit, irony, absurdity, or comedic timing.

### Input:
showerhead self-conscious about single jet that sprays sideways

### Response:
",Yes
1,documentary a scathing indictment of director's filmmaking skills,https://entertainment.theonion.com/documentary-a-scathing-indictment-of-director-s-filmmak-1819576799,"Below is an instruction that describes a sentiment analysis task.

### Instruction:
Given the following text, please determine if it should be classified as funny or not funny. Base your classification on humor elements such as wit, irony, absurdity, or comedic timing.

### Input:
documentary a scathing indictment of director's filmmaking skills

### Response:
",Yes
0,violence hits nigeria's oil-rich delta region,https://www.huffingtonpost.com/entry/nigeria-delta-violence_n_7004604.html,"Below is an instruction that describes a sentiment analysis task.

### Instruction:
Given the following text, please determine if it should be classified as funny or not funny. Base your classification on humor elements such as wit, irony, absurdity, or comedic timing.

### Input:
violence hits nigeria's oil-rich delta region

### Response:
",No
1,woman's tan lines don't make any sense,https://www.theonion.com/womans-tan-lines-dont-make-any-sense-1819587659,"Below is an instruction that describes a sentiment analysis task.

### Instruction:
Given the following text, please determine if it should be classified as funny or not funny. Base your classification on humor elements such as wit, irony, absurdity, or comedic timing.

### Input:
woman's tan lines don't make any sense

### Response:
",Yes
0,"microsoft debuts surface book, its first laptop, plus other new gizmos",https://www.huffingtonpost.com/entry/microsoft-debuts-surface-book-its-first-laptop-plus-other-new-gizmos_us_5613f946e4b022a4ce5f9a28,"Below is an instruction that describes a sentiment analysis task.

### Instruction:
Given the following text, please determine if it should be classified as funny or not funny. Base your classification on humor elements such as wit, irony, absurdity, or comedic timing.

### Input:
microsoft debuts surface book, its first laptop, plus other new gizmos

### Response:
",No
1,small businessman conducts business on miniature golf course,https://www.theonion.com/small-businessman-conducts-business-on-miniature-golf-c-1819568706,"Below is an instruction that describes a sentiment analysis task.

### Instruction:
Given the following text, please determine if it should be classified as funny or not funny. Base your classification on humor elements such as wit, irony, absurdity, or comedic timing.

### Input:
small businessman conducts business on miniature golf course

### Response:
",Yes
1,microsoft word now includes squiggly blue line to alert writer when word is too advanced for mainstream audience,https://www.theonion.com/microsoft-word-now-includes-squiggly-blue-line-to-alert-1819590205,"Below is an instruction that describes a sentiment analysis task.

### Instruction:
Given the following text, please determine if it should be classified as funny or not funny. Base your classification on humor elements such as wit, irony, absurdity, or comedic timing.

### Input:
microsoft word now includes squiggly blue line to alert writer when word is too advanced for mainstream audience

### Response:
",Yes
0,"school aide fed pet treats to 75 students, claimed they were cookies: report",https://www.huffingtonpost.com/entry/school-aide-fed-pet-treats-to-students_n_5465968.html,"Below is an instruction that describes a sentiment analysis task.

### Instruction:
Given the following text, please determine if it should be classified as funny or not funny. Base your classification on humor elements such as wit, irony, absurdity, or comedic timing.

### Input:
school aide fed pet treats to 75 students, claimed they were cookies: report

### Response:
",No
1,publicist confirms komodo dragon from 'skyfall' pregnant,https://entertainment.theonion.com/publicist-confirms-komodo-dragon-from-skyfall-pregnan-1819579693,"Below is an instruction that describes a sentiment analysis task.

### Instruction:
Given the following text, please determine if it should be classified as funny or not funny. Base your classification on humor elements such as wit, irony, absurdity, or comedic timing.

### Input:
publicist confirms komodo dragon from 'skyfall' pregnant

### Response:
",No
1,coworkers brought to place of unthinkable intimacy by team-building exercise,https://www.theonion.com/coworkers-brought-to-place-of-unthinkable-intimacy-by-t-1819574527,"Below is an instruction that describes a sentiment analysis task.

### Instruction:
Given the following text, please determine if it should be classified as funny or not funny. Base your classification on humor elements such as wit, irony, absurdity, or comedic timing.

### Input:
coworkers brought to place of unthinkable intimacy by team-building exercise

### Response:
",Yes
1,nitroglycerin chex gingerly pulled from shelves,https://www.theonion.com/nitroglycerin-chex-gingerly-pulled-from-shelves-1819587850,"Below is an instruction that describes a sentiment analysis task.

### Instruction:
Given the following text, please determine if it should be classified as funny or not funny. Base your classification on humor elements such as wit, irony, absurdity, or comedic timing.

### Input:
nitroglycerin chex gingerly pulled from shelves

### Response:
",No
0,sikh student shot dead at california home,https://www.huffingtonpost.com/entry/sikh-student-shot-dead-in-california_us_58276b9ae4b057e23e314461,"Below is an instruction that describes a sentiment analysis task.

### Instruction:
Given the following text, please determine if it should be classified as funny or not funny. Base your classification on humor elements such as wit, irony, absurdity, or comedic timing.

### Input:
sikh student shot dead at california home

### Response:
",No
1,recruiter saw your background in computer science and thought maybe you'd be interested in working part-time at a kohl's in sioux city,https://local.theonion.com/recruiter-saw-your-background-in-computer-science-and-t-1830772882,"Below is an instruction that describes a sentiment analysis task.

### Instruction:
Given the following text, please determine if it should be classified as funny or not funny. Base your classification on humor elements such as wit, irony, absurdity, or comedic timing.

### Input:
recruiter saw your background in computer science and thought maybe you'd be interested in working part-time at a kohl's in sioux city

### Response:
",Yes
0,"republicans reject disclosing findings on trump's business conflicts, russia ties",https://www.huffingtonpost.com/entry/republicans-trump-conflicts-russia_us_58b5fb5fe4b0780bac2e126d,"Below is an instruction that describes a sentiment analysis task.

### Instruction:
Given the following text, please determine if it should be classified as funny or not funny. Base your classification on humor elements such as wit, irony, absurdity, or comedic timing.

### Input:
republicans reject disclosing findings on trump's business conflicts, russia ties

### Response:
",No
1,trump gives muslim on fence about radicalizing just the push he needed,https://politics.theonion.com/trump-gives-muslim-on-fence-about-radicalizing-just-the-1819592435,"Below is an instruction that describes a sentiment analysis task.

### Instruction:
Given the following text, please determine if it should be classified as funny or not funny. Base your classification on humor elements such as wit, irony, absurdity, or comedic timing.

### Input:
trump gives muslim on fence about radicalizing just the push he needed

### Response:
",Yes
1,standards lowered for second search through fridge,https://local.theonion.com/standards-lowered-for-second-search-through-fridge-1819592312,"Below is an instruction that describes a sentiment analysis task.

### Instruction:
Given the following text, please determine if it should be classified as funny or not funny. Base your classification on humor elements such as wit, irony, absurdity, or comedic timing.

### Input:
standards lowered for second search through fridge

### Response:
",Yes
0,facebook is cracking down on racist posts in germany,https://www.huffingtonpost.com/entry/facebook-racist-posts-germany_us_569922abe4b0b4eb759e21d5,"Below is an instruction that describes a sentiment analysis task.

### Instruction:
Given the following text, please determine if it should be classified as funny or not funny. Base your classification on humor elements such as wit, irony, absurdity, or comedic timing.

### Input:
facebook is cracking down on racist posts in germany

### Response:
",No
1,"returning jesus christ downed by u.s. missile defense 30,000 feet before making landfall",https://www.theonion.com/returning-jesus-christ-downed-by-u-s-missile-defense-3-1828884383,"Below is an instruction that describes a sentiment analysis task.

### Instruction:
Given the following text, please determine if it should be classified as funny or not funny. Base your classification on humor elements such as wit, irony, absurdity, or comedic timing.

### Input:
returning jesus christ downed by u.s. missile defense 30,000 feet before making landfall

### Response:
",Yes
0,"girl, 11, invents 'chemo backpack' to help kids with cancer, after battling the disease herself",https://www.huffingtonpost.com/entry/girl-invents-iv-backpack_n_5654758.html,"Below is an instruction that describes a sentiment analysis task.

### Instruction:
Given the following text, please determine if it should be classified as funny or not funny. Base your classification on humor elements such as wit, irony, absurdity, or comedic timing.

### Input:
girl, 11, invents 'chemo backpack' to help kids with cancer, after battling the disease herself

### Response:
",Yes
1,paula broadwell crashing on petraeus family's couch until sex scandal blows over,https://www.theonion.com/paula-broadwell-crashing-on-petraeus-family-s-couch-unt-1819574200,"Below is an instruction that describes a sentiment analysis task.

### Instruction:
Given the following text, please determine if it should be classified as funny or not funny. Base your classification on humor elements such as wit, irony, absurdity, or comedic timing.

### Input:
paula broadwell crashing on petraeus family's couch until sex scandal blows over

### Response:
",Yes
0,the top 5 issues newlyweds face,https://www.huffingtonpost.com/entry/the-top-5-issues-newlyweds-face_us_5967df14e4b022bb9372b03d,"Below is an instruction that describes a sentiment analysis task.

### Instruction:
Given the following text, please determine if it should be classified as funny or not funny. Base your classification on humor elements such as wit, irony, absurdity, or comedic timing.

### Input:
the top 5 issues newlyweds face

### Response:
",No
1,african nation not war-torn,https://www.theonion.com/african-nation-not-war-torn-1819563956,"Below is an instruction that describes a sentiment analysis task.

### Instruction:
Given the following text, please determine if it should be classified as funny or not funny. Base your classification on humor elements such as wit, irony, absurdity, or comedic timing.

### Input:
african nation not war-torn

### Response:
",No
0,kentucky governor echoes trump: 'all sides' to blame for charlottesville violence,https://www.huffingtonpost.com/entry/matt-bevin-kentucky-confederate-statues_us_59946af7e4b04b193362462e,"Below is an instruction that describes a sentiment analysis task.

### Instruction:
Given the following text, please determine if it should be classified as funny or not funny. Base your classification on humor elements such as wit, irony, absurdity, or comedic timing.

### Input:
kentucky governor echoes trump: 'all sides' to blame for charlottesville violence

### Response:
",No
1,rapist gets new start at technical college,https://www.theonion.com/rapist-gets-new-start-at-technical-college-1819587140,"Below is an instruction that describes a sentiment analysis task.

### Instruction:
Given the following text, please determine if it should be classified as funny or not funny. Base your classification on humor elements such as wit, irony, absurdity, or comedic timing.

### Input:
rapist gets new start at technical college

### Response:
",No
0,oakland artists take on gentrification as tech boom threatens their city,https://www.huffingtonpost.com/entry/oakland-gentrification-art-installation_us_579bac86e4b0693164c1374e,"Below is an instruction that describes a sentiment analysis task.

### Instruction:
Given the following text, please determine if it should be classified as funny or not funny. Base your classification on humor elements such as wit, irony, absurdity, or comedic timing.

### Input:
oakland artists take on gentrification as tech boom threatens their city

### Response:
",No
0,"chuck grassley introduces donald trump at rally, but does not endorse",https://www.huffingtonpost.com/entry/donald-trump-chuck-grassley_us_56a3f596e4b0d8cc109a5e04,"Below is an instruction that describes a sentiment analysis task.

### Instruction:
Given the following text, please determine if it should be classified as funny or not funny. Base your classification on humor elements such as wit, irony, absurdity, or comedic timing.

### Input:
chuck grassley introduces donald trump at rally, but does not endorse

### Response:
",No
1,overstock.com announces plans to develop original programming,https://www.theonion.com/overstock-com-announces-plans-to-develop-original-progr-1819575812,"Below is an instruction that describes a sentiment analysis task.

### Instruction:
Given the following text, please determine if it should be classified as funny or not funny. Base your classification on humor elements such as wit, irony, absurdity, or comedic timing.

### Input:
overstock.com announces plans to develop original programming

### Response:
",No
1,japanese family puts aging robot in retirement home,https://www.theonion.com/japanese-family-puts-aging-robot-in-retirement-home-1819580072,"Below is an instruction that describes a sentiment analysis task.

### Instruction:
Given the following text, please determine if it should be classified as funny or not funny. Base your classification on humor elements such as wit, irony, absurdity, or comedic timing.

### Input:
japanese family puts aging robot in retirement home

### Response:
",No
1,frustrated writer tosses another crumpled-up laptop in trash can,https://local.theonion.com/frustrated-writer-tosses-another-crumpled-up-laptop-in-1834005696,"Below is an instruction that describes a sentiment analysis task.

### Instruction:
Given the following text, please determine if it should be classified as funny or not funny. Base your classification on humor elements such as wit, irony, absurdity, or comedic timing.

### Input:
frustrated writer tosses another crumpled-up laptop in trash can

### Response:
",Yes
1,burger king introduces new thing to throw in front of kids after another hellish day at work,https://local.theonion.com/burger-king-introduces-new-thing-to-throw-in-front-of-k-1819573136,"Below is an instruction that describes a sentiment analysis task.

### Instruction:
Given the following text, please determine if it should be classified as funny or not funny. Base your classification on humor elements such as wit, irony, absurdity, or comedic timing.

### Input:
burger king introduces new thing to throw in front of kids after another hellish day at work

### Response:
",Yes
1,baby takes political stance,https://www.theonion.com/baby-takes-political-stance-1819587669,"Below is an instruction that describes a sentiment analysis task.

### Instruction:
Given the following text, please determine if it should be classified as funny or not funny. Base your classification on humor elements such as wit, irony, absurdity, or comedic timing.

### Input:
baby takes political stance

### Response:
",No
1,netanyahu begins calling for israeli return to ancient homeland of iran,https://www.theonion.com/netanyahu-begins-calling-for-israeli-return-to-ancient-1825925581,"Below is an instruction that describes a sentiment analysis task.

### Instruction:
Given the following text, please determine if it should be classified as funny or not funny. Base your classification on humor elements such as wit, irony, absurdity, or comedic timing.

### Input:
netanyahu begins calling for israeli return to ancient homeland of iran

### Response:
",Yes
1,teen breaks rules in socially accepted ways,https://local.theonion.com/teen-breaks-rules-in-socially-accepted-ways-1819565584,"Below is an instruction that describes a sentiment analysis task.

### Instruction:
Given the following text, please determine if it should be classified as funny or not funny. Base your classification on humor elements such as wit, irony, absurdity, or comedic timing.

### Input:
teen breaks rules in socially accepted ways

### Response:
",No
1,circus runaway not looking forward to hometown show,https://local.theonion.com/circus-runaway-not-looking-forward-to-hometown-show-1819566910,"Below is an instruction that describes a sentiment analysis task.

### Instruction:
Given the following text, please determine if it should be classified as funny or not funny. Base your classification on humor elements such as wit, irony, absurdity, or comedic timing.

### Input:
circus runaway not looking forward to hometown show

### Response:
",No
0,"3,500-year-old dagger was used as a doorstop",https://www.huffingtonpost.com/entry/dagger-doorstop_n_6232182.html,"Below is an instruction that describes a sentiment analysis task.

### Instruction:
Given the following text, please determine if it should be classified as funny or not funny. Base your classification on humor elements such as wit, irony, absurdity, or comedic timing.

### Input:
3,500-year-old dagger was used as a doorstop

### Response:
",No
0,desperation grips haiti as it struggles to rebuild yet again,https://www.huffingtonpost.com/entry/haiti-hurricane-matthew-rebuild_us_5806279de4b0180a36e63f26,"Below is an instruction that describes a sentiment analysis task.

### Instruction:
Given the following text, please determine if it should be classified as funny or not funny. Base your classification on humor elements such as wit, irony, absurdity, or comedic timing.

### Input:
desperation grips haiti as it struggles to rebuild yet again

### Response:
",No
0,republican congressmen torched at angry town hall meetings in california,https://www.huffingtonpost.com/entry/issa-hunter-town-halls_us_58c48e08e4b0d1078ca72ad5,"Below is an instruction that describes a sentiment analysis task.

### Instruction:
Given the following text, please determine if it should be classified as funny or not funny. Base your classification on humor elements such as wit, irony, absurdity, or comedic timing.

### Input:
republican congressmen torched at angry town hall meetings in california

### Response:
",No
0,largest ever all-female expedition sets sail for antarctica,https://www.huffingtonpost.com/entry/largest-ever-all-female-expedition-sets-sail-for-antarctica_us_584191c4e4b017f37fe425e4,"Below is an instruction that describes a sentiment analysis task.

### Instruction:
Given the following text, please determine if it should be classified as funny or not funny. Base your classification on humor elements such as wit, irony, absurdity, or comedic timing.

### Input:
largest ever all-female expedition sets sail for antarctica

### Response:
",No
1,report: iraq war keeping thousands out of unemployment line,https://www.theonion.com/report-iraq-war-keeping-thousands-out-of-unemployment-1819567541,"Below is an instruction that describes a sentiment analysis task.

### Instruction:
Given the following text, please determine if it should be classified as funny or not funny. Base your classification on humor elements such as wit, irony, absurdity, or comedic timing.

### Input:
report: iraq war keeping thousands out of unemployment line

### Response:
",No
0,proof you shouldn't blame teachers for the achievement gap,https://www.huffingtonpost.com/entry/teacher-effectiveness_us_5818e277e4b00f11fc5c1e1d,"Below is an instruction that describes a sentiment analysis task.

### Instruction:
Given the following text, please determine if it should be classified as funny or not funny. Base your classification on humor elements such as wit, irony, absurdity, or comedic timing.

### Input:
proof you shouldn't blame teachers for the achievement gap

### Response:
",Yes
1,intact benetton shirt miraculously pulled from bangladesh rubble weeks later,https://www.theonion.com/intact-benetton-shirt-miraculously-pulled-from-banglade-1819574963,"Below is an instruction that describes a sentiment analysis task.

### Instruction:
Given the following text, please determine if it should be classified as funny or not funny. Base your classification on humor elements such as wit, irony, absurdity, or comedic timing.

### Input:
intact benetton shirt miraculously pulled from bangladesh rubble weeks later

### Response:
",No
0,judge overturns conviction of innocent man sentenced to life more than 40 years ago,https://www.huffingtonpost.com/entry/wilbert-jones-conviction-overturned_us_5a0c7112e4b00a6eece5ce0e,"Below is an instruction that describes a sentiment analysis task.

### Instruction:
Given the following text, please determine if it should be classified as funny or not funny. Base your classification on humor elements such as wit, irony, absurdity, or comedic timing.

### Input:
judge overturns conviction of innocent man sentenced to life more than 40 years ago

### Response:
",No
0,the soul-crushing reality of the stay-at-home dad,https://www.huffingtonpost.comhttp://narrative.ly/the-soul-crushing-reality-of-the-stay-at-home-dad/,"Below is an instruction that describes a sentiment analysis task.

### Instruction:
Given the following text, please determine if it should be classified as funny or not funny. Base your classification on humor elements such as wit, irony, absurdity, or comedic timing.

### Input:
the soul-crushing reality of the stay-at-home dad

### Response:
",Yes
1,area man switches to backup lie,https://local.theonion.com/area-man-switches-to-backup-lie-1819566206,"Below is an instruction that describes a sentiment analysis task.

### Instruction:
Given the following text, please determine if it should be classified as funny or not funny. Base your classification on humor elements such as wit, irony, absurdity, or comedic timing.

### Input:
area man switches to backup lie

### Response:
",No
0,"say goodbye to twitter eggs, not trolls",https://www.huffingtonpost.com/entry/say-goodbye-to-twitter-eggs-but-not-trolls_us_58de8590e4b0ba35959492c4,"Below is an instruction that describes a sentiment analysis task.

### Instruction:
Given the following text, please determine if it should be classified as funny or not funny. Base your classification on humor elements such as wit, irony, absurdity, or comedic timing.

### Input:
say goodbye to twitter eggs, not trolls

### Response:
",Yes
1,novelist thinks people shrug 10 times more than they actually do,https://local.theonion.com/novelist-thinks-people-shrug-10-times-more-than-they-ac-1819568458,"Below is an instruction that describes a sentiment analysis task.

### Instruction:
Given the following text, please determine if it should be classified as funny or not funny. Base your classification on humor elements such as wit, irony, absurdity, or comedic timing.

### Input:
novelist thinks people shrug 10 times more than they actually do

### Response:
",Yes
0,5 tips for reading the polls like a pro,https://www.huffingtonpost.com/entry/five-tips-reading-poll-results_us_5ad6264fe4b077c89ced3210,"Below is an instruction that describes a sentiment analysis task.

### Instruction:
Given the following text, please determine if it should be classified as funny or not funny. Base your classification on humor elements such as wit, irony, absurdity, or comedic timing.

### Input:
5 tips for reading the polls like a pro

### Response:
",No
0,8 ways to recommit to your fading resolutions,https://www.huffingtonpost.com/entry/restart-health-goals_n_6550466.html,"Below is an instruction that describes a sentiment analysis task.

### Instruction:
Given the following text, please determine if it should be classified as funny or not funny. Base your classification on humor elements such as wit, irony, absurdity, or comedic timing.

### Input:
8 ways to recommit to your fading resolutions

### Response:
",No
1,"local neurotic to undergo invasive 32,000-hour-long therapy procedure",https://local.theonion.com/local-neurotic-to-undergo-invasive-32-000-hour-long-the-1819571388,"Below is an instruction that describes a sentiment analysis task.

### Instruction:
Given the following text, please determine if it should be classified as funny or not funny. Base your classification on humor elements such as wit, irony, absurdity, or comedic timing.

### Input:
local neurotic to undergo invasive 32,000-hour-long therapy procedure

### Response:
",Yes
1,man worried any crazy person could get hands on congressional seat,https://local.theonion.com/man-worried-any-crazy-person-could-get-hands-on-congres-1819580366,"Below is an instruction that describes a sentiment analysis task.

### Instruction:
Given the following text, please determine if it should be classified as funny or not funny. Base your classification on humor elements such as wit, irony, absurdity, or comedic timing.

### Input:
man worried any crazy person could get hands on congressional seat

### Response:
",Yes
0,"emma stone, meryl streep and other stars bring activists to golden globes",https://www.huffingtonpost.com/entry/emma-stone-meryl-streep-and-other-actresses-bring-activists-to-golden-globes_us_5a52aff6e4b003133ec91741,"Below is an instruction that describes a sentiment analysis task.

### Instruction:
Given the following text, please determine if it should be classified as funny or not funny. Base your classification on humor elements such as wit, irony, absurdity, or comedic timing.

### Input:
emma stone, meryl streep and other stars bring activists to golden globes

### Response:
",No
0,literally no one supports lincoln chafee in latest poll,https://www.huffingtonpost.com/entry/lincoln-chafee-support_us_55a663fde4b0c5f0322bd272,"Below is an instruction that describes a sentiment analysis task.

### Instruction:
Given the following text, please determine if it should be classified as funny or not funny. Base your classification on humor elements such as wit, irony, absurdity, or comedic timing.

### Input:
literally no one supports lincoln chafee in latest poll

### Response:
",Yes
0,jimmy kimmel asks people if hillary clinton should be impeached,https://www.huffingtonpost.com/entry/jimmy-kimmel-hillary-clinton-impeached_us_5a0c0f03e4b0b17ffce1480e,"Below is an instruction that describes a sentiment analysis task.

### Instruction:
Given the following text, please determine if it should be classified as funny or not funny. Base your classification on humor elements such as wit, irony, absurdity, or comedic timing.

### Input:
jimmy kimmel asks people if hillary clinton should be impeached

### Response:
",Yes
0,"dreamers can't sue for in-state tuition in georgia, state supreme court rules",https://www.huffingtonpost.com/entry/dreamers-in-state-tuition-georgia_us_56afb0f3e4b0b8d7c2301a8d,"Below is an instruction that describes a sentiment analysis task.

### Instruction:
Given the following text, please determine if it should be classified as funny or not funny. Base your classification on humor elements such as wit, irony, absurdity, or comedic timing.

### Input:
dreamers can't sue for in-state tuition in georgia, state supreme court rules

### Response:
",No
0,the 'million-dollar question' all happy couples ask,https://www.huffingtonpost.com/entry/relationship-rut_n_5614126.html,"Below is an instruction that describes a sentiment analysis task.

### Instruction:
Given the following text, please determine if it should be classified as funny or not funny. Base your classification on humor elements such as wit, irony, absurdity, or comedic timing.

### Input:
the 'million-dollar question' all happy couples ask

### Response:
",Yes
0,the funniest tweets from parents this week,https://www.huffingtonpost.com/entry/funniest-parenting-tweets_n_6158420.html,"Below is an instruction that describes a sentiment analysis task.

### Instruction:
Given the following text, please determine if it should be classified as funny or not funny. Base your classification on humor elements such as wit, irony, absurdity, or comedic timing.

### Input:
the funniest tweets from parents this week

### Response:
",No
1,area senior up for some boggle,https://www.theonion.com/area-senior-up-for-some-boggle-1819586908,"Below is an instruction that describes a sentiment analysis task.

### Instruction:
Given the following text, please determine if it should be classified as funny or not funny. Base your classification on humor elements such as wit, irony, absurdity, or comedic timing.

### Input:
area senior up for some boggle

### Response:
",No
0,miss israel's selfie with miss lebanon stirs up controversy,https://www.huffingtonpost.com/entry/israeli-selfie-lebanon_n_6495938.html,"Below is an instruction that describes a sentiment analysis task.

### Instruction:
Given the following text, please determine if it should be classified as funny or not funny. Base your classification on humor elements such as wit, irony, absurdity, or comedic timing.

### Input:
miss israel's selfie with miss lebanon stirs up controversy

### Response:
",No
0,fab fiction of the summer: the mexican flyboy,https://www.huffingtonpost.com/entry/fab-fiction-of-the-summer_b_10784846.html,"Below is an instruction that describes a sentiment analysis task.

### Instruction:
Given the following text, please determine if it should be classified as funny or not funny. Base your classification on humor elements such as wit, irony, absurdity, or comedic timing.

### Input:
fab fiction of the summer: the mexican flyboy

### Response:
",No
1,government no longer even bothering to hide halliburton favors,https://politics.theonion.com/government-no-longer-even-bothering-to-hide-halliburton-1819566807,"Below is an instruction that describes a sentiment analysis task.

### Instruction:
Given the following text, please determine if it should be classified as funny or not funny. Base your classification on humor elements such as wit, irony, absurdity, or comedic timing.

### Input:
government no longer even bothering to hide halliburton favors

### Response:
",No
1,"sweating, shaking pharmaceutical ceo says he can stop profiting off opioid epidemic anytime he wants",https://www.theonion.com/sweating-shaking-pharmaceutical-ceo-says-he-can-stop-p-1819579775,"Below is an instruction that describes a sentiment analysis task.

### Instruction:
Given the following text, please determine if it should be classified as funny or not funny. Base your classification on humor elements such as wit, irony, absurdity, or comedic timing.

### Input:
sweating, shaking pharmaceutical ceo says he can stop profiting off opioid epidemic anytime he wants

### Response:
",Yes
1,"'there's nothing to it,' secret service agent assures mar-a-lago bellhop assigned rooftop sniper duty",https://politics.theonion.com/there-s-nothing-to-it-secret-service-agent-assures-m-1819580198,"Below is an instruction that describes a sentiment analysis task.

### Instruction:
Given the following text, please determine if it should be classified as funny or not funny. Base your classification on humor elements such as wit, irony, absurdity, or comedic timing.

### Input:
'there's nothing to it,' secret service agent assures mar-a-lago bellhop assigned rooftop sniper duty

### Response:
",Yes
0,the 20 funniest tweets from women this week,https://www.huffingtonpost.com/entry/the-20-funniest-tweets-from-women-this-week_us_5a86e285e4b004fc319141d3,"Below is an instruction that describes a sentiment analysis task.

### Instruction:
Given the following text, please determine if it should be classified as funny or not funny. Base your classification on humor elements such as wit, irony, absurdity, or comedic timing.

### Input:
the 20 funniest tweets from women this week

### Response:
",Yes
1,"sleeping man flanked by laptop, phone, earbuds like egyptian pharaoh buried with all his treasures",https://local.theonion.com/sleeping-man-flanked-by-laptop-phone-earbuds-like-egy-1826074153,"Below is an instruction that describes a sentiment analysis task.

### Instruction:
Given the following text, please determine if it should be classified as funny or not funny. Base your classification on humor elements such as wit, irony, absurdity, or comedic timing.

### Input:
sleeping man flanked by laptop, phone, earbuds like egyptian pharaoh buried with all his treasures

### Response:
",Yes
0,stop complaining about the evolution of text language. period.,https://www.huffingtonpost.com/entry/study-periods-text-messages_us_566881ede4b009377b236e9d,"Below is an instruction that describes a sentiment analysis task.

### Instruction:
Given the following text, please determine if it should be classified as funny or not funny. Base your classification on humor elements such as wit, irony, absurdity, or comedic timing.

### Input:
stop complaining about the evolution of text language. period.

### Response:
",Yes
0,where is happiness? the question was answered two millennia ago,https://www.huffingtonpost.com/entry/where-is-happiness-the-question-was-answered-two-millennia_us_580d31bee4b0b1bd89fdb4b7,"Below is an instruction that describes a sentiment analysis task.

### Instruction:
Given the following text, please determine if it should be classified as funny or not funny. Base your classification on humor elements such as wit, irony, absurdity, or comedic timing.

### Input:
where is happiness? the question was answered two millennia ago

### Response:
",Yes
1,pushy hermit crab girlfriend wants to move in,https://local.theonion.com/pushy-hermit-crab-girlfriend-wants-to-move-in-1819590694,"Below is an instruction that describes a sentiment analysis task.

### Instruction:
Given the following text, please determine if it should be classified as funny or not funny. Base your classification on humor elements such as wit, irony, absurdity, or comedic timing.

### Input:
pushy hermit crab girlfriend wants to move in

### Response:
",Yes
0,the paradox of addiction,https://www.huffingtonpost.com/entry/the-paradox-of-addiction_b_6154112.html,"Below is an instruction that describes a sentiment analysis task.

### Instruction:
Given the following text, please determine if it should be classified as funny or not funny. Base your classification on humor elements such as wit, irony, absurdity, or comedic timing.

### Input:
the paradox of addiction

### Response:
",No
1,report: country that might shut down because president wants big wall somehow considered best in the world,https://politics.theonion.com/report-country-that-might-shut-down-because-president-1819580270,"Below is an instruction that describes a sentiment analysis task.

### Instruction:
Given the following text, please determine if it should be classified as funny or not funny. Base your classification on humor elements such as wit, irony, absurdity, or comedic timing.

### Input:
report: country that might shut down because president wants big wall somehow considered best in the world

### Response:
",Yes
1,"restaurant, staff patronized",https://www.theonion.com/restaurant-staff-patronized-1819566010,"Below is an instruction that describes a sentiment analysis task.

### Instruction:
Given the following text, please determine if it should be classified as funny or not funny. Base your classification on humor elements such as wit, irony, absurdity, or comedic timing.

### Input:
restaurant, staff patronized

### Response:
",No
0,calvin harris handles taylor swift joke like a pro while accepting award,https://www.huffingtonpost.com/entry/calvin-harris-handles-taylor-swift-joke-like-a-pro-while-accepting-award_us_57a895d2e4b03ba68012f5e3,"Below is an instruction that describes a sentiment analysis task.

### Instruction:
Given the following text, please determine if it should be classified as funny or not funny. Base your classification on humor elements such as wit, irony, absurdity, or comedic timing.

### Input:
calvin harris handles taylor swift joke like a pro while accepting award

### Response:
",No
1,sec replay official overturns 'roe v. wade',https://www.theonion.com/sec-replay-official-overturns-roe-v-wade-1819571116,"Below is an instruction that describes a sentiment analysis task.

### Instruction:
Given the following text, please determine if it should be classified as funny or not funny. Base your classification on humor elements such as wit, irony, absurdity, or comedic timing.

### Input:
sec replay official overturns 'roe v. wade'

### Response:
",No
0,a pivotal law for nyc pets,https://www.huffingtonpost.com/entry/a-pivotal-law-for-nyc-pet_b_6369068.html,"Below is an instruction that describes a sentiment analysis task.

### Instruction:
Given the following text, please determine if it should be classified as funny or not funny. Base your classification on humor elements such as wit, irony, absurdity, or comedic timing.

### Input:
a pivotal law for nyc pets

### Response:
",No
1,"report: you know you are a fucking idiot, right?",https://www.theonion.com/report-you-know-you-are-a-fucking-idiot-right-1819572768,"Below is an instruction that describes a sentiment analysis task.

### Instruction:
Given the following text, please determine if it should be classified as funny or not funny. Base your classification on humor elements such as wit, irony, absurdity, or comedic timing.

### Input:
report: you know you are a fucking idiot, right?

### Response:
",Yes
1,inner-city teacher inspires students to stab him,https://www.theonion.com/inner-city-teacher-inspires-students-to-stab-him-1819568923,"Below is an instruction that describes a sentiment analysis task.

### Instruction:
Given the following text, please determine if it should be classified as funny or not funny. Base your classification on humor elements such as wit, irony, absurdity, or comedic timing.

### Input:
inner-city teacher inspires students to stab him

### Response:
",No
0,how to make japanese milk bread at home,https://www.huffingtonpost.com/entry/how-to-make-japanese-milk_b_5921004.html,"Below is an instruction that describes a sentiment analysis task.

### Instruction:
Given the following text, please determine if it should be classified as funny or not funny. Base your classification on humor elements such as wit, irony, absurdity, or comedic timing.

### Input:
how to make japanese milk bread at home

### Response:
",No
0,twitter took a much-needed break from the world to #addcandytoamovie,https://www.huffingtonpost.com/entry/twitter-took-a-much-needed-break-from-the-world-to-addcandytoamovie_us_59e64d6ee4b00905bdad0cd2,"Below is an instruction that describes a sentiment analysis task.

### Instruction:
Given the following text, please determine if it should be classified as funny or not funny. Base your classification on humor elements such as wit, irony, absurdity, or comedic timing.

### Input:
twitter took a much-needed break from the world to #addcandytoamovie

### Response:
",Yes
1,historical archives: dances you may wish to try,https://www.theonion.com/historical-archives-dances-you-may-wish-to-try-1819570241,"Below is an instruction that describes a sentiment analysis task.

### Instruction:
Given the following text, please determine if it should be classified as funny or not funny. Base your classification on humor elements such as wit, irony, absurdity, or comedic timing.

### Input:
historical archives: dances you may wish to try

### Response:
",Yes
1,trump boys swallow luggage keys in case they get locked up in jail and need to escape,https://politics.theonion.com/trump-boys-swallow-luggage-keys-in-case-they-get-locked-1830721981,"Below is an instruction that describes a sentiment analysis task.

### Instruction:
Given the following text, please determine if it should be classified as funny or not funny. Base your classification on humor elements such as wit, irony, absurdity, or comedic timing.

### Input:
trump boys swallow luggage keys in case they get locked up in jail and need to escape

### Response:
",Yes
1,abby sunderland - concocted history's most extreme plan to get out of a summer job,https://www.theonion.com/abby-sunderland-concocted-historys-most-extreme-plan-1819571968,"Below is an instruction that describes a sentiment analysis task.

### Instruction:
Given the following text, please determine if it should be classified as funny or not funny. Base your classification on humor elements such as wit, irony, absurdity, or comedic timing.

### Input:
abby sunderland - concocted history's most extreme plan to get out of a summer job

### Response:
",Yes
1,"family knows not to interrupt dad while he's skimming pool, listening to orioles radio broadcast",https://local.theonion.com/family-knows-not-to-interrupt-dad-while-he-s-skimming-p-1819578904,"Below is an instruction that describes a sentiment analysis task.

### Instruction:
Given the following text, please determine if it should be classified as funny or not funny. Base your classification on humor elements such as wit, irony, absurdity, or comedic timing.

### Input:
family knows not to interrupt dad while he's skimming pool, listening to orioles radio broadcast

### Response:
",Yes
1,dad reaches age where it's no longer enjoyable to make fun of how old he is,https://local.theonion.com/dad-reaches-age-where-its-no-longer-enjoyable-to-make-f-1819571904,"Below is an instruction that describes a sentiment analysis task.

### Instruction:
Given the following text, please determine if it should be classified as funny or not funny. Base your classification on humor elements such as wit, irony, absurdity, or comedic timing.

### Input:
dad reaches age where it's no longer enjoyable to make fun of how old he is

### Response:
",Yes
0,5 bad behaviors from the past that are now totally common,https://www.huffingtonpost.com/entry/bad-behaviors-that-are-now-common_n_6487364.html,"Below is an instruction that describes a sentiment analysis task.

### Instruction:
Given the following text, please determine if it should be classified as funny or not funny. Base your classification on humor elements such as wit, irony, absurdity, or comedic timing.

### Input:
5 bad behaviors from the past that are now totally common

### Response:
",No
0,"at lg forum hosted by h.a.p.a., green and espero target homelessness, lifting people out of poverty",https://www.huffingtonpost.com/entry/at-lg-forum-hosted-by-hapa-green-espero-target_us_59f58ac0e4b06ae9067ab969,"Below is an instruction that describes a sentiment analysis task.

### Instruction:
Given the following text, please determine if it should be classified as funny or not funny. Base your classification on humor elements such as wit, irony, absurdity, or comedic timing.

### Input:
at lg forum hosted by h.a.p.a., green and espero target homelessness, lifting people out of poverty

### Response:
",No
0,don blankenship's defeat is a relief to the families of upper big branch miners,https://www.huffingtonpost.com/entry/don-blankenships-primary-loss-is-a-relief-to-the-families-of-upper-big-branch-miners_us_5af32156e4b0aab8a78bb8d4,"Below is an instruction that describes a sentiment analysis task.

### Instruction:
Given the following text, please determine if it should be classified as funny or not funny. Base your classification on humor elements such as wit, irony, absurdity, or comedic timing.

### Input:
don blankenship's defeat is a relief to the families of upper big branch miners

### Response:
",No
0,dude makes his own olympics because not everyone can be a world champ,https://www.huffingtonpost.com/entry/dude-makes-his-own-olympics-because-not-everyone-can-be-a-world-champ_us_57aa135de4b0db3be07bc377,"Below is an instruction that describes a sentiment analysis task.

### Instruction:
Given the following text, please determine if it should be classified as funny or not funny. Base your classification on humor elements such as wit, irony, absurdity, or comedic timing.

### Input:
dude makes his own olympics because not everyone can be a world champ

### Response:
",Yes
0,bullying prevention: the power of empathy,https://www.huffingtonpost.com/entry/bullying-prevention-the-power-of-empathy_b_6171238.html,"Below is an instruction that describes a sentiment analysis task.

### Instruction:
Given the following text, please determine if it should be classified as funny or not funny. Base your classification on humor elements such as wit, irony, absurdity, or comedic timing.

### Input:
bullying prevention: the power of empathy

### Response:
",No
1,new york times seeks court order to remove tuesdays with morrie from bestseller list,https://entertainment.theonion.com/new-york-times-seeks-court-order-to-remove-tuesdays-wit-1819567311,"Below is an instruction that describes a sentiment analysis task.

### Instruction:
Given the following text, please determine if it should be classified as funny or not funny. Base your classification on humor elements such as wit, irony, absurdity, or comedic timing.

### Input:
new york times seeks court order to remove tuesdays with morrie from bestseller list

### Response:
",No
0,how pakistan's unregulated madrassa system sows religious strife,https://www.huffingtonpost.com/entry/pakistan-madrassa-system_n_6368448.html,"Below is an instruction that describes a sentiment analysis task.

### Instruction:
Given the following text, please determine if it should be classified as funny or not funny. Base your classification on humor elements such as wit, irony, absurdity, or comedic timing.

### Input:
how pakistan's unregulated madrassa system sows religious strife

### Response:
",No
0,radio host pranks the $%#& out of co-host,https://www.huffingtonpost.com/entry/radio-cursing-prank-video_us_56e192dee4b0860f99d7f967,"Below is an instruction that describes a sentiment analysis task.

### Instruction:
Given the following text, please determine if it should be classified as funny or not funny. Base your classification on humor elements such as wit, irony, absurdity, or comedic timing.

### Input:
radio host pranks the $%#& out of co-host

### Response:
",Yes
1,"'en passant,' whispers mueller as he knocks another pawn off chessboard in shadowy, dimly lit office",https://politics.theonion.com/en-passant-whispers-mueller-as-he-knocks-another-paw-1828553688,"Below is an instruction that describes a sentiment analysis task.

### Instruction:
Given the following text, please determine if it should be classified as funny or not funny. Base your classification on humor elements such as wit, irony, absurdity, or comedic timing.

### Input:
'en passant,' whispers mueller as he knocks another pawn off chessboard in shadowy, dimly lit office

### Response:
",Yes
0,scottish busker eric gudmunsen roasts donald trump as only a scotsman can,https://www.huffingtonpost.com/entry/eric-gudmunsen-street-singer-donald-trump_us_57a7e587e4b03ba68012b757,"Below is an instruction that describes a sentiment analysis task.

### Instruction:
Given the following text, please determine if it should be classified as funny or not funny. Base your classification on humor elements such as wit, irony, absurdity, or comedic timing.

### Input:
scottish busker eric gudmunsen roasts donald trump as only a scotsman can

### Response:
",Yes
1,nevada secretary of state unveils new 'i voted' pasties,https://politics.theonion.com/nevada-secretary-of-state-unveils-new-i-voted-pasties-1830257593,"Below is an instruction that describes a sentiment analysis task.

### Instruction:
Given the following text, please determine if it should be classified as funny or not funny. Base your classification on humor elements such as wit, irony, absurdity, or comedic timing.

### Input:
nevada secretary of state unveils new 'i voted' pasties

### Response:
",Yes
0,south dakota high school principal injured in school shooting,https://www.huffingtonpost.com/entry/south-dakota-high-school-principal-injured-in-school-shooting_us_560c0ce1e4b0768127001924,"Below is an instruction that describes a sentiment analysis task.

### Instruction:
Given the following text, please determine if it should be classified as funny or not funny. Base your classification on humor elements such as wit, irony, absurdity, or comedic timing.

### Input:
south dakota high school principal injured in school shooting

### Response:
",No
0,this 23-month-old is probably more stylish than you,https://www.huffingtonpost.com/entry/kid-stylish-_n_7174248.html,"Below is an instruction that describes a sentiment analysis task.

### Instruction:
Given the following text, please determine if it should be classified as funny or not funny. Base your classification on humor elements such as wit, irony, absurdity, or comedic timing.

### Input:
this 23-month-old is probably more stylish than you

### Response:
",No
1,either jay leno a repeat or p. diddy got arrested again,https://www.theonion.com/either-jay-leno-a-repeat-or-p-diddy-got-arrested-again-1819566410,"Below is an instruction that describes a sentiment analysis task.

### Instruction:
Given the following text, please determine if it should be classified as funny or not funny. Base your classification on humor elements such as wit, irony, absurdity, or comedic timing.

### Input:
either jay leno a repeat or p. diddy got arrested again

### Response:
",Yes
0,8-year-old girl dies after drinking boiling water on dare,https://www.huffingtonpost.com/entry/8-year-old-girl-dies-after-drinking-boiling-water-on-dare_us_5984ab0ae4b0cb15b1be3f33,"Below is an instruction that describes a sentiment analysis task.

### Instruction:
Given the following text, please determine if it should be classified as funny or not funny. Base your classification on humor elements such as wit, irony, absurdity, or comedic timing.

### Input:
8-year-old girl dies after drinking boiling water on dare

### Response:
",No
0,toeing the race line: what i am and what i am not.,https://www.huffingtonpost.com/entry/toeing-the-race-line-what-i-am-and-what-i-am-not_us_5a29a9d1e4b0d7c3f2622109,"Below is an instruction that describes a sentiment analysis task.

### Instruction:
Given the following text, please determine if it should be classified as funny or not funny. Base your classification on humor elements such as wit, irony, absurdity, or comedic timing.

### Input:
toeing the race line: what i am and what i am not.

### Response:
",No
0,this type of breast cancer is more deadly for black women,https://www.huffingtonpost.com/entry/this-type-of-breast-cancer-is-more-deadly-for-black-women_us_55d741bee4b04ae49702e4bc,"Below is an instruction that describes a sentiment analysis task.

### Instruction:
Given the following text, please determine if it should be classified as funny or not funny. Base your classification on humor elements such as wit, irony, absurdity, or comedic timing.

### Input:
this type of breast cancer is more deadly for black women

### Response:
",No
1,"riotous, chanting iowa state fair crowd gathers for annual deep-frying of virgin",https://local.theonion.com/riotous-chanting-iowa-state-fair-crowd-gathers-for-ann-1819575392,"Below is an instruction that describes a sentiment analysis task.

### Instruction:
Given the following text, please determine if it should be classified as funny or not funny. Base your classification on humor elements such as wit, irony, absurdity, or comedic timing.

### Input:
riotous, chanting iowa state fair crowd gathers for annual deep-frying of virgin

### Response:
",Yes
0,why can't we mourn with muslims?,https://www.huffingtonpost.com/entry/why-cant-we-mourn-with-mu_b_6681434.html,"Below is an instruction that describes a sentiment analysis task.

### Instruction:
Given the following text, please determine if it should be classified as funny or not funny. Base your classification on humor elements such as wit, irony, absurdity, or comedic timing.

### Input:
why can't we mourn with muslims?

### Response:
",No
1,214 executed in wacky bolivian prison mix-up,https://www.theonion.com/214-executed-in-wacky-bolivian-prison-mix-up-1819586149,"Below is an instruction that describes a sentiment analysis task.

### Instruction:
Given the following text, please determine if it should be classified as funny or not funny. Base your classification on humor elements such as wit, irony, absurdity, or comedic timing.

### Input:
214 executed in wacky bolivian prison mix-up

### Response:
",Yes
0,7 things the earth would totally tweet if it could,https://www.huffingtonpost.com/entry/7-things-the-earth-would-totally-tweet-if-it-could_us_571a5435e4b0d912d5fe70f5,"Below is an instruction that describes a sentiment analysis task.

### Instruction:
Given the following text, please determine if it should be classified as funny or not funny. Base your classification on humor elements such as wit, irony, absurdity, or comedic timing.

### Input:
7 things the earth would totally tweet if it could

### Response:
",Yes
0,"michael bay might secretly be a genius, despite his awful movies",https://www.huffingtonpost.com/entry/michael-bay-might-secretly-be-a-genius-despite-his-awful-movies_us_559d1ff5e4b0671af0a1f9a0,"Below is an instruction that describes a sentiment analysis task.

### Instruction:
Given the following text, please determine if it should be classified as funny or not funny. Base your classification on humor elements such as wit, irony, absurdity, or comedic timing.

### Input:
michael bay might secretly be a genius, despite his awful movies

### Response:
",Yes
1,cheering gets slightly less loud after obama's call for community service,https://www.theonion.com/cheering-gets-slightly-less-loud-after-obama-s-call-for-1819589014,"Below is an instruction that describes a sentiment analysis task.

### Instruction:
Given the following text, please determine if it should be classified as funny or not funny. Base your classification on humor elements such as wit, irony, absurdity, or comedic timing.

### Input:
cheering gets slightly less loud after obama's call for community service

### Response:
",Yes
0,pistachio biscotti with kirsch-soaked dried cherries,https://www.huffingtonpost.com/entry/pistachio-biscotti-with-kirsch-soaked-dried-cherries_b_6359732.html,"Below is an instruction that describes a sentiment analysis task.

### Instruction:
Given the following text, please determine if it should be classified as funny or not funny. Base your classification on humor elements such as wit, irony, absurdity, or comedic timing.

### Input:
pistachio biscotti with kirsch-soaked dried cherries

### Response:
",No
0,"meet eric dyer, the modern master of the zoetrope",https://www.huffingtonpost.com/entry/eric-dyer_n_6680972.html,"Below is an instruction that describes a sentiment analysis task.

### Instruction:
Given the following text, please determine if it should be classified as funny or not funny. Base your classification on humor elements such as wit, irony, absurdity, or comedic timing.

### Input:
meet eric dyer, the modern master of the zoetrope

### Response:
",No
0,this d.c. restaurant just sued trump and his hotel for unfair competition,https://www.huffingtonpost.com/entry/trump-hotel-lawsuit_us_58c19053e4b0ed71826ac039,"Below is an instruction that describes a sentiment analysis task.

### Instruction:
Given the following text, please determine if it should be classified as funny or not funny. Base your classification on humor elements such as wit, irony, absurdity, or comedic timing.

### Input:
this d.c. restaurant just sued trump and his hotel for unfair competition

### Response:
",No
1,"girlfriend, girlfriend's brother look way too much alike",https://local.theonion.com/girlfriend-girlfriend-s-brother-look-way-too-much-alik-1819576518,"Below is an instruction that describes a sentiment analysis task.

### Instruction:
Given the following text, please determine if it should be classified as funny or not funny. Base your classification on humor elements such as wit, irony, absurdity, or comedic timing.

### Input:
girlfriend, girlfriend's brother look way too much alike

### Response:
",Yes
0,immigration officials asking about fourth-grader turned away by nyc school,https://www.huffingtonpost.com/entry/immigration-officials-fourth-grader-queens-nyc-school_us_591a00d8e4b05dd15f0a4dd4,"Below is an instruction that describes a sentiment analysis task.

### Instruction:
Given the following text, please determine if it should be classified as funny or not funny. Base your classification on humor elements such as wit, irony, absurdity, or comedic timing.

### Input:
immigration officials asking about fourth-grader turned away by nyc school

### Response:
",No
0,sweet briar college and the homogenization of u.s. higher education,https://www.huffingtonpost.com/entry/sweet-briar-college-and-the-homogenization-of-us-higher-education_b_6920826.html,"Below is an instruction that describes a sentiment analysis task.

### Instruction:
Given the following text, please determine if it should be classified as funny or not funny. Base your classification on humor elements such as wit, irony, absurdity, or comedic timing.

### Input:
sweet briar college and the homogenization of u.s. higher education

### Response:
",No
1,"france, india, brazil among dozens of governments to fall as riots in support of onion social increase globally",https://www.theonion.com/france-india-brazil-among-dozens-of-governments-to-fa-1827046375,"Below is an instruction that describes a sentiment analysis task.

### Instruction:
Given the following text, please determine if it should be classified as funny or not funny. Base your classification on humor elements such as wit, irony, absurdity, or comedic timing.

### Input:
france, india, brazil among dozens of governments to fall as riots in support of onion social increase globally

### Response:
",No
1,herpetologist names son after famous herpetologist,https://www.theonion.com/herpetologist-names-son-after-famous-herpetologist-1819567355,"Below is an instruction that describes a sentiment analysis task.

### Instruction:
Given the following text, please determine if it should be classified as funny or not funny. Base your classification on humor elements such as wit, irony, absurdity, or comedic timing.

### Input:
herpetologist names son after famous herpetologist

### Response:
",Yes
0,the best places to be in march,https://www.huffingtonpost.com/entry/where-in-the-world-is-the_2_b_6772690.html,"Below is an instruction that describes a sentiment analysis task.

### Instruction:
Given the following text, please determine if it should be classified as funny or not funny. Base your classification on humor elements such as wit, irony, absurdity, or comedic timing.

### Input:
the best places to be in march

### Response:
",No
1,knocked-out secret service agents wake to realize jimmy carter loose,https://www.theonion.com/knocked-out-secret-service-agents-wake-to-realize-jimmy-1819578911,"Below is an instruction that describes a sentiment analysis task.

### Instruction:
Given the following text, please determine if it should be classified as funny or not funny. Base your classification on humor elements such as wit, irony, absurdity, or comedic timing.

### Input:
knocked-out secret service agents wake to realize jimmy carter loose

### Response:
",Yes
0,skydiver luke aikins makes jump without a parachute,https://www.huffingtonpost.com/entry/luke-aikins-skydive-parachute_us_579d7485e4b08a8e8b5e5a04,"Below is an instruction that describes a sentiment analysis task.

### Instruction:
Given the following text, please determine if it should be classified as funny or not funny. Base your classification on humor elements such as wit, irony, absurdity, or comedic timing.

### Input:
skydiver luke aikins makes jump without a parachute

### Response:
",No
0,chance the rapper teams up with naacp for #staywokeandvote campaign,https://www.huffingtonpost.com/entry/chance-the-rapper-teams-up-with-naacp-for-staywokeandvote-campaign_us_57dacf13e4b08cb140943c43,"Below is an instruction that describes a sentiment analysis task.

### Instruction:
Given the following text, please determine if it should be classified as funny or not funny. Base your classification on humor elements such as wit, irony, absurdity, or comedic timing.

### Input:
chance the rapper teams up with naacp for #staywokeandvote campaign

### Response:
",No
1,foot-long hoagie used as ruler,https://www.theonion.com/foot-long-hoagie-used-as-ruler-1819588874,"Below is an instruction that describes a sentiment analysis task.

### Instruction:
Given the following text, please determine if it should be classified as funny or not funny. Base your classification on humor elements such as wit, irony, absurdity, or comedic timing.

### Input:
foot-long hoagie used as ruler

### Response:
",Yes
1,philanderer taken back,https://politics.theonion.com/philanderer-taken-back-1819591182,"Below is an instruction that describes a sentiment analysis task.

### Instruction:
Given the following text, please determine if it should be classified as funny or not funny. Base your classification on humor elements such as wit, irony, absurdity, or comedic timing.

### Input:
philanderer taken back

### Response:
",No
1,john ashcroft frolics in secret vault of winnie-the-pooh toys,https://www.theonion.com/john-ashcroft-frolics-in-secret-vault-of-winnie-the-poo-1819587033,"Below is an instruction that describes a sentiment analysis task.

### Instruction:
Given the following text, please determine if it should be classified as funny or not funny. Base your classification on humor elements such as wit, irony, absurdity, or comedic timing.

### Input:
john ashcroft frolics in secret vault of winnie-the-pooh toys

### Response:
",No
0,the us helped create a christian martyr in oscar romero,https://www.huffingtonpost.com/entry/the-us-helped-create-a-oscar-romero_b_6612394.html,"Below is an instruction that describes a sentiment analysis task.

### Instruction:
Given the following text, please determine if it should be classified as funny or not funny. Base your classification on humor elements such as wit, irony, absurdity, or comedic timing.

### Input:
the us helped create a christian martyr in oscar romero

### Response:
",No
1,"18-to-35 white, male demographic still searching for perfect way to quench its thirst",https://www.theonion.com/18-to-35-white-male-demographic-still-searching-for-pe-1824260818,"Below is an instruction that describes a sentiment analysis task.

### Instruction:
Given the following text, please determine if it should be classified as funny or not funny. Base your classification on humor elements such as wit, irony, absurdity, or comedic timing.

### Input:
18-to-35 white, male demographic still searching for perfect way to quench its thirst

### Response:
",Yes
1,fiona apple releases egg sac,https://entertainment.theonion.com/fiona-apple-releases-egg-sac-1819586478,"Below is an instruction that describes a sentiment analysis task.

### Instruction:
Given the following text, please determine if it should be classified as funny or not funny. Base your classification on humor elements such as wit, irony, absurdity, or comedic timing.

### Input:
fiona apple releases egg sac

### Response:
",No
0,america the vulnerable: the forgotten casualties of the tobacco epidemic,https://www.huffingtonpost.com/entry/america-the-vulnerable-the-forgotten-casualties-of_us_592ec958e4b0d80e3a8a3208,"Below is an instruction that describes a sentiment analysis task.

### Instruction:
Given the following text, please determine if it should be classified as funny or not funny. Base your classification on humor elements such as wit, irony, absurdity, or comedic timing.

### Input:
america the vulnerable: the forgotten casualties of the tobacco epidemic

### Response:
",No
1,"adam sandler fans disappointed by intelligent, nuanced performance",https://www.theonion.com/adam-sandler-fans-disappointed-by-intelligent-nuanced-1819566650,"Below is an instruction that describes a sentiment analysis task.

### Instruction:
Given the following text, please determine if it should be classified as funny or not funny. Base your classification on humor elements such as wit, irony, absurdity, or comedic timing.

### Input:
adam sandler fans disappointed by intelligent, nuanced performance

### Response:
",Yes
