text,label,id,instruction,prediction
"A true friend is one that lets his grass grow as tall as his neighbor's.
",1,2288,"Below is an instruction that describes a sentiment analysis task.

### Instruction:
Given the following text, please determine if it should be classified as funny or not funny. Base your classification on humor elements such as wit, irony, absurdity, or comedic timing.

### Input:
A true friend is one that lets his grass grow as tall as his neighbor's.


### Response:
",Yes
"If it is tourist season, why can't we shoot them?
",1,1892,"Below is an instruction that describes a sentiment analysis task.

### Instruction:
Given the following text, please determine if it should be classified as funny or not funny. Base your classification on humor elements such as wit, irony, absurdity, or comedic timing.

### Input:
If it is tourist season, why can't we shoot them?


### Response:
",No
"Corner a dog in a dead-end street and it will turn and bite.
",0,17997,"Below is an instruction that describes a sentiment analysis task.

### Instruction:
Given the following text, please determine if it should be classified as funny or not funny. Base your classification on humor elements such as wit, irony, absurdity, or comedic timing.

### Input:
Corner a dog in a dead-end street and it will turn and bite.


### Response:
",Yes
"RTRS-Australia jobs assumptions conservative - govt.
",0,18353,"Below is an instruction that describes a sentiment analysis task.

### Instruction:
Given the following text, please determine if it should be classified as funny or not funny. Base your classification on humor elements such as wit, irony, absurdity, or comedic timing.

### Input:
RTRS-Australia jobs assumptions conservative - govt.


### Response:
",No
"If everyone thought before they spoke, the silence would be deafening.
",1,14364,"Below is an instruction that describes a sentiment analysis task.

### Instruction:
Given the following text, please determine if it should be classified as funny or not funny. Base your classification on humor elements such as wit, irony, absurdity, or comedic timing.

### Input:
If everyone thought before they spoke, the silence would be deafening.


### Response:
",No
"As numerous as the leaves of the oak, or the waves which wash the island.
",0,25644,"Below is an instruction that describes a sentiment analysis task.

### Instruction:
Given the following text, please determine if it should be classified as funny or not funny. Base your classification on humor elements such as wit, irony, absurdity, or comedic timing.

### Input:
As numerous as the leaves of the oak, or the waves which wash the island.


### Response:
",No
"Remember when sex was safe and motorcycles were not!
",1,4557,"Below is an instruction that describes a sentiment analysis task.

### Instruction:
Given the following text, please determine if it should be classified as funny or not funny. Base your classification on humor elements such as wit, irony, absurdity, or comedic timing.

### Input:
Remember when sex was safe and motorcycles were not!


### Response:
",No
"Two wrongs don't make a right, but three lefts do.
",1,13898,"Below is an instruction that describes a sentiment analysis task.

### Instruction:
Given the following text, please determine if it should be classified as funny or not funny. Base your classification on humor elements such as wit, irony, absurdity, or comedic timing.

### Input:
Two wrongs don't make a right, but three lefts do.


### Response:
",Yes
"Great bodies move slowly.
",0,24982,"Below is an instruction that describes a sentiment analysis task.

### Instruction:
Given the following text, please determine if it should be classified as funny or not funny. Base your classification on humor elements such as wit, irony, absurdity, or comedic timing.

### Input:
Great bodies move slowly.


### Response:
",No
"A couple trying to break into society hosted a dinner party.
",1,14397,"Below is an instruction that describes a sentiment analysis task.

### Instruction:
Given the following text, please determine if it should be classified as funny or not funny. Base your classification on humor elements such as wit, irony, absurdity, or comedic timing.

### Input:
A couple trying to break into society hosted a dinner party.


### Response:
",No
"Bank Indonesia money policy temporarily neutral.
",0,20018,"Below is an instruction that describes a sentiment analysis task.

### Instruction:
Given the following text, please determine if it should be classified as funny or not funny. Base your classification on humor elements such as wit, irony, absurdity, or comedic timing.

### Input:
Bank Indonesia money policy temporarily neutral.


### Response:
",No
"The world would run a lot smoother if more men knew how to dance.
",1,7222,"Below is an instruction that describes a sentiment analysis task.

### Instruction:
Given the following text, please determine if it should be classified as funny or not funny. Base your classification on humor elements such as wit, irony, absurdity, or comedic timing.

### Input:
The world would run a lot smoother if more men knew how to dance.


### Response:
",No
"A man went into a grocery store, got 3 cans of dog food, and walked up to the checkout counter.
",1,5793,"Below is an instruction that describes a sentiment analysis task.

### Instruction:
Given the following text, please determine if it should be classified as funny or not funny. Base your classification on humor elements such as wit, irony, absurdity, or comedic timing.

### Input:
A man went into a grocery store, got 3 cans of dog food, and walked up to the checkout counter.


### Response:
",No
"IN A ROME LAUNDRY: Ladies, leave your clothes here and spend the afternoon having a good time.
",1,14533,"Below is an instruction that describes a sentiment analysis task.

### Instruction:
Given the following text, please determine if it should be classified as funny or not funny. Base your classification on humor elements such as wit, irony, absurdity, or comedic timing.

### Input:
IN A ROME LAUNDRY: Ladies, leave your clothes here and spend the afternoon having a good time.


### Response:
",No
"And Last: On The Washington Post: Do not cut up and use for blackmail note.
",1,10571,"Below is an instruction that describes a sentiment analysis task.

### Instruction:
Given the following text, please determine if it should be classified as funny or not funny. Base your classification on humor elements such as wit, irony, absurdity, or comedic timing.

### Input:
And Last: On The Washington Post: Do not cut up and use for blackmail note.


### Response:
",Yes
"We all ducked when he said ""Fahrfergnugen,"" because he said it with relish.
",1,1836,"Below is an instruction that describes a sentiment analysis task.

### Instruction:
Given the following text, please determine if it should be classified as funny or not funny. Base your classification on humor elements such as wit, irony, absurdity, or comedic timing.

### Input:
We all ducked when he said ""Fahrfergnugen,"" because he said it with relish.


### Response:
",Yes
"If ignorance is bliss, most of us must be orgasmic.
",1,14792,"Below is an instruction that describes a sentiment analysis task.

### Instruction:
Given the following text, please determine if it should be classified as funny or not funny. Base your classification on humor elements such as wit, irony, absurdity, or comedic timing.

### Input:
If ignorance is bliss, most of us must be orgasmic.


### Response:
",No
"And the father replied, I don't know son, I'm still paying.
",1,7364,"Below is an instruction that describes a sentiment analysis task.

### Instruction:
Given the following text, please determine if it should be classified as funny or not funny. Base your classification on humor elements such as wit, irony, absurdity, or comedic timing.

### Input:
And the father replied, I don't know son, I'm still paying.


### Response:
",Yes
"The right answer to a fool is silence.
",0,16204,"Below is an instruction that describes a sentiment analysis task.

### Instruction:
Given the following text, please determine if it should be classified as funny or not funny. Base your classification on humor elements such as wit, irony, absurdity, or comedic timing.

### Input:
The right answer to a fool is silence.


### Response:
",No
"I know it all -- I just can't remember it all at once.
",1,867,"Below is an instruction that describes a sentiment analysis task.

### Instruction:
Given the following text, please determine if it should be classified as funny or not funny. Base your classification on humor elements such as wit, irony, absurdity, or comedic timing.

### Input:
I know it all -- I just can't remember it all at once.


### Response:
",No
"The only time a woman really succeeds in changing a man is when he's a baby.
",1,692,"Below is an instruction that describes a sentiment analysis task.

### Instruction:
Given the following text, please determine if it should be classified as funny or not funny. Base your classification on humor elements such as wit, irony, absurdity, or comedic timing.

### Input:
The only time a woman really succeeds in changing a man is when he's a baby.


### Response:
",No
"Well, I wish you every success!
",0,19752,"Below is an instruction that describes a sentiment analysis task.

### Instruction:
Given the following text, please determine if it should be classified as funny or not funny. Base your classification on humor elements such as wit, irony, absurdity, or comedic timing.

### Input:
Well, I wish you every success!


### Response:
",No
"Being forced to uproot from a place one loves and has made one's own.
",0,22996,"Below is an instruction that describes a sentiment analysis task.

### Instruction:
Given the following text, please determine if it should be classified as funny or not funny. Base your classification on humor elements such as wit, irony, absurdity, or comedic timing.

### Input:
Being forced to uproot from a place one loves and has made one's own.


### Response:
",No
"Those who think they know it all are really annoying to those of us who do.
",1,7733,"Below is an instruction that describes a sentiment analysis task.

### Instruction:
Given the following text, please determine if it should be classified as funny or not funny. Base your classification on humor elements such as wit, irony, absurdity, or comedic timing.

### Input:
Those who think they know it all are really annoying to those of us who do.


### Response:
",No
"'Tis good feasting in other men's houses.
",0,29466,"Below is an instruction that describes a sentiment analysis task.

### Instruction:
Given the following text, please determine if it should be classified as funny or not funny. Base your classification on humor elements such as wit, irony, absurdity, or comedic timing.

### Input:
'Tis good feasting in other men's houses.


### Response:
",No
"Tokyo Nikkei falls as turnover hits year's low.
",0,21029,"Below is an instruction that describes a sentiment analysis task.

### Instruction:
Given the following text, please determine if it should be classified as funny or not funny. Base your classification on humor elements such as wit, irony, absurdity, or comedic timing.

### Input:
Tokyo Nikkei falls as turnover hits year's low.


### Response:
",No
"FINLAND BANK AUG DAILY LIQUIDITY NEED FIM 3.82 BLN.
",0,23001,"Below is an instruction that describes a sentiment analysis task.

### Instruction:
Given the following text, please determine if it should be classified as funny or not funny. Base your classification on humor elements such as wit, irony, absurdity, or comedic timing.

### Input:
FINLAND BANK AUG DAILY LIQUIDITY NEED FIM 3.82 BLN.


### Response:
",No
"Venezuela's Aeropostal loses prospective buyer.
",0,22200,"Below is an instruction that describes a sentiment analysis task.

### Instruction:
Given the following text, please determine if it should be classified as funny or not funny. Base your classification on humor elements such as wit, irony, absurdity, or comedic timing.

### Input:
Venezuela's Aeropostal loses prospective buyer.


### Response:
",No
"How do you know when your house has been burgled by a Kiwi?
",1,11339,"Below is an instruction that describes a sentiment analysis task.

### Instruction:
Given the following text, please determine if it should be classified as funny or not funny. Base your classification on humor elements such as wit, irony, absurdity, or comedic timing.

### Input:
How do you know when your house has been burgled by a Kiwi?


### Response:
",Yes
"Oregon Bond Bank $6 mln deal single-A by Moody's.
",0,27958,"Below is an instruction that describes a sentiment analysis task.

### Instruction:
Given the following text, please determine if it should be classified as funny or not funny. Base your classification on humor elements such as wit, irony, absurdity, or comedic timing.

### Input:
Oregon Bond Bank $6 mln deal single-A by Moody's.


### Response:
",No
"I thought my window was down, but I found it was up when I put my head through it.
",1,5184,"Below is an instruction that describes a sentiment analysis task.

### Instruction:
Given the following text, please determine if it should be classified as funny or not funny. Base your classification on humor elements such as wit, irony, absurdity, or comedic timing.

### Input:
I thought my window was down, but I found it was up when I put my head through it.


### Response:
",Yes
"Eat what you like and let the food fight it out inside.
",1,2480,"Below is an instruction that describes a sentiment analysis task.

### Instruction:
Given the following text, please determine if it should be classified as funny or not funny. Base your classification on humor elements such as wit, irony, absurdity, or comedic timing.

### Input:
Eat what you like and let the food fight it out inside.


### Response:
",No
"I have invented a smaller mouse, for computers. I call it a Mini Mouse. (Disney is suing me).
",1,12656,"Below is an instruction that describes a sentiment analysis task.

### Instruction:
Given the following text, please determine if it should be classified as funny or not funny. Base your classification on humor elements such as wit, irony, absurdity, or comedic timing.

### Input:
I have invented a smaller mouse, for computers. I call it a Mini Mouse. (Disney is suing me).


### Response:
",Yes
"Goodbye to all that for the second and last time.
",0,30750,"Below is an instruction that describes a sentiment analysis task.

### Instruction:
Given the following text, please determine if it should be classified as funny or not funny. Base your classification on humor elements such as wit, irony, absurdity, or comedic timing.

### Input:
Goodbye to all that for the second and last time.


### Response:
",No
"Every day more money is printed for monopoly than for the US Treasury.
",1,274,"Below is an instruction that describes a sentiment analysis task.

### Instruction:
Given the following text, please determine if it should be classified as funny or not funny. Base your classification on humor elements such as wit, irony, absurdity, or comedic timing.

### Input:
Every day more money is printed for monopoly than for the US Treasury.


### Response:
",No
"I just wanted to keep you talking.
",0,19844,"Below is an instruction that describes a sentiment analysis task.

### Instruction:
Given the following text, please determine if it should be classified as funny or not funny. Base your classification on humor elements such as wit, irony, absurdity, or comedic timing.

### Input:
I just wanted to keep you talking.


### Response:
",No
"A false friend and a shadow stay around only while the sun shines.
",1,380,"Below is an instruction that describes a sentiment analysis task.

### Instruction:
Given the following text, please determine if it should be classified as funny or not funny. Base your classification on humor elements such as wit, irony, absurdity, or comedic timing.

### Input:
A false friend and a shadow stay around only while the sun shines.


### Response:
",No
"Where does the crew go on sundays?...To the Holy-Deck!
",1,4269,"Below is an instruction that describes a sentiment analysis task.

### Instruction:
Given the following text, please determine if it should be classified as funny or not funny. Base your classification on humor elements such as wit, irony, absurdity, or comedic timing.

### Input:
Where does the crew go on sundays?...To the Holy-Deck!


### Response:
",Yes
"A woman walks into a drugstore and asks the pharmacist if he sells condoms.
",1,8850,"Below is an instruction that describes a sentiment analysis task.

### Instruction:
Given the following text, please determine if it should be classified as funny or not funny. Base your classification on humor elements such as wit, irony, absurdity, or comedic timing.

### Input:
A woman walks into a drugstore and asks the pharmacist if he sells condoms.


### Response:
",No
"I've decided to give our church the $500 a month I used to send to TV evangelists.
",1,5514,"Below is an instruction that describes a sentiment analysis task.

### Instruction:
Given the following text, please determine if it should be classified as funny or not funny. Base your classification on humor elements such as wit, irony, absurdity, or comedic timing.

### Input:
I've decided to give our church the $500 a month I used to send to TV evangelists.


### Response:
",No
"Everyone stretches his legs according to the length of his coverlet.
",0,31974,"Below is an instruction that describes a sentiment analysis task.

### Instruction:
Given the following text, please determine if it should be classified as funny or not funny. Base your classification on humor elements such as wit, irony, absurdity, or comedic timing.

### Input:
Everyone stretches his legs according to the length of his coverlet.


### Response:
",No
"Money can't buy happiness -- but somehow it's more comfortable to cry in a Porsche than in a Lada.
",1,13911,"Below is an instruction that describes a sentiment analysis task.

### Instruction:
Given the following text, please determine if it should be classified as funny or not funny. Base your classification on humor elements such as wit, irony, absurdity, or comedic timing.

### Input:
Money can't buy happiness -- but somehow it's more comfortable to cry in a Porsche than in a Lada.


### Response:
",No
"A tornado blew away my car and left another in its place. Musta been a trade wind.
",1,753,"Below is an instruction that describes a sentiment analysis task.

### Instruction:
Given the following text, please determine if it should be classified as funny or not funny. Base your classification on humor elements such as wit, irony, absurdity, or comedic timing.

### Input:
A tornado blew away my car and left another in its place. Musta been a trade wind.


### Response:
",Yes
"Study as though life is eternal, knowing that tomorrow you may die.
",1,7238,"Below is an instruction that describes a sentiment analysis task.

### Instruction:
Given the following text, please determine if it should be classified as funny or not funny. Base your classification on humor elements such as wit, irony, absurdity, or comedic timing.

### Input:
Study as though life is eternal, knowing that tomorrow you may die.


### Response:
",No
"Sometimes a majority only means that all the fools are on the same side.
",1,8761,"Below is an instruction that describes a sentiment analysis task.

### Instruction:
Given the following text, please determine if it should be classified as funny or not funny. Base your classification on humor elements such as wit, irony, absurdity, or comedic timing.

### Input:
Sometimes a majority only means that all the fools are on the same side.


### Response:
",No
"yet it introduces an obvious conflict of interest.
",0,26634,"Below is an instruction that describes a sentiment analysis task.

### Instruction:
Given the following text, please determine if it should be classified as funny or not funny. Base your classification on humor elements such as wit, irony, absurdity, or comedic timing.

### Input:
yet it introduces an obvious conflict of interest.


### Response:
",No
"Even a boy can beat a man when bound.
",0,30932,"Below is an instruction that describes a sentiment analysis task.

### Instruction:
Given the following text, please determine if it should be classified as funny or not funny. Base your classification on humor elements such as wit, irony, absurdity, or comedic timing.

### Input:
Even a boy can beat a man when bound.


### Response:
",No
"Never miss a good chance to shut up. You aren't learning much when your mouth is moving.
",1,9046,"Below is an instruction that describes a sentiment analysis task.

### Instruction:
Given the following text, please determine if it should be classified as funny or not funny. Base your classification on humor elements such as wit, irony, absurdity, or comedic timing.

### Input:
Never miss a good chance to shut up. You aren't learning much when your mouth is moving.


### Response:
",No
"I took the paper from him.
",0,28233,"Below is an instruction that describes a sentiment analysis task.

### Instruction:
Given the following text, please determine if it should be classified as funny or not funny. Base your classification on humor elements such as wit, irony, absurdity, or comedic timing.

### Input:
I took the paper from him.


### Response:
",Yes
"He certainly takes a long time to make his pointless.
",1,1190,"Below is an instruction that describes a sentiment analysis task.

### Instruction:
Given the following text, please determine if it should be classified as funny or not funny. Base your classification on humor elements such as wit, irony, absurdity, or comedic timing.

### Input:
He certainly takes a long time to make his pointless.


### Response:
",Yes
"Uzbek banks say they ordered not to pay out cash.
",0,24428,"Below is an instruction that describes a sentiment analysis task.

### Instruction:
Given the following text, please determine if it should be classified as funny or not funny. Base your classification on humor elements such as wit, irony, absurdity, or comedic timing.

### Input:
Uzbek banks say they ordered not to pay out cash.


### Response:
",No
"Do subliminal(send)messages (me)really(money) work?
",1,1809,"Below is an instruction that describes a sentiment analysis task.

### Instruction:
Given the following text, please determine if it should be classified as funny or not funny. Base your classification on humor elements such as wit, irony, absurdity, or comedic timing.

### Input:
Do subliminal(send)messages (me)really(money) work?


### Response:
",No
"Windows isn't CrippleWare -- it's ""Functionally Challenged"".
",1,7439,"Below is an instruction that describes a sentiment analysis task.

### Instruction:
Given the following text, please determine if it should be classified as funny or not funny. Base your classification on humor elements such as wit, irony, absurdity, or comedic timing.

### Input:
Windows isn't CrippleWare -- it's ""Functionally Challenged"".


### Response:
",No
"There are two kinds of naval vessels: submarines and targets.
",1,934,"Below is an instruction that describes a sentiment analysis task.

### Instruction:
Given the following text, please determine if it should be classified as funny or not funny. Base your classification on humor elements such as wit, irony, absurdity, or comedic timing.

### Input:
There are two kinds of naval vessels: submarines and targets.


### Response:
",No
"Passing on curves: What a beauty-contest judge does.
",1,9364,"Below is an instruction that describes a sentiment analysis task.

### Instruction:
Given the following text, please determine if it should be classified as funny or not funny. Base your classification on humor elements such as wit, irony, absurdity, or comedic timing.

### Input:
Passing on curves: What a beauty-contest judge does.


### Response:
",No
"In recent months they have begun to tear loose from this platform.
",0,19644,"Below is an instruction that describes a sentiment analysis task.

### Instruction:
Given the following text, please determine if it should be classified as funny or not funny. Base your classification on humor elements such as wit, irony, absurdity, or comedic timing.

### Input:
In recent months they have begun to tear loose from this platform.


### Response:
",No
"To help with planting, the farmer taught his sow to sow.
",1,12095,"Below is an instruction that describes a sentiment analysis task.

### Instruction:
Given the following text, please determine if it should be classified as funny or not funny. Base your classification on humor elements such as wit, irony, absurdity, or comedic timing.

### Input:
To help with planting, the farmer taught his sow to sow.


### Response:
",Yes
"Concorde Gaming seeks to settle dispute.
",0,26568,"Below is an instruction that describes a sentiment analysis task.

### Instruction:
Given the following text, please determine if it should be classified as funny or not funny. Base your classification on humor elements such as wit, irony, absurdity, or comedic timing.

### Input:
Concorde Gaming seeks to settle dispute.


### Response:
",No
"Czech BICS100 bond index rises 0.015pts to 99.804.
",0,21467,"Below is an instruction that describes a sentiment analysis task.

### Instruction:
Given the following text, please determine if it should be classified as funny or not funny. Base your classification on humor elements such as wit, irony, absurdity, or comedic timing.

### Input:
Czech BICS100 bond index rises 0.015pts to 99.804.


### Response:
",No
"Don't judge any man until you have walked two moons in his moccasins.
",0,16731,"Below is an instruction that describes a sentiment analysis task.

### Instruction:
Given the following text, please determine if it should be classified as funny or not funny. Base your classification on humor elements such as wit, irony, absurdity, or comedic timing.

### Input:
Don't judge any man until you have walked two moons in his moccasins.


### Response:
",No
"Did you hear that Lorena Bobbitt was killed yesterday??
",1,6718,"Below is an instruction that describes a sentiment analysis task.

### Instruction:
Given the following text, please determine if it should be classified as funny or not funny. Base your classification on humor elements such as wit, irony, absurdity, or comedic timing.

### Input:
Did you hear that Lorena Bobbitt was killed yesterday??


### Response:
",Yes
"A man who prides himself on his ancestry is like the potato plant, the best part of which is underground.
",0,17508,"Below is an instruction that describes a sentiment analysis task.

### Instruction:
Given the following text, please determine if it should be classified as funny or not funny. Base your classification on humor elements such as wit, irony, absurdity, or comedic timing.

### Input:
A man who prides himself on his ancestry is like the potato plant, the best part of which is underground.


### Response:
",Yes
"Kurd rebels to free Turkish soldier prisoners.
",0,30261,"Below is an instruction that describes a sentiment analysis task.

### Instruction:
Given the following text, please determine if it should be classified as funny or not funny. Base your classification on humor elements such as wit, irony, absurdity, or comedic timing.

### Input:
Kurd rebels to free Turkish soldier prisoners.


### Response:
",No
"UK GDP data confirm twin-track economy.
",0,20921,"Below is an instruction that describes a sentiment analysis task.

### Instruction:
Given the following text, please determine if it should be classified as funny or not funny. Base your classification on humor elements such as wit, irony, absurdity, or comedic timing.

### Input:
UK GDP data confirm twin-track economy.


### Response:
",No
"I put hardwood floors on top of wall-to-wall carpet.
",1,13590,"Below is an instruction that describes a sentiment analysis task.

### Instruction:
Given the following text, please determine if it should be classified as funny or not funny. Base your classification on humor elements such as wit, irony, absurdity, or comedic timing.

### Input:
I put hardwood floors on top of wall-to-wall carpet.


### Response:
",No
"The mountains are in labour, and bring forth a mouse.
",0,21180,"Below is an instruction that describes a sentiment analysis task.

### Instruction:
Given the following text, please determine if it should be classified as funny or not funny. Base your classification on humor elements such as wit, irony, absurdity, or comedic timing.

### Input:
The mountains are in labour, and bring forth a mouse.


### Response:
",No
"Kyoritsu Air Tech -1996 parent forecast.
",0,25602,"Below is an instruction that describes a sentiment analysis task.

### Instruction:
Given the following text, please determine if it should be classified as funny or not funny. Base your classification on humor elements such as wit, irony, absurdity, or comedic timing.

### Input:
Kyoritsu Air Tech -1996 parent forecast.


### Response:
",Yes
"Christmas Eve is supposed to be a happy time, but this year it wasn't.
",1,379,"Below is an instruction that describes a sentiment analysis task.

### Instruction:
Given the following text, please determine if it should be classified as funny or not funny. Base your classification on humor elements such as wit, irony, absurdity, or comedic timing.

### Input:
Christmas Eve is supposed to be a happy time, but this year it wasn't.


### Response:
",No
"What a wonderful service they had on Christmas Eve.
",1,2110,"Below is an instruction that describes a sentiment analysis task.

### Instruction:
Given the following text, please determine if it should be classified as funny or not funny. Base your classification on humor elements such as wit, irony, absurdity, or comedic timing.

### Input:
What a wonderful service they had on Christmas Eve.


### Response:
",No
"I'll bet you I could stop gambling if you really wanted to.
",1,4127,"Below is an instruction that describes a sentiment analysis task.

### Instruction:
Given the following text, please determine if it should be classified as funny or not funny. Base your classification on humor elements such as wit, irony, absurdity, or comedic timing.

### Input:
I'll bet you I could stop gambling if you really wanted to.


### Response:
",No
"It's hard to be religious when certain people are never incinerated by bolts of lightning.
",1,341,"Below is an instruction that describes a sentiment analysis task.

### Instruction:
Given the following text, please determine if it should be classified as funny or not funny. Base your classification on humor elements such as wit, irony, absurdity, or comedic timing.

### Input:
It's hard to be religious when certain people are never incinerated by bolts of lightning.


### Response:
",Yes
"Many a man labours for the day he will never live to see.
",0,31656,"Below is an instruction that describes a sentiment analysis task.

### Instruction:
Given the following text, please determine if it should be classified as funny or not funny. Base your classification on humor elements such as wit, irony, absurdity, or comedic timing.

### Input:
Many a man labours for the day he will never live to see.


### Response:
",No
"He is not the despot portrayed in the West.
",0,17860,"Below is an instruction that describes a sentiment analysis task.

### Instruction:
Given the following text, please determine if it should be classified as funny or not funny. Base your classification on humor elements such as wit, irony, absurdity, or comedic timing.

### Input:
He is not the despot portrayed in the West.


### Response:
",No
"Love is a fire. Whether it will warm your heart or burn down your house, you can never tell.
",1,240,"Below is an instruction that describes a sentiment analysis task.

### Instruction:
Given the following text, please determine if it should be classified as funny or not funny. Base your classification on humor elements such as wit, irony, absurdity, or comedic timing.

### Input:
Love is a fire. Whether it will warm your heart or burn down your house, you can never tell.


### Response:
",No
"Be it better, be it worse, Be ruled by him that bears the purse.
",0,28083,"Below is an instruction that describes a sentiment analysis task.

### Instruction:
Given the following text, please determine if it should be classified as funny or not funny. Base your classification on humor elements such as wit, irony, absurdity, or comedic timing.

### Input:
Be it better, be it worse, Be ruled by him that bears the purse.


### Response:
",No
"Riches are but the baggage of fortune.
",0,29473,"Below is an instruction that describes a sentiment analysis task.

### Instruction:
Given the following text, please determine if it should be classified as funny or not funny. Base your classification on humor elements such as wit, irony, absurdity, or comedic timing.

### Input:
Riches are but the baggage of fortune.


### Response:
",No
"Put your hand quickly to your hat, and slowly in your purse, and you will take no harm.
",0,24606,"Below is an instruction that describes a sentiment analysis task.

### Instruction:
Given the following text, please determine if it should be classified as funny or not funny. Base your classification on humor elements such as wit, irony, absurdity, or comedic timing.

### Input:
Put your hand quickly to your hat, and slowly in your purse, and you will take no harm.


### Response:
",No
"How can you identify Dolly Parton's kids at a party?
",1,5211,"Below is an instruction that describes a sentiment analysis task.

### Instruction:
Given the following text, please determine if it should be classified as funny or not funny. Base your classification on humor elements such as wit, irony, absurdity, or comedic timing.

### Input:
How can you identify Dolly Parton's kids at a party?


### Response:
",Yes
"Better small fish than an empty dish.
",0,31086,"Below is an instruction that describes a sentiment analysis task.

### Instruction:
Given the following text, please determine if it should be classified as funny or not funny. Base your classification on humor elements such as wit, irony, absurdity, or comedic timing.

### Input:
Better small fish than an empty dish.


### Response:
",No
"If things improve with age, I'm nearly magnificent.
",1,1543,"Below is an instruction that describes a sentiment analysis task.

### Instruction:
Given the following text, please determine if it should be classified as funny or not funny. Base your classification on humor elements such as wit, irony, absurdity, or comedic timing.

### Input:
If things improve with age, I'm nearly magnificent.


### Response:
",No
"That encompasses what we are trying to achieve.
",0,26759,"Below is an instruction that describes a sentiment analysis task.

### Instruction:
Given the following text, please determine if it should be classified as funny or not funny. Base your classification on humor elements such as wit, irony, absurdity, or comedic timing.

### Input:
That encompasses what we are trying to achieve.


### Response:
",No
"People tend to make rules for others and exceptions for themselves.
",1,10748,"Below is an instruction that describes a sentiment analysis task.

### Instruction:
Given the following text, please determine if it should be classified as funny or not funny. Base your classification on humor elements such as wit, irony, absurdity, or comedic timing.

### Input:
People tend to make rules for others and exceptions for themselves.


### Response:
",No
"Policies may be understood as being interlocked with other policies.
",0,20136,"Below is an instruction that describes a sentiment analysis task.

### Instruction:
Given the following text, please determine if it should be classified as funny or not funny. Base your classification on humor elements such as wit, irony, absurdity, or comedic timing.

### Input:
Policies may be understood as being interlocked with other policies.


### Response:
",No
"Cleveland, Ohio, parking repriced, restructured.
",0,23078,"Below is an instruction that describes a sentiment analysis task.

### Instruction:
Given the following text, please determine if it should be classified as funny or not funny. Base your classification on humor elements such as wit, irony, absurdity, or comedic timing.

### Input:
Cleveland, Ohio, parking repriced, restructured.


### Response:
",Yes
"Chess-Karpov to take on world in Internet chess game.
",0,25335,"Below is an instruction that describes a sentiment analysis task.

### Instruction:
Given the following text, please determine if it should be classified as funny or not funny. Base your classification on humor elements such as wit, irony, absurdity, or comedic timing.

### Input:
Chess-Karpov to take on world in Internet chess game.


### Response:
",No
"Urban villages can still be found in some parts of Britain.
",0,30438,"Below is an instruction that describes a sentiment analysis task.

### Instruction:
Given the following text, please determine if it should be classified as funny or not funny. Base your classification on humor elements such as wit, irony, absurdity, or comedic timing.

### Input:
Urban villages can still be found in some parts of Britain.


### Response:
",No
"Truth seeks no corners.
",0,30473,"Below is an instruction that describes a sentiment analysis task.

### Instruction:
Given the following text, please determine if it should be classified as funny or not funny. Base your classification on humor elements such as wit, irony, absurdity, or comedic timing.

### Input:
Truth seeks no corners.


### Response:
",No
"The king can do no wrong.
",0,30308,"Below is an instruction that describes a sentiment analysis task.

### Instruction:
Given the following text, please determine if it should be classified as funny or not funny. Base your classification on humor elements such as wit, irony, absurdity, or comedic timing.

### Input:
The king can do no wrong.


### Response:
",No
"You feel like you've gotten a good deal if you didn't pay tax.
",1,3544,"Below is an instruction that describes a sentiment analysis task.

### Instruction:
Given the following text, please determine if it should be classified as funny or not funny. Base your classification on humor elements such as wit, irony, absurdity, or comedic timing.

### Input:
You feel like you've gotten a good deal if you didn't pay tax.


### Response:
",No
"When is summer in Canada? Last year it was a Tuesday in July.
",1,11631,"Below is an instruction that describes a sentiment analysis task.

### Instruction:
Given the following text, please determine if it should be classified as funny or not funny. Base your classification on humor elements such as wit, irony, absurdity, or comedic timing.

### Input:
When is summer in Canada? Last year it was a Tuesday in July.


### Response:
",Yes
"Asiamatrix sells lease, equipment.
",0,21519,"Below is an instruction that describes a sentiment analysis task.

### Instruction:
Given the following text, please determine if it should be classified as funny or not funny. Base your classification on humor elements such as wit, irony, absurdity, or comedic timing.

### Input:
Asiamatrix sells lease, equipment.


### Response:
",No
"RTRS-Howard sees budget surplus 98/99, 99/00.
",0,23235,"Below is an instruction that describes a sentiment analysis task.

### Instruction:
Given the following text, please determine if it should be classified as funny or not funny. Base your classification on humor elements such as wit, irony, absurdity, or comedic timing.

### Input:
RTRS-Howard sees budget surplus 98/99, 99/00.


### Response:
",No
"Dogs bark at hose they don't know.
",0,17246,"Below is an instruction that describes a sentiment analysis task.

### Instruction:
Given the following text, please determine if it should be classified as funny or not funny. Base your classification on humor elements such as wit, irony, absurdity, or comedic timing.

### Input:
Dogs bark at hose they don't know.


### Response:
",Yes
"I live in a quiet neighborhood - they use silencers.
",1,11413,"Below is an instruction that describes a sentiment analysis task.

### Instruction:
Given the following text, please determine if it should be classified as funny or not funny. Base your classification on humor elements such as wit, irony, absurdity, or comedic timing.

### Input:
I live in a quiet neighborhood - they use silencers.


### Response:
",Yes
"You can't help the poor man by destroying the rich.
",1,14296,"Below is an instruction that describes a sentiment analysis task.

### Instruction:
Given the following text, please determine if it should be classified as funny or not funny. Base your classification on humor elements such as wit, irony, absurdity, or comedic timing.

### Input:
You can't help the poor man by destroying the rich.


### Response:
",No
"Total cuts crude runs at two French refineries.
",0,16293,"Below is an instruction that describes a sentiment analysis task.

### Instruction:
Given the following text, please determine if it should be classified as funny or not funny. Base your classification on humor elements such as wit, irony, absurdity, or comedic timing.

### Input:
Total cuts crude runs at two French refineries.


### Response:
",No
"Lost interest? It's so bad I've even lost apathy!
",1,15423,"Below is an instruction that describes a sentiment analysis task.

### Instruction:
Given the following text, please determine if it should be classified as funny or not funny. Base your classification on humor elements such as wit, irony, absurdity, or comedic timing.

### Input:
Lost interest? It's so bad I've even lost apathy!


### Response:
",Yes
"RTRS-Caution culls Australia stocks gains by close.
",0,30460,"Below is an instruction that describes a sentiment analysis task.

### Instruction:
Given the following text, please determine if it should be classified as funny or not funny. Base your classification on humor elements such as wit, irony, absurdity, or comedic timing.

### Input:
RTRS-Caution culls Australia stocks gains by close.


### Response:
",No
"Seeing is believing.
",0,23806,"Below is an instruction that describes a sentiment analysis task.

### Instruction:
Given the following text, please determine if it should be classified as funny or not funny. Base your classification on humor elements such as wit, irony, absurdity, or comedic timing.

### Input:
Seeing is believing.


### Response:
",No
"It will search all my pages on the word or words you are looking for.
",1,6084,"Below is an instruction that describes a sentiment analysis task.

### Instruction:
Given the following text, please determine if it should be classified as funny or not funny. Base your classification on humor elements such as wit, irony, absurdity, or comedic timing.

### Input:
It will search all my pages on the word or words you are looking for.


### Response:
",No
"Mavesa seeks exchange listing for ADR.
",0,16993,"Below is an instruction that describes a sentiment analysis task.

### Instruction:
Given the following text, please determine if it should be classified as funny or not funny. Base your classification on humor elements such as wit, irony, absurdity, or comedic timing.

### Input:
Mavesa seeks exchange listing for ADR.


### Response:
",No
"The Attorney General's office said: They will be answered by the appropriate minister.
",0,23399,"Below is an instruction that describes a sentiment analysis task.

### Instruction:
Given the following text, please determine if it should be classified as funny or not funny. Base your classification on humor elements such as wit, irony, absurdity, or comedic timing.

### Input:
The Attorney General's office said: They will be answered by the appropriate minister.


### Response:
",No
"A liberal's generosity is limited only by your income.
",1,13764,"Below is an instruction that describes a sentiment analysis task.

### Instruction:
Given the following text, please determine if it should be classified as funny or not funny. Base your classification on humor elements such as wit, irony, absurdity, or comedic timing.

### Input:
A liberal's generosity is limited only by your income.


### Response:
",No
"I am willing to make the mistakes if someone else is willing to learn from them.
",1,1174,"Below is an instruction that describes a sentiment analysis task.

### Instruction:
Given the following text, please determine if it should be classified as funny or not funny. Base your classification on humor elements such as wit, irony, absurdity, or comedic timing.

### Input:
I am willing to make the mistakes if someone else is willing to learn from them.


### Response:
",No
"How come toy hippos are always blue, or purple, when real hippos are brown?
",1,11193,"Below is an instruction that describes a sentiment analysis task.

### Instruction:
Given the following text, please determine if it should be classified as funny or not funny. Base your classification on humor elements such as wit, irony, absurdity, or comedic timing.

### Input:
How come toy hippos are always blue, or purple, when real hippos are brown?


### Response:
",No
"Life is like an onion. You peel it off layer by layer and sometimes you cry.
",1,6706,"Below is an instruction that describes a sentiment analysis task.

### Instruction:
Given the following text, please determine if it should be classified as funny or not funny. Base your classification on humor elements such as wit, irony, absurdity, or comedic timing.

### Input:
Life is like an onion. You peel it off layer by layer and sometimes you cry.


### Response:
",No
"A replacement was approved and shooting finally went ahead.
",0,19743,"Below is an instruction that describes a sentiment analysis task.

### Instruction:
Given the following text, please determine if it should be classified as funny or not funny. Base your classification on humor elements such as wit, irony, absurdity, or comedic timing.

### Input:
A replacement was approved and shooting finally went ahead.


### Response:
",No
"An interesting compilation of stuff famous people said.
",1,11229,"Below is an instruction that describes a sentiment analysis task.

### Instruction:
Given the following text, please determine if it should be classified as funny or not funny. Base your classification on humor elements such as wit, irony, absurdity, or comedic timing.

### Input:
An interesting compilation of stuff famous people said.


### Response:
",No
"A friend is a person with whom you dare to be yourself.
",1,2862,"Below is an instruction that describes a sentiment analysis task.

### Instruction:
Given the following text, please determine if it should be classified as funny or not funny. Base your classification on humor elements such as wit, irony, absurdity, or comedic timing.

### Input:
A friend is a person with whom you dare to be yourself.


### Response:
",No
"Unknown error on unidentifiable device for inexplicable reasons.
",1,7254,"Below is an instruction that describes a sentiment analysis task.

### Instruction:
Given the following text, please determine if it should be classified as funny or not funny. Base your classification on humor elements such as wit, irony, absurdity, or comedic timing.

### Input:
Unknown error on unidentifiable device for inexplicable reasons.


### Response:
",Yes
"Error: Please check the integrity of the universe. Pi does not appear to be equal to 3.1415926535....
",1,12864,"Below is an instruction that describes a sentiment analysis task.

### Instruction:
Given the following text, please determine if it should be classified as funny or not funny. Base your classification on humor elements such as wit, irony, absurdity, or comedic timing.

### Input:
Error: Please check the integrity of the universe. Pi does not appear to be equal to 3.1415926535....


### Response:
",Yes
"He said ... Why don't you tell me when you have an orgasm?
",1,8065,"Below is an instruction that describes a sentiment analysis task.

### Instruction:
Given the following text, please determine if it should be classified as funny or not funny. Base your classification on humor elements such as wit, irony, absurdity, or comedic timing.

### Input:
He said ... Why don't you tell me when you have an orgasm?


### Response:
",No
"Those who like sausage or political policy should not watch it being made.
",1,3728,"Below is an instruction that describes a sentiment analysis task.

### Instruction:
Given the following text, please determine if it should be classified as funny or not funny. Base your classification on humor elements such as wit, irony, absurdity, or comedic timing.

### Input:
Those who like sausage or political policy should not watch it being made.


### Response:
",No
"In Hawaiian, does it take more than three words to say ""I love you""?
",1,8791,"Below is an instruction that describes a sentiment analysis task.

### Instruction:
Given the following text, please determine if it should be classified as funny or not funny. Base your classification on humor elements such as wit, irony, absurdity, or comedic timing.

### Input:
In Hawaiian, does it take more than three words to say ""I love you""?


### Response:
",No
"If you pay not a servant his wages, he will pay himself.
",0,24732,"Below is an instruction that describes a sentiment analysis task.

### Instruction:
Given the following text, please determine if it should be classified as funny or not funny. Base your classification on humor elements such as wit, irony, absurdity, or comedic timing.

### Input:
If you pay not a servant his wages, he will pay himself.


### Response:
",No
"Away with grieving, only fit for women.
",0,30080,"Below is an instruction that describes a sentiment analysis task.

### Instruction:
Given the following text, please determine if it should be classified as funny or not funny. Base your classification on humor elements such as wit, irony, absurdity, or comedic timing.

### Input:
Away with grieving, only fit for women.


### Response:
",No
"While two dogs are fighting for a bone, a third runs away with it.
",0,31192,"Below is an instruction that describes a sentiment analysis task.

### Instruction:
Given the following text, please determine if it should be classified as funny or not funny. Base your classification on humor elements such as wit, irony, absurdity, or comedic timing.

### Input:
While two dogs are fighting for a bone, a third runs away with it.


### Response:
",No
"Good: Your neighbor exercises in the nude. Bad: He weighs 350 pounds.
",1,1132,"Below is an instruction that describes a sentiment analysis task.

### Instruction:
Given the following text, please determine if it should be classified as funny or not funny. Base your classification on humor elements such as wit, irony, absurdity, or comedic timing.

### Input:
Good: Your neighbor exercises in the nude. Bad: He weighs 350 pounds.


### Response:
",No
"Windows Multitasking: screwing up several things at once .
",1,1319,"Below is an instruction that describes a sentiment analysis task.

### Instruction:
Given the following text, please determine if it should be classified as funny or not funny. Base your classification on humor elements such as wit, irony, absurdity, or comedic timing.

### Input:
Windows Multitasking: screwing up several things at once .


### Response:
",Yes
"She kept saying I didn't listen to her, or something like that.
",1,1730,"Below is an instruction that describes a sentiment analysis task.

### Instruction:
Given the following text, please determine if it should be classified as funny or not funny. Base your classification on humor elements such as wit, irony, absurdity, or comedic timing.

### Input:
She kept saying I didn't listen to her, or something like that.


### Response:
",No
"Do not ask questions of fairy tales.
",0,31400,"Below is an instruction that describes a sentiment analysis task.

### Instruction:
Given the following text, please determine if it should be classified as funny or not funny. Base your classification on humor elements such as wit, irony, absurdity, or comedic timing.

### Input:
Do not ask questions of fairy tales.


### Response:
",Yes
"Larry LaPrise, the Detroit native who wrote the song Hokey Pokey died at age 83.
",1,5511,"Below is an instruction that describes a sentiment analysis task.

### Instruction:
Given the following text, please determine if it should be classified as funny or not funny. Base your classification on humor elements such as wit, irony, absurdity, or comedic timing.

### Input:
Larry LaPrise, the Detroit native who wrote the song Hokey Pokey died at age 83.


### Response:
",No
"Tractor pulls: for people who can't understand wrestling.
",1,11860,"Below is an instruction that describes a sentiment analysis task.

### Instruction:
Given the following text, please determine if it should be classified as funny or not funny. Base your classification on humor elements such as wit, irony, absurdity, or comedic timing.

### Input:
Tractor pulls: for people who can't understand wrestling.


### Response:
",Yes
"It is camaraderie on the most ordinary level.
",0,26073,"Below is an instruction that describes a sentiment analysis task.

### Instruction:
Given the following text, please determine if it should be classified as funny or not funny. Base your classification on humor elements such as wit, irony, absurdity, or comedic timing.

### Input:
It is camaraderie on the most ordinary level.


### Response:
",No
"Rochester NY Ginna nuke back to full power.
",0,26924,"Below is an instruction that describes a sentiment analysis task.

### Instruction:
Given the following text, please determine if it should be classified as funny or not funny. Base your classification on humor elements such as wit, irony, absurdity, or comedic timing.

### Input:
Rochester NY Ginna nuke back to full power.


### Response:
",Yes
"The eyes believe themselves; the ears believe other people.
",0,22394,"Below is an instruction that describes a sentiment analysis task.

### Instruction:
Given the following text, please determine if it should be classified as funny or not funny. Base your classification on humor elements such as wit, irony, absurdity, or comedic timing.

### Input:
The eyes believe themselves; the ears believe other people.


### Response:
",No
"I am Stoned of Borg! Resistance is like, like, I forget.
",1,4807,"Below is an instruction that describes a sentiment analysis task.

### Instruction:
Given the following text, please determine if it should be classified as funny or not funny. Base your classification on humor elements such as wit, irony, absurdity, or comedic timing.

### Input:
I am Stoned of Borg! Resistance is like, like, I forget.


### Response:
",Yes
"Having reached that stage, from now on it really is up to you.
",0,29203,"Below is an instruction that describes a sentiment analysis task.

### Instruction:
Given the following text, please determine if it should be classified as funny or not funny. Base your classification on humor elements such as wit, irony, absurdity, or comedic timing.

### Input:
Having reached that stage, from now on it really is up to you.


### Response:
",No
"Words are not food, though sometimes we must eat them.
",1,4183,"Below is an instruction that describes a sentiment analysis task.

### Instruction:
Given the following text, please determine if it should be classified as funny or not funny. Base your classification on humor elements such as wit, irony, absurdity, or comedic timing.

### Input:
Words are not food, though sometimes we must eat them.


### Response:
",No
"I did not cross the road with THAT chicken. What do you mean by chicken? Could you define chicken, please?
",1,12016,"Below is an instruction that describes a sentiment analysis task.

### Instruction:
Given the following text, please determine if it should be classified as funny or not funny. Base your classification on humor elements such as wit, irony, absurdity, or comedic timing.

### Input:
I did not cross the road with THAT chicken. What do you mean by chicken? Could you define chicken, please?


### Response:
",Yes
"From the boat we get to the ship.
",0,23622,"Below is an instruction that describes a sentiment analysis task.

### Instruction:
Given the following text, please determine if it should be classified as funny or not funny. Base your classification on humor elements such as wit, irony, absurdity, or comedic timing.

### Input:
From the boat we get to the ship.


### Response:
",No
"Why was the man arrested for waiting in the Big Top? He was loitering within tent.
",1,11888,"Below is an instruction that describes a sentiment analysis task.

### Instruction:
Given the following text, please determine if it should be classified as funny or not funny. Base your classification on humor elements such as wit, irony, absurdity, or comedic timing.

### Input:
Why was the man arrested for waiting in the Big Top? He was loitering within tent.


### Response:
",Yes
"CRICKET-ENGLISH COUNTY CHAMPIONSHIP STANDINGS.
",0,31157,"Below is an instruction that describes a sentiment analysis task.

### Instruction:
Given the following text, please determine if it should be classified as funny or not funny. Base your classification on humor elements such as wit, irony, absurdity, or comedic timing.

### Input:
CRICKET-ENGLISH COUNTY CHAMPIONSHIP STANDINGS.


### Response:
",No
"What I'd settle for is WYAFIWYG - ""What You Ask For Is What You Get"".
",1,8847,"Below is an instruction that describes a sentiment analysis task.

### Instruction:
Given the following text, please determine if it should be classified as funny or not funny. Base your classification on humor elements such as wit, irony, absurdity, or comedic timing.

### Input:
What I'd settle for is WYAFIWYG - ""What You Ask For Is What You Get"".


### Response:
",No
"What? And lose all the money I've invested in running personal ads?
",1,3930,"Below is an instruction that describes a sentiment analysis task.

### Instruction:
Given the following text, please determine if it should be classified as funny or not funny. Base your classification on humor elements such as wit, irony, absurdity, or comedic timing.

### Input:
What? And lose all the money I've invested in running personal ads?


### Response:
",Yes
"When a wife was asked: What book do you like the best?
",1,22,"Below is an instruction that describes a sentiment analysis task.

### Instruction:
Given the following text, please determine if it should be classified as funny or not funny. Base your classification on humor elements such as wit, irony, absurdity, or comedic timing.

### Input:
When a wife was asked: What book do you like the best?


### Response:
",No
"To spot the expert, pick the one who predicts the job will take the longest and cost the most.
",1,9660,"Below is an instruction that describes a sentiment analysis task.

### Instruction:
Given the following text, please determine if it should be classified as funny or not funny. Base your classification on humor elements such as wit, irony, absurdity, or comedic timing.

### Input:
To spot the expert, pick the one who predicts the job will take the longest and cost the most.


### Response:
",No
"Cairo conference may not take place -- paper.
",0,18952,"Below is an instruction that describes a sentiment analysis task.

### Instruction:
Given the following text, please determine if it should be classified as funny or not funny. Base your classification on humor elements such as wit, irony, absurdity, or comedic timing.

### Input:
Cairo conference may not take place -- paper.


### Response:
",No
"Perseverance is getting on with the job when you know it's impossible.
",1,12530,"Below is an instruction that describes a sentiment analysis task.

### Instruction:
Given the following text, please determine if it should be classified as funny or not funny. Base your classification on humor elements such as wit, irony, absurdity, or comedic timing.

### Input:
Perseverance is getting on with the job when you know it's impossible.


### Response:
",No
"At some point, treatment becomes futile.
",0,30452,"Below is an instruction that describes a sentiment analysis task.

### Instruction:
Given the following text, please determine if it should be classified as funny or not funny. Base your classification on humor elements such as wit, irony, absurdity, or comedic timing.

### Input:
At some point, treatment becomes futile.


### Response:
",No
"I bet you have never seen a plumber bite his nails.
",1,5857,"Below is an instruction that describes a sentiment analysis task.

### Instruction:
Given the following text, please determine if it should be classified as funny or not funny. Base your classification on humor elements such as wit, irony, absurdity, or comedic timing.

### Input:
I bet you have never seen a plumber bite his nails.


### Response:
",Yes
"Before you meet any handsome prince, you have to kiss a lot of toads.
",1,773,"Below is an instruction that describes a sentiment analysis task.

### Instruction:
Given the following text, please determine if it should be classified as funny or not funny. Base your classification on humor elements such as wit, irony, absurdity, or comedic timing.

### Input:
Before you meet any handsome prince, you have to kiss a lot of toads.


### Response:
",No
"Who's bigger? Mr. Bigger or Mr. Bigger's baby! Mr. Bigger's baby because he is a little bigger!
",1,7965,"Below is an instruction that describes a sentiment analysis task.

### Instruction:
Given the following text, please determine if it should be classified as funny or not funny. Base your classification on humor elements such as wit, irony, absurdity, or comedic timing.

### Input:
Who's bigger? Mr. Bigger or Mr. Bigger's baby! Mr. Bigger's baby because he is a little bigger!


### Response:
",Yes
"Soak up some inspiration for your bathroom
",0,24490,"Below is an instruction that describes a sentiment analysis task.

### Instruction:
Given the following text, please determine if it should be classified as funny or not funny. Base your classification on humor elements such as wit, irony, absurdity, or comedic timing.

### Input:
Soak up some inspiration for your bathroom


### Response:
",No
"The three Islands Authorities have been controlled by Independents since their formation in 1975.
",0,23521,"Below is an instruction that describes a sentiment analysis task.

### Instruction:
Given the following text, please determine if it should be classified as funny or not funny. Base your classification on humor elements such as wit, irony, absurdity, or comedic timing.

### Input:
The three Islands Authorities have been controlled by Independents since their formation in 1975.


### Response:
",No
"Seminar on Time Travel to be held two weeks ago. The psychic group, you know where, you know when.
",1,9757,"Below is an instruction that describes a sentiment analysis task.

### Instruction:
Given the following text, please determine if it should be classified as funny or not funny. Base your classification on humor elements such as wit, irony, absurdity, or comedic timing.

### Input:
Seminar on Time Travel to be held two weeks ago. The psychic group, you know where, you know when.


### Response:
",Yes
"You know it's going to be a bad day when... Your twin sister forgot your birthday.
",1,10105,"Below is an instruction that describes a sentiment analysis task.

### Instruction:
Given the following text, please determine if it should be classified as funny or not funny. Base your classification on humor elements such as wit, irony, absurdity, or comedic timing.

### Input:
You know it's going to be a bad day when... Your twin sister forgot your birthday.


### Response:
",No
"You can have too much of a good thing.
",0,22363,"Below is an instruction that describes a sentiment analysis task.

### Instruction:
Given the following text, please determine if it should be classified as funny or not funny. Base your classification on humor elements such as wit, irony, absurdity, or comedic timing.

### Input:
You can have too much of a good thing.


### Response:
",No
"My dick is 12 inches long but I dont tend to use it as a rule.
",1,11220,"Below is an instruction that describes a sentiment analysis task.

### Instruction:
Given the following text, please determine if it should be classified as funny or not funny. Base your classification on humor elements such as wit, irony, absurdity, or comedic timing.

### Input:
My dick is 12 inches long but I dont tend to use it as a rule.


### Response:
",Yes
"There is no such thing as a cloudy sky when your unit needs to infiltrate enemy territory.
",1,1085,"Below is an instruction that describes a sentiment analysis task.

### Instruction:
Given the following text, please determine if it should be classified as funny or not funny. Base your classification on humor elements such as wit, irony, absurdity, or comedic timing.

### Input:
There is no such thing as a cloudy sky when your unit needs to infiltrate enemy territory.


### Response:
",No
"On a front door: Everyone on the premises is a vegetarian except the dog.
",1,8431,"Below is an instruction that describes a sentiment analysis task.

### Instruction:
Given the following text, please determine if it should be classified as funny or not funny. Base your classification on humor elements such as wit, irony, absurdity, or comedic timing.

### Input:
On a front door: Everyone on the premises is a vegetarian except the dog.


### Response:
",Yes
"Philippine latest census shows population 68 mln.
",0,26224,"Below is an instruction that describes a sentiment analysis task.

### Instruction:
Given the following text, please determine if it should be classified as funny or not funny. Base your classification on humor elements such as wit, irony, absurdity, or comedic timing.

### Input:
Philippine latest census shows population 68 mln.


### Response:
",No
"It's as easy as 3.14159265358979323846264338327950...
",1,12327,"Below is an instruction that describes a sentiment analysis task.

### Instruction:
Given the following text, please determine if it should be classified as funny or not funny. Base your classification on humor elements such as wit, irony, absurdity, or comedic timing.

### Input:
It's as easy as 3.14159265358979323846264338327950...


### Response:
",Yes
"It could be a joint development or a pricey investment by a third party.
",0,18684,"Below is an instruction that describes a sentiment analysis task.

### Instruction:
Given the following text, please determine if it should be classified as funny or not funny. Base your classification on humor elements such as wit, irony, absurdity, or comedic timing.

### Input:
It could be a joint development or a pricey investment by a third party.


### Response:
",No
"In a smith's house the knife is wooden.
",0,26542,"Below is an instruction that describes a sentiment analysis task.

### Instruction:
Given the following text, please determine if it should be classified as funny or not funny. Base your classification on humor elements such as wit, irony, absurdity, or comedic timing.

### Input:
In a smith's house the knife is wooden.


### Response:
",No
"His First Poems has been reprinted by Yale University, New York.
",0,19536,"Below is an instruction that describes a sentiment analysis task.

### Instruction:
Given the following text, please determine if it should be classified as funny or not funny. Base your classification on humor elements such as wit, irony, absurdity, or comedic timing.

### Input:
His First Poems has been reprinted by Yale University, New York.


### Response:
",No
"This was my last formal association with Harold Wilson.
",0,24590,"Below is an instruction that describes a sentiment analysis task.

### Instruction:
Given the following text, please determine if it should be classified as funny or not funny. Base your classification on humor elements such as wit, irony, absurdity, or comedic timing.

### Input:
This was my last formal association with Harold Wilson.


### Response:
",No
"Four color theorem: Leonardo could have painted the Mona Lisa with only four colors.
",1,5609,"Below is an instruction that describes a sentiment analysis task.

### Instruction:
Given the following text, please determine if it should be classified as funny or not funny. Base your classification on humor elements such as wit, irony, absurdity, or comedic timing.

### Input:
Four color theorem: Leonardo could have painted the Mona Lisa with only four colors.


### Response:
",No
"Then you can have some fun, my son,
",0,24258,"Below is an instruction that describes a sentiment analysis task.

### Instruction:
Given the following text, please determine if it should be classified as funny or not funny. Base your classification on humor elements such as wit, irony, absurdity, or comedic timing.

### Input:
Then you can have some fun, my son,


### Response:
",No
"Port of Tauranga sees slower trade growth.
",0,30541,"Below is an instruction that describes a sentiment analysis task.

### Instruction:
Given the following text, please determine if it should be classified as funny or not funny. Base your classification on humor elements such as wit, irony, absurdity, or comedic timing.

### Input:
Port of Tauranga sees slower trade growth.


### Response:
",No
"They couldn't repair my brakes, so they made my horn louder.
",1,8603,"Below is an instruction that describes a sentiment analysis task.

### Instruction:
Given the following text, please determine if it should be classified as funny or not funny. Base your classification on humor elements such as wit, irony, absurdity, or comedic timing.

### Input:
They couldn't repair my brakes, so they made my horn louder.


### Response:
",No
"There's nothing wrong in being dumb, only in staying that way.
",1,2738,"Below is an instruction that describes a sentiment analysis task.

### Instruction:
Given the following text, please determine if it should be classified as funny or not funny. Base your classification on humor elements such as wit, irony, absurdity, or comedic timing.

### Input:
There's nothing wrong in being dumb, only in staying that way.


### Response:
",No
"Don't stop the way of a bull or of a current of air.
",0,17182,"Below is an instruction that describes a sentiment analysis task.

### Instruction:
Given the following text, please determine if it should be classified as funny or not funny. Base your classification on humor elements such as wit, irony, absurdity, or comedic timing.

### Input:
Don't stop the way of a bull or of a current of air.


### Response:
",No
"Am I good at delegating? You Bet! I always find someone to blame!
",1,5461,"Below is an instruction that describes a sentiment analysis task.

### Instruction:
Given the following text, please determine if it should be classified as funny or not funny. Base your classification on humor elements such as wit, irony, absurdity, or comedic timing.

### Input:
Am I good at delegating? You Bet! I always find someone to blame!


### Response:
",Yes
"Morrison Knudsen reorganization plan.
",0,23831,"Below is an instruction that describes a sentiment analysis task.

### Instruction:
Given the following text, please determine if it should be classified as funny or not funny. Base your classification on humor elements such as wit, irony, absurdity, or comedic timing.

### Input:
Morrison Knudsen reorganization plan.


### Response:
",No
"Think well of all men.
",0,23949,"Below is an instruction that describes a sentiment analysis task.

### Instruction:
Given the following text, please determine if it should be classified as funny or not funny. Base your classification on humor elements such as wit, irony, absurdity, or comedic timing.

### Input:
Think well of all men.


### Response:
",No
"I am McMahon of Borg. You may already be assimilated.
",1,1513,"Below is an instruction that describes a sentiment analysis task.

### Instruction:
Given the following text, please determine if it should be classified as funny or not funny. Base your classification on humor elements such as wit, irony, absurdity, or comedic timing.

### Input:
I am McMahon of Borg. You may already be assimilated.


### Response:
",Yes
"Have you ever felt like a eucalyptus tree in a koala feeding frenzy?
",1,14334,"Below is an instruction that describes a sentiment analysis task.

### Instruction:
Given the following text, please determine if it should be classified as funny or not funny. Base your classification on humor elements such as wit, irony, absurdity, or comedic timing.

### Input:
Have you ever felt like a eucalyptus tree in a koala feeding frenzy?


### Response:
",Yes
"Why did they have to call off the lepers hockey game?
",1,5345,"Below is an instruction that describes a sentiment analysis task.

### Instruction:
Given the following text, please determine if it should be classified as funny or not funny. Base your classification on humor elements such as wit, irony, absurdity, or comedic timing.

### Input:
Why did they have to call off the lepers hockey game?


### Response:
",Yes
"RTRS-Pioneer sees 1997 housing recovery.
",0,27199,"Below is an instruction that describes a sentiment analysis task.

### Instruction:
Given the following text, please determine if it should be classified as funny or not funny. Base your classification on humor elements such as wit, irony, absurdity, or comedic timing.

### Input:
RTRS-Pioneer sees 1997 housing recovery.


### Response:
",No
"NEWSFLASH - Earthquake in Pakistan...20,000 dead...US sending cash, Australia sending food, Britain sending replacement Pakis.
",1,5322,"Below is an instruction that describes a sentiment analysis task.

### Instruction:
Given the following text, please determine if it should be classified as funny or not funny. Base your classification on humor elements such as wit, irony, absurdity, or comedic timing.

### Input:
NEWSFLASH - Earthquake in Pakistan...20,000 dead...US sending cash, Australia sending food, Britain sending replacement Pakis.


### Response:
",Yes
"RTRS-Howard says Australia budget checks inflation.
",0,16361,"Below is an instruction that describes a sentiment analysis task.

### Instruction:
Given the following text, please determine if it should be classified as funny or not funny. Base your classification on humor elements such as wit, irony, absurdity, or comedic timing.

### Input:
RTRS-Howard says Australia budget checks inflation.


### Response:
",No
"Theyre not cheap, but when you get them home they blow themselves up.
",1,8097,"Below is an instruction that describes a sentiment analysis task.

### Instruction:
Given the following text, please determine if it should be classified as funny or not funny. Base your classification on humor elements such as wit, irony, absurdity, or comedic timing.

### Input:
Theyre not cheap, but when you get them home they blow themselves up.


### Response:
",Yes
"Venezuela bolivar firms on cenbank dollar sales.
",0,21022,"Below is an instruction that describes a sentiment analysis task.

### Instruction:
Given the following text, please determine if it should be classified as funny or not funny. Base your classification on humor elements such as wit, irony, absurdity, or comedic timing.

### Input:
Venezuela bolivar firms on cenbank dollar sales.


### Response:
",No
"How many letters in the Alphabet? 19, cuz ET went home on a UFO and the FBI went after him.
",1,5354,"Below is an instruction that describes a sentiment analysis task.

### Instruction:
Given the following text, please determine if it should be classified as funny or not funny. Base your classification on humor elements such as wit, irony, absurdity, or comedic timing.

### Input:
How many letters in the Alphabet? 19, cuz ET went home on a UFO and the FBI went after him.


### Response:
",Yes
"Female. .. because they always go to the bathroom in pairs.
",1,4247,"Below is an instruction that describes a sentiment analysis task.

### Instruction:
Given the following text, please determine if it should be classified as funny or not funny. Base your classification on humor elements such as wit, irony, absurdity, or comedic timing.

### Input:
Female. .. because they always go to the bathroom in pairs.


### Response:
",Yes
"Accept than some days you're the pigeon, and some days you're the statue.
",1,3919,"Below is an instruction that describes a sentiment analysis task.

### Instruction:
Given the following text, please determine if it should be classified as funny or not funny. Base your classification on humor elements such as wit, irony, absurdity, or comedic timing.

### Input:
Accept than some days you're the pigeon, and some days you're the statue.


### Response:
",No
"He was a lovable, eccentric man.
",0,23022,"Below is an instruction that describes a sentiment analysis task.

### Instruction:
Given the following text, please determine if it should be classified as funny or not funny. Base your classification on humor elements such as wit, irony, absurdity, or comedic timing.

### Input:
He was a lovable, eccentric man.


### Response:
",No
"Do when ye may, or suffer ye the nay, in love 'tis the way.
",0,26373,"Below is an instruction that describes a sentiment analysis task.

### Instruction:
Given the following text, please determine if it should be classified as funny or not funny. Base your classification on humor elements such as wit, irony, absurdity, or comedic timing.

### Input:
Do when ye may, or suffer ye the nay, in love 'tis the way.


### Response:
",No
"Give him a penny for him thoughts, you'll get change.
",1,13396,"Below is an instruction that describes a sentiment analysis task.

### Instruction:
Given the following text, please determine if it should be classified as funny or not funny. Base your classification on humor elements such as wit, irony, absurdity, or comedic timing.

### Input:
Give him a penny for him thoughts, you'll get change.


### Response:
",Yes
"Even if the early bird gets the worm, the second mouse gets the cheese.
",1,8136,"Below is an instruction that describes a sentiment analysis task.

### Instruction:
Given the following text, please determine if it should be classified as funny or not funny. Base your classification on humor elements such as wit, irony, absurdity, or comedic timing.

### Input:
Even if the early bird gets the worm, the second mouse gets the cheese.


### Response:
",No
"Marriage is like a groundnut: you have to crack them to see what is inside.
",0,29941,"Below is an instruction that describes a sentiment analysis task.

### Instruction:
Given the following text, please determine if it should be classified as funny or not funny. Base your classification on humor elements such as wit, irony, absurdity, or comedic timing.

### Input:
Marriage is like a groundnut: you have to crack them to see what is inside.


### Response:
",No
"Tough times gets you real friends and others get you tough times.
",1,14302,"Below is an instruction that describes a sentiment analysis task.

### Instruction:
Given the following text, please determine if it should be classified as funny or not funny. Base your classification on humor elements such as wit, irony, absurdity, or comedic timing.

### Input:
Tough times gets you real friends and others get you tough times.


### Response:
",No
"Spain's Bilbao Vizcaya takes stake in Ganadero.
",0,18153,"Below is an instruction that describes a sentiment analysis task.

### Instruction:
Given the following text, please determine if it should be classified as funny or not funny. Base your classification on humor elements such as wit, irony, absurdity, or comedic timing.

### Input:
Spain's Bilbao Vizcaya takes stake in Ganadero.


### Response:
",No
"Also its Distributed File System is on schedule for June.
",0,29859,"Below is an instruction that describes a sentiment analysis task.

### Instruction:
Given the following text, please determine if it should be classified as funny or not funny. Base your classification on humor elements such as wit, irony, absurdity, or comedic timing.

### Input:
Also its Distributed File System is on schedule for June.


### Response:
",No
"Whatever happens, behave like you meant it to happen.
",1,9480,"Below is an instruction that describes a sentiment analysis task.

### Instruction:
Given the following text, please determine if it should be classified as funny or not funny. Base your classification on humor elements such as wit, irony, absurdity, or comedic timing.

### Input:
Whatever happens, behave like you meant it to happen.


### Response:
",No
"Apparently he was deluged with calls.
",0,29540,"Below is an instruction that describes a sentiment analysis task.

### Instruction:
Given the following text, please determine if it should be classified as funny or not funny. Base your classification on humor elements such as wit, irony, absurdity, or comedic timing.

### Input:
Apparently he was deluged with calls.


### Response:
",No
"Lipper general muni fund index 128.35, down 0.08.
",0,27667,"Below is an instruction that describes a sentiment analysis task.

### Instruction:
Given the following text, please determine if it should be classified as funny or not funny. Base your classification on humor elements such as wit, irony, absurdity, or comedic timing.

### Input:
Lipper general muni fund index 128.35, down 0.08.


### Response:
",No
"Gold goes in at any gate.
",0,21414,"Below is an instruction that describes a sentiment analysis task.

### Instruction:
Given the following text, please determine if it should be classified as funny or not funny. Base your classification on humor elements such as wit, irony, absurdity, or comedic timing.

### Input:
Gold goes in at any gate.


### Response:
",No
"The lending bonanza of the 197381 period is over.
",0,16545,"Below is an instruction that describes a sentiment analysis task.

### Instruction:
Given the following text, please determine if it should be classified as funny or not funny. Base your classification on humor elements such as wit, irony, absurdity, or comedic timing.

### Input:
The lending bonanza of the 197381 period is over.


### Response:
",No
"RESEARCH ALERT - Ito-Yokado rated.
",0,19327,"Below is an instruction that describes a sentiment analysis task.

### Instruction:
Given the following text, please determine if it should be classified as funny or not funny. Base your classification on humor elements such as wit, irony, absurdity, or comedic timing.

### Input:
RESEARCH ALERT - Ito-Yokado rated.


### Response:
",No
"When it comes to styling, artistic flair and imagination are essential.
",0,31643,"Below is an instruction that describes a sentiment analysis task.

### Instruction:
Given the following text, please determine if it should be classified as funny or not funny. Base your classification on humor elements such as wit, irony, absurdity, or comedic timing.

### Input:
When it comes to styling, artistic flair and imagination are essential.


### Response:
",No
"A single man in his 40's often has a problem finding women at his level of maturity.
",1,9171,"Below is an instruction that describes a sentiment analysis task.

### Instruction:
Given the following text, please determine if it should be classified as funny or not funny. Base your classification on humor elements such as wit, irony, absurdity, or comedic timing.

### Input:
A single man in his 40's often has a problem finding women at his level of maturity.


### Response:
",No
"Why is Bungee Jumping like visiting a prostitute?
",1,12375,"Below is an instruction that describes a sentiment analysis task.

### Instruction:
Given the following text, please determine if it should be classified as funny or not funny. Base your classification on humor elements such as wit, irony, absurdity, or comedic timing.

### Input:
Why is Bungee Jumping like visiting a prostitute?


### Response:
",No
"I was timed at 20.4 seconds.
",0,30689,"Below is an instruction that describes a sentiment analysis task.

### Instruction:
Given the following text, please determine if it should be classified as funny or not funny. Base your classification on humor elements such as wit, irony, absurdity, or comedic timing.

### Input:
I was timed at 20.4 seconds.


### Response:
",No
"One blind man leads another into the ditch.
",0,28687,"Below is an instruction that describes a sentiment analysis task.

### Instruction:
Given the following text, please determine if it should be classified as funny or not funny. Base your classification on humor elements such as wit, irony, absurdity, or comedic timing.

### Input:
One blind man leads another into the ditch.


### Response:
",Yes
"Why do they tell us to watch ""The Today Show"" tomorrow?
",1,13954,"Below is an instruction that describes a sentiment analysis task.

### Instruction:
Given the following text, please determine if it should be classified as funny or not funny. Base your classification on humor elements such as wit, irony, absurdity, or comedic timing.

### Input:
Why do they tell us to watch ""The Today Show"" tomorrow?


### Response:
",Yes
"Here comes the orator, with his flood of words and his drop of reason.
",1,2924,"Below is an instruction that describes a sentiment analysis task.

### Instruction:
Given the following text, please determine if it should be classified as funny or not funny. Base your classification on humor elements such as wit, irony, absurdity, or comedic timing.

### Input:
Here comes the orator, with his flood of words and his drop of reason.


### Response:
",No
"Worse things happen at sea.
",0,17902,"Below is an instruction that describes a sentiment analysis task.

### Instruction:
Given the following text, please determine if it should be classified as funny or not funny. Base your classification on humor elements such as wit, irony, absurdity, or comedic timing.

### Input:
Worse things happen at sea.


### Response:
",Yes
"Denmark sees 1996 c/a surplus of DKK 10.0 billion.
",0,20879,"Below is an instruction that describes a sentiment analysis task.

### Instruction:
Given the following text, please determine if it should be classified as funny or not funny. Base your classification on humor elements such as wit, irony, absurdity, or comedic timing.

### Input:
Denmark sees 1996 c/a surplus of DKK 10.0 billion.


### Response:
",No
"I'm not breaking the rules ... I'm just testing their elasticity.
",1,13262,"Below is an instruction that describes a sentiment analysis task.

### Instruction:
Given the following text, please determine if it should be classified as funny or not funny. Base your classification on humor elements such as wit, irony, absurdity, or comedic timing.

### Input:
I'm not breaking the rules ... I'm just testing their elasticity.


### Response:
",No
"DATRONTECH SHIPS KINGSTON COMMUNICATIONS NEW BOARD
",0,23997,"Below is an instruction that describes a sentiment analysis task.

### Instruction:
Given the following text, please determine if it should be classified as funny or not funny. Base your classification on humor elements such as wit, irony, absurdity, or comedic timing.

### Input:
DATRONTECH SHIPS KINGSTON COMMUNICATIONS NEW BOARD


### Response:
",No
"When all other means of communication fail, try words.
",1,9889,"Below is an instruction that describes a sentiment analysis task.

### Instruction:
Given the following text, please determine if it should be classified as funny or not funny. Base your classification on humor elements such as wit, irony, absurdity, or comedic timing.

### Input:
When all other means of communication fail, try words.


### Response:
",No
"Mine fields are not neutral. They attack both armies.
",1,4173,"Below is an instruction that describes a sentiment analysis task.

### Instruction:
Given the following text, please determine if it should be classified as funny or not funny. Base your classification on humor elements such as wit, irony, absurdity, or comedic timing.

### Input:
Mine fields are not neutral. They attack both armies.


### Response:
",No
"IN A HONG KONG SUPERMARKET: For your convenience, we recommend courteous, efficient, self-service.
",1,12460,"Below is an instruction that describes a sentiment analysis task.

### Instruction:
Given the following text, please determine if it should be classified as funny or not funny. Base your classification on humor elements such as wit, irony, absurdity, or comedic timing.

### Input:
IN A HONG KONG SUPERMARKET: For your convenience, we recommend courteous, efficient, self-service.


### Response:
",No
"SQL AG has 250 customer sites.
",0,19349,"Below is an instruction that describes a sentiment analysis task.

### Instruction:
Given the following text, please determine if it should be classified as funny or not funny. Base your classification on humor elements such as wit, irony, absurdity, or comedic timing.

### Input:
SQL AG has 250 customer sites.


### Response:
",No
"Cambodia asks World Bank to increase loans.
",0,28091,"Below is an instruction that describes a sentiment analysis task.

### Instruction:
Given the following text, please determine if it should be classified as funny or not funny. Base your classification on humor elements such as wit, irony, absurdity, or comedic timing.

### Input:
Cambodia asks World Bank to increase loans.


### Response:
",No
"My cat is not lazy, he is motivationally challenged.
",1,10410,"Below is an instruction that describes a sentiment analysis task.

### Instruction:
Given the following text, please determine if it should be classified as funny or not funny. Base your classification on humor elements such as wit, irony, absurdity, or comedic timing.

### Input:
My cat is not lazy, he is motivationally challenged.


### Response:
",No
"He who commences many things finishes few.
",0,21492,"Below is an instruction that describes a sentiment analysis task.

### Instruction:
Given the following text, please determine if it should be classified as funny or not funny. Base your classification on humor elements such as wit, irony, absurdity, or comedic timing.

### Input:
He who commences many things finishes few.


### Response:
",No
"Take off your hat to your yesterdays; take off your coat for your tomorrows.
",0,25988,"Below is an instruction that describes a sentiment analysis task.

### Instruction:
Given the following text, please determine if it should be classified as funny or not funny. Base your classification on humor elements such as wit, irony, absurdity, or comedic timing.

### Input:
Take off your hat to your yesterdays; take off your coat for your tomorrows.


### Response:
",No
"One might say that attitudes can be discovered post hoc .
",0,16116,"Below is an instruction that describes a sentiment analysis task.

### Instruction:
Given the following text, please determine if it should be classified as funny or not funny. Base your classification on humor elements such as wit, irony, absurdity, or comedic timing.

### Input:
One might say that attitudes can be discovered post hoc .


### Response:
",No
"Needle and thread are half clothing.
",0,19165,"Below is an instruction that describes a sentiment analysis task.

### Instruction:
Given the following text, please determine if it should be classified as funny or not funny. Base your classification on humor elements such as wit, irony, absurdity, or comedic timing.

### Input:
Needle and thread are half clothing.


### Response:
",Yes
"Rugby Union-Mehrtens a contender for second test.
",0,27348,"Below is an instruction that describes a sentiment analysis task.

### Instruction:
Given the following text, please determine if it should be classified as funny or not funny. Base your classification on humor elements such as wit, irony, absurdity, or comedic timing.

### Input:
Rugby Union-Mehrtens a contender for second test.


### Response:
",No
"Compete not with a friend.
",0,26149,"Below is an instruction that describes a sentiment analysis task.

### Instruction:
Given the following text, please determine if it should be classified as funny or not funny. Base your classification on humor elements such as wit, irony, absurdity, or comedic timing.

### Input:
Compete not with a friend.


### Response:
",No
"Lancashire's Andy Hayhurst is to join Somerset on a three-year contract.
",0,21236,"Below is an instruction that describes a sentiment analysis task.

### Instruction:
Given the following text, please determine if it should be classified as funny or not funny. Base your classification on humor elements such as wit, irony, absurdity, or comedic timing.

### Input:
Lancashire's Andy Hayhurst is to join Somerset on a three-year contract.


### Response:
",No
"FOB Gulf Grain - Soy remains firm, corn, wheat flat.
",0,22763,"Below is an instruction that describes a sentiment analysis task.

### Instruction:
Given the following text, please determine if it should be classified as funny or not funny. Base your classification on humor elements such as wit, irony, absurdity, or comedic timing.

### Input:
FOB Gulf Grain - Soy remains firm, corn, wheat flat.


### Response:
",No
"FINAL PRICING - Intermountain Power Agency.
",0,25794,"Below is an instruction that describes a sentiment analysis task.

### Instruction:
Given the following text, please determine if it should be classified as funny or not funny. Base your classification on humor elements such as wit, irony, absurdity, or comedic timing.

### Input:
FINAL PRICING - Intermountain Power Agency.


### Response:
",No
"Only when you can be extremely pliable and soft can you be extremely hard and strong.
",0,26676,"Below is an instruction that describes a sentiment analysis task.

### Instruction:
Given the following text, please determine if it should be classified as funny or not funny. Base your classification on humor elements such as wit, irony, absurdity, or comedic timing.

### Input:
Only when you can be extremely pliable and soft can you be extremely hard and strong.


### Response:
",No
"For my sister's 40th birthday, I sent her a singing mammogram.
",1,1733,"Below is an instruction that describes a sentiment analysis task.

### Instruction:
Given the following text, please determine if it should be classified as funny or not funny. Base your classification on humor elements such as wit, irony, absurdity, or comedic timing.

### Input:
For my sister's 40th birthday, I sent her a singing mammogram.


### Response:
",Yes
"New jokes are added periodically at the bottom of the list, with the top ones being deleted.
",1,2323,"Below is an instruction that describes a sentiment analysis task.

### Instruction:
Given the following text, please determine if it should be classified as funny or not funny. Base your classification on humor elements such as wit, irony, absurdity, or comedic timing.

### Input:
New jokes are added periodically at the bottom of the list, with the top ones being deleted.


### Response:
",No
"When one door shuts, another opens.
",0,20410,"Below is an instruction that describes a sentiment analysis task.

### Instruction:
Given the following text, please determine if it should be classified as funny or not funny. Base your classification on humor elements such as wit, irony, absurdity, or comedic timing.

### Input:
When one door shuts, another opens.


### Response:
",No
"He who has a white horse and a fair wife is seldom without trouble.
",0,28006,"Below is an instruction that describes a sentiment analysis task.

### Instruction:
Given the following text, please determine if it should be classified as funny or not funny. Base your classification on humor elements such as wit, irony, absurdity, or comedic timing.

### Input:
He who has a white horse and a fair wife is seldom without trouble.


### Response:
",No
"If nothing else, the brain is an educational toy.
",1,6765,"Below is an instruction that describes a sentiment analysis task.

### Instruction:
Given the following text, please determine if it should be classified as funny or not funny. Base your classification on humor elements such as wit, irony, absurdity, or comedic timing.

### Input:
If nothing else, the brain is an educational toy.


### Response:
",No
"Dangerous guys, those dinosaurs. Foot-prints there are, but no finger-prints.
",1,2030,"Below is an instruction that describes a sentiment analysis task.

### Instruction:
Given the following text, please determine if it should be classified as funny or not funny. Base your classification on humor elements such as wit, irony, absurdity, or comedic timing.

### Input:
Dangerous guys, those dinosaurs. Foot-prints there are, but no finger-prints.


### Response:
",Yes
"I Haven't Gone To Bed With Any Ugly Women, But I've Sure Woke Up With A Few.
",1,1878,"Below is an instruction that describes a sentiment analysis task.

### Instruction:
Given the following text, please determine if it should be classified as funny or not funny. Base your classification on humor elements such as wit, irony, absurdity, or comedic timing.

### Input:
I Haven't Gone To Bed With Any Ugly Women, But I've Sure Woke Up With A Few.


### Response:
",Yes
"That universality, indeed, is one of its main strengths.
",0,20354,"Below is an instruction that describes a sentiment analysis task.

### Instruction:
Given the following text, please determine if it should be classified as funny or not funny. Base your classification on humor elements such as wit, irony, absurdity, or comedic timing.

### Input:
That universality, indeed, is one of its main strengths.


### Response:
",No
"A good bargain is a pick-purse.
",0,22867,"Below is an instruction that describes a sentiment analysis task.

### Instruction:
Given the following text, please determine if it should be classified as funny or not funny. Base your classification on humor elements such as wit, irony, absurdity, or comedic timing.

### Input:
A good bargain is a pick-purse.


### Response:
",No
"Make new friends, but don't forget the old ones.
",0,31017,"Below is an instruction that describes a sentiment analysis task.

### Instruction:
Given the following text, please determine if it should be classified as funny or not funny. Base your classification on humor elements such as wit, irony, absurdity, or comedic timing.

### Input:
Make new friends, but don't forget the old ones.


### Response:
",No
"Nepal textile mills end strike against tax hike.
",0,19593,"Below is an instruction that describes a sentiment analysis task.

### Instruction:
Given the following text, please determine if it should be classified as funny or not funny. Base your classification on humor elements such as wit, irony, absurdity, or comedic timing.

### Input:
Nepal textile mills end strike against tax hike.


### Response:
",No
"Once burned by milk you will blow on cold water.
",0,30480,"Below is an instruction that describes a sentiment analysis task.

### Instruction:
Given the following text, please determine if it should be classified as funny or not funny. Base your classification on humor elements such as wit, irony, absurdity, or comedic timing.

### Input:
Once burned by milk you will blow on cold water.


### Response:
",Yes
"Canadian reply: Recommend you divert YOUR course 15 degrees to the south to avoid a collision.
",1,13888,"Below is an instruction that describes a sentiment analysis task.

### Instruction:
Given the following text, please determine if it should be classified as funny or not funny. Base your classification on humor elements such as wit, irony, absurdity, or comedic timing.

### Input:
Canadian reply: Recommend you divert YOUR course 15 degrees to the south to avoid a collision.


### Response:
",Yes
"But remember there are people out there who want to hurt you.
",0,22492,"Below is an instruction that describes a sentiment analysis task.

### Instruction:
Given the following text, please determine if it should be classified as funny or not funny. Base your classification on humor elements such as wit, irony, absurdity, or comedic timing.

### Input:
But remember there are people out there who want to hurt you.


### Response:
",No
"You think that crushing beer cans on your forehead will attract your kind of woman. (Trouble is, it usually works).
",1,8556,"Below is an instruction that describes a sentiment analysis task.

### Instruction:
Given the following text, please determine if it should be classified as funny or not funny. Base your classification on humor elements such as wit, irony, absurdity, or comedic timing.

### Input:
You think that crushing beer cans on your forehead will attract your kind of woman. (Trouble is, it usually works).


### Response:
",Yes
"The following are the top three winners of a Most Embarrassing Moments Contest in New Woman Magazine.
",1,221,"Below is an instruction that describes a sentiment analysis task.

### Instruction:
Given the following text, please determine if it should be classified as funny or not funny. Base your classification on humor elements such as wit, irony, absurdity, or comedic timing.

### Input:
The following are the top three winners of a Most Embarrassing Moments Contest in New Woman Magazine.


### Response:
",No
"Get another sweet little 80-year-old lady to yell*BINGO*!
",1,2734,"Below is an instruction that describes a sentiment analysis task.

### Instruction:
Given the following text, please determine if it should be classified as funny or not funny. Base your classification on humor elements such as wit, irony, absurdity, or comedic timing.

### Input:
Get another sweet little 80-year-old lady to yell*BINGO*!


### Response:
",Yes
"He wants me to be his Minder again.
",0,23315,"Below is an instruction that describes a sentiment analysis task.

### Instruction:
Given the following text, please determine if it should be classified as funny or not funny. Base your classification on humor elements such as wit, irony, absurdity, or comedic timing.

### Input:
He wants me to be his Minder again.


### Response:
",No
"Perkin's postulate: The bigger they are, the harder they hit.
",1,988,"Below is an instruction that describes a sentiment analysis task.

### Instruction:
Given the following text, please determine if it should be classified as funny or not funny. Base your classification on humor elements such as wit, irony, absurdity, or comedic timing.

### Input:
Perkin's postulate: The bigger they are, the harder they hit.


### Response:
",No
"Both men will attempt to push Pick into the mid-range and large-systems environments.
",0,26764,"Below is an instruction that describes a sentiment analysis task.

### Instruction:
Given the following text, please determine if it should be classified as funny or not funny. Base your classification on humor elements such as wit, irony, absurdity, or comedic timing.

### Input:
Both men will attempt to push Pick into the mid-range and large-systems environments.


### Response:
",Yes
"How did people look busy at work before computers?
",1,14077,"Below is an instruction that describes a sentiment analysis task.

### Instruction:
Given the following text, please determine if it should be classified as funny or not funny. Base your classification on humor elements such as wit, irony, absurdity, or comedic timing.

### Input:
How did people look busy at work before computers?


### Response:
",No
"The Ramses brand condom is named after the great pharaoh Ramses II who fathered over 160 children.
",1,1194,"Below is an instruction that describes a sentiment analysis task.

### Instruction:
Given the following text, please determine if it should be classified as funny or not funny. Base your classification on humor elements such as wit, irony, absurdity, or comedic timing.

### Input:
The Ramses brand condom is named after the great pharaoh Ramses II who fathered over 160 children.


### Response:
",No
"No, I mean what if I'm away from home and I get sick?
",1,7025,"Below is an instruction that describes a sentiment analysis task.

### Instruction:
Given the following text, please determine if it should be classified as funny or not funny. Base your classification on humor elements such as wit, irony, absurdity, or comedic timing.

### Input:
No, I mean what if I'm away from home and I get sick?


### Response:
",No
"SOCCER-EUROPEAN CUP QUALIFYING ROUND COLLATED SECOND LEG RESULTS.
",0,27111,"Below is an instruction that describes a sentiment analysis task.

### Instruction:
Given the following text, please determine if it should be classified as funny or not funny. Base your classification on humor elements such as wit, irony, absurdity, or comedic timing.

### Input:
SOCCER-EUROPEAN CUP QUALIFYING ROUND COLLATED SECOND LEG RESULTS.


### Response:
",No
"Adolescence is the age when children try to bring up their parents.
",1,980,"Below is an instruction that describes a sentiment analysis task.

### Instruction:
Given the following text, please determine if it should be classified as funny or not funny. Base your classification on humor elements such as wit, irony, absurdity, or comedic timing.

### Input:
Adolescence is the age when children try to bring up their parents.


### Response:
",No
"For lunch make him a nutritious meal he can take to work.
",1,14070,"Below is an instruction that describes a sentiment analysis task.

### Instruction:
Given the following text, please determine if it should be classified as funny or not funny. Base your classification on humor elements such as wit, irony, absurdity, or comedic timing.

### Input:
For lunch make him a nutritious meal he can take to work.


### Response:
",No
"Living on Earth includes an annual free trip around the Sun.
",1,9076,"Below is an instruction that describes a sentiment analysis task.

### Instruction:
Given the following text, please determine if it should be classified as funny or not funny. Base your classification on humor elements such as wit, irony, absurdity, or comedic timing.

### Input:
Living on Earth includes an annual free trip around the Sun.


### Response:
",No
"Just plead the Fifth -- or drink it -- either way.
",1,9751,"Below is an instruction that describes a sentiment analysis task.

### Instruction:
Given the following text, please determine if it should be classified as funny or not funny. Base your classification on humor elements such as wit, irony, absurdity, or comedic timing.

### Input:
Just plead the Fifth -- or drink it -- either way.


### Response:
",No
"Inside every large problem is a small problem struggling to get out.
",1,15442,"Below is an instruction that describes a sentiment analysis task.

### Instruction:
Given the following text, please determine if it should be classified as funny or not funny. Base your classification on humor elements such as wit, irony, absurdity, or comedic timing.

### Input:
Inside every large problem is a small problem struggling to get out.


### Response:
",No
"Counterfeit coin passes current at night.
",0,29112,"Below is an instruction that describes a sentiment analysis task.

### Instruction:
Given the following text, please determine if it should be classified as funny or not funny. Base your classification on humor elements such as wit, irony, absurdity, or comedic timing.

### Input:
Counterfeit coin passes current at night.


### Response:
",Yes
"Better be wrong with the many than right with the few.
",0,26908,"Below is an instruction that describes a sentiment analysis task.

### Instruction:
Given the following text, please determine if it should be classified as funny or not funny. Base your classification on humor elements such as wit, irony, absurdity, or comedic timing.

### Input:
Better be wrong with the many than right with the few.


### Response:
",No
"An expert is someone who takes a subject you understand and makes it sound confusing.
",1,3453,"Below is an instruction that describes a sentiment analysis task.

### Instruction:
Given the following text, please determine if it should be classified as funny or not funny. Base your classification on humor elements such as wit, irony, absurdity, or comedic timing.

### Input:
An expert is someone who takes a subject you understand and makes it sound confusing.


### Response:
",Yes
"RESEARCH ALERT - N.Y. State Electric cut.
",0,24588,"Below is an instruction that describes a sentiment analysis task.

### Instruction:
Given the following text, please determine if it should be classified as funny or not funny. Base your classification on humor elements such as wit, irony, absurdity, or comedic timing.

### Input:
RESEARCH ALERT - N.Y. State Electric cut.


### Response:
",No
"The way official paths often come into being is absurd.
",0,29189,"Below is an instruction that describes a sentiment analysis task.

### Instruction:
Given the following text, please determine if it should be classified as funny or not funny. Base your classification on humor elements such as wit, irony, absurdity, or comedic timing.

### Input:
The way official paths often come into being is absurd.


### Response:
",No
"BZW appoints two fixed income directors in Tokyo.
",0,27028,"Below is an instruction that describes a sentiment analysis task.

### Instruction:
Given the following text, please determine if it should be classified as funny or not funny. Base your classification on humor elements such as wit, irony, absurdity, or comedic timing.

### Input:
BZW appoints two fixed income directors in Tokyo.


### Response:
",No
"What's the point of going out? We're just going to wind up back here anyway.
",1,9315,"Below is an instruction that describes a sentiment analysis task.

### Instruction:
Given the following text, please determine if it should be classified as funny or not funny. Base your classification on humor elements such as wit, irony, absurdity, or comedic timing.

### Input:
What's the point of going out? We're just going to wind up back here anyway.


### Response:
",Yes
"A penny saved is a penny got.
",0,28051,"Below is an instruction that describes a sentiment analysis task.

### Instruction:
Given the following text, please determine if it should be classified as funny or not funny. Base your classification on humor elements such as wit, irony, absurdity, or comedic timing.

### Input:
A penny saved is a penny got.


### Response:
",No
"Who does not punish evil, invites it.
",0,30199,"Below is an instruction that describes a sentiment analysis task.

### Instruction:
Given the following text, please determine if it should be classified as funny or not funny. Base your classification on humor elements such as wit, irony, absurdity, or comedic timing.

### Input:
Who does not punish evil, invites it.


### Response:
",No
"A person who hesitates is not only lost, but miles from the next exit.
",1,5608,"Below is an instruction that describes a sentiment analysis task.

### Instruction:
Given the following text, please determine if it should be classified as funny or not funny. Base your classification on humor elements such as wit, irony, absurdity, or comedic timing.

### Input:
A person who hesitates is not only lost, but miles from the next exit.


### Response:
",No
"The best parachute folders are those who jump themselves.
",1,7041,"Below is an instruction that describes a sentiment analysis task.

### Instruction:
Given the following text, please determine if it should be classified as funny or not funny. Base your classification on humor elements such as wit, irony, absurdity, or comedic timing.

### Input:
The best parachute folders are those who jump themselves.


### Response:
",Yes
"This is not so in Easton.
",0,28539,"Below is an instruction that describes a sentiment analysis task.

### Instruction:
Given the following text, please determine if it should be classified as funny or not funny. Base your classification on humor elements such as wit, irony, absurdity, or comedic timing.

### Input:
This is not so in Easton.


### Response:
",No
"Billy Dee is among the dozens of athletes who train at Brache Estate
",0,23247,"Below is an instruction that describes a sentiment analysis task.

### Instruction:
Given the following text, please determine if it should be classified as funny or not funny. Base your classification on humor elements such as wit, irony, absurdity, or comedic timing.

### Input:
Billy Dee is among the dozens of athletes who train at Brache Estate


### Response:
",No
"RTRS-TIMELINES-Today in History - Aug 28.
",0,29842,"Below is an instruction that describes a sentiment analysis task.

### Instruction:
Given the following text, please determine if it should be classified as funny or not funny. Base your classification on humor elements such as wit, irony, absurdity, or comedic timing.

### Input:
RTRS-TIMELINES-Today in History - Aug 28.


### Response:
",No
"Reality is an illusion that occurs due to the lack of alcohol.
",1,12925,"Below is an instruction that describes a sentiment analysis task.

### Instruction:
Given the following text, please determine if it should be classified as funny or not funny. Base your classification on humor elements such as wit, irony, absurdity, or comedic timing.

### Input:
Reality is an illusion that occurs due to the lack of alcohol.


### Response:
",Yes
"A dyslexic, agnostic insomniac - one who lies awake at night wondering if there really is a dog...
",1,6648,"Below is an instruction that describes a sentiment analysis task.

### Instruction:
Given the following text, please determine if it should be classified as funny or not funny. Base your classification on humor elements such as wit, irony, absurdity, or comedic timing.

### Input:
A dyslexic, agnostic insomniac - one who lies awake at night wondering if there really is a dog...


### Response:
",Yes
"HK-Transpacific air cargo rates set to rise 20 pct.
",0,22478,"Below is an instruction that describes a sentiment analysis task.

### Instruction:
Given the following text, please determine if it should be classified as funny or not funny. Base your classification on humor elements such as wit, irony, absurdity, or comedic timing.

### Input:
HK-Transpacific air cargo rates set to rise 20 pct.


### Response:
",No
"Grant - HORNY! But so sweet and you can talk to him about anything.
",1,4172,"Below is an instruction that describes a sentiment analysis task.

### Instruction:
Given the following text, please determine if it should be classified as funny or not funny. Base your classification on humor elements such as wit, irony, absurdity, or comedic timing.

### Input:
Grant - HORNY! But so sweet and you can talk to him about anything.


### Response:
",Yes
"I smile at Miss Plum with all my available teeth.
",0,31749,"Below is an instruction that describes a sentiment analysis task.

### Instruction:
Given the following text, please determine if it should be classified as funny or not funny. Base your classification on humor elements such as wit, irony, absurdity, or comedic timing.

### Input:
I smile at Miss Plum with all my available teeth.


### Response:
",Yes
"VNU posts higher interim profit despite TV losses.
",0,23554,"Below is an instruction that describes a sentiment analysis task.

### Instruction:
Given the following text, please determine if it should be classified as funny or not funny. Base your classification on humor elements such as wit, irony, absurdity, or comedic timing.

### Input:
VNU posts higher interim profit despite TV losses.


### Response:
",No
"The secret of good golf is to hit the ball hard, straight and not too often.
",1,12662,"Below is an instruction that describes a sentiment analysis task.

### Instruction:
Given the following text, please determine if it should be classified as funny or not funny. Base your classification on humor elements such as wit, irony, absurdity, or comedic timing.

### Input:
The secret of good golf is to hit the ball hard, straight and not too often.


### Response:
",No
"So in the same village, there would be two different sorts of time.
",0,16214,"Below is an instruction that describes a sentiment analysis task.

### Instruction:
Given the following text, please determine if it should be classified as funny or not funny. Base your classification on humor elements such as wit, irony, absurdity, or comedic timing.

### Input:
So in the same village, there would be two different sorts of time.


### Response:
",No
"Statoil increases seismic activity.
",0,25465,"Below is an instruction that describes a sentiment analysis task.

### Instruction:
Given the following text, please determine if it should be classified as funny or not funny. Base your classification on humor elements such as wit, irony, absurdity, or comedic timing.

### Input:
Statoil increases seismic activity.


### Response:
",Yes
"A man may hap to bring home with him what makes him weep.
",0,31732,"Below is an instruction that describes a sentiment analysis task.

### Instruction:
Given the following text, please determine if it should be classified as funny or not funny. Base your classification on humor elements such as wit, irony, absurdity, or comedic timing.

### Input:
A man may hap to bring home with him what makes him weep.


### Response:
",No
"The chain of events I sparked off nearly led to my untimely demise.
",0,16686,"Below is an instruction that describes a sentiment analysis task.

### Instruction:
Given the following text, please determine if it should be classified as funny or not funny. Base your classification on humor elements such as wit, irony, absurdity, or comedic timing.

### Input:
The chain of events I sparked off nearly led to my untimely demise.


### Response:
",No
"It is as necessary for men to hear the Gospel, as it was for Christ to die.
",1,4265,"Below is an instruction that describes a sentiment analysis task.

### Instruction:
Given the following text, please determine if it should be classified as funny or not funny. Base your classification on humor elements such as wit, irony, absurdity, or comedic timing.

### Input:
It is as necessary for men to hear the Gospel, as it was for Christ to die.


### Response:
",No
"There are no absolute answers to life - just revelations.
",1,12590,"Below is an instruction that describes a sentiment analysis task.

### Instruction:
Given the following text, please determine if it should be classified as funny or not funny. Base your classification on humor elements such as wit, irony, absurdity, or comedic timing.

### Input:
There are no absolute answers to life - just revelations.


### Response:
",No
"The problems of object-relations have apparently been resolved.
",0,31977,"Below is an instruction that describes a sentiment analysis task.

### Instruction:
Given the following text, please determine if it should be classified as funny or not funny. Base your classification on humor elements such as wit, irony, absurdity, or comedic timing.

### Input:
The problems of object-relations have apparently been resolved.


### Response:
",Yes
"If you do drink and drive you might as well smoke, too.
",1,4508,"Below is an instruction that describes a sentiment analysis task.

### Instruction:
Given the following text, please determine if it should be classified as funny or not funny. Base your classification on humor elements such as wit, irony, absurdity, or comedic timing.

### Input:
If you do drink and drive you might as well smoke, too.


### Response:
",No
"Ending a mid-summer fling, coffee prices tumble.
",0,16506,"Below is an instruction that describes a sentiment analysis task.

### Instruction:
Given the following text, please determine if it should be classified as funny or not funny. Base your classification on humor elements such as wit, irony, absurdity, or comedic timing.

### Input:
Ending a mid-summer fling, coffee prices tumble.


### Response:
",No
"I married my wife for her looks... but not the ones she's been giving me lately!
",1,14042,"Below is an instruction that describes a sentiment analysis task.

### Instruction:
Given the following text, please determine if it should be classified as funny or not funny. Base your classification on humor elements such as wit, irony, absurdity, or comedic timing.

### Input:
I married my wife for her looks... but not the ones she's been giving me lately!


### Response:
",Yes
"because you have fallen beside me
",0,25447,"Below is an instruction that describes a sentiment analysis task.

### Instruction:
Given the following text, please determine if it should be classified as funny or not funny. Base your classification on humor elements such as wit, irony, absurdity, or comedic timing.

### Input:
because you have fallen beside me


### Response:
",No
"ING cuts Telegraaf 1997 EPS forecast.
",0,16640,"Below is an instruction that describes a sentiment analysis task.

### Instruction:
Given the following text, please determine if it should be classified as funny or not funny. Base your classification on humor elements such as wit, irony, absurdity, or comedic timing.

### Input:
ING cuts Telegraaf 1997 EPS forecast.


### Response:
",No
"Those who make peaceful revolution impossible will make violent revolution inevitable.
",1,10186,"Below is an instruction that describes a sentiment analysis task.

### Instruction:
Given the following text, please determine if it should be classified as funny or not funny. Base your classification on humor elements such as wit, irony, absurdity, or comedic timing.

### Input:
Those who make peaceful revolution impossible will make violent revolution inevitable.


### Response:
",No
"For every vision there is an equal and opposite revision.
",1,7430,"Below is an instruction that describes a sentiment analysis task.

### Instruction:
Given the following text, please determine if it should be classified as funny or not funny. Base your classification on humor elements such as wit, irony, absurdity, or comedic timing.

### Input:
For every vision there is an equal and opposite revision.


### Response:
",No
"Didn't you see the 25mph sign? No officer, I was driving too fast.
",1,10181,"Below is an instruction that describes a sentiment analysis task.

### Instruction:
Given the following text, please determine if it should be classified as funny or not funny. Base your classification on humor elements such as wit, irony, absurdity, or comedic timing.

### Input:
Didn't you see the 25mph sign? No officer, I was driving too fast.


### Response:
",Yes
"The whisper of a pretty girl can be heard further than the roar of a lion.
",0,18672,"Below is an instruction that describes a sentiment analysis task.

### Instruction:
Given the following text, please determine if it should be classified as funny or not funny. Base your classification on humor elements such as wit, irony, absurdity, or comedic timing.

### Input:
The whisper of a pretty girl can be heard further than the roar of a lion.


### Response:
",No
"If you have to ask the price you can't afford it.
",1,14663,"Below is an instruction that describes a sentiment analysis task.

### Instruction:
Given the following text, please determine if it should be classified as funny or not funny. Base your classification on humor elements such as wit, irony, absurdity, or comedic timing.

### Input:
If you have to ask the price you can't afford it.


### Response:
",No
"The enemy never watches until you make a mistake.
",1,7005,"Below is an instruction that describes a sentiment analysis task.

### Instruction:
Given the following text, please determine if it should be classified as funny or not funny. Base your classification on humor elements such as wit, irony, absurdity, or comedic timing.

### Input:
The enemy never watches until you make a mistake.


### Response:
",No
"The remedy for injuries is not to remember them.
",0,19412,"Below is an instruction that describes a sentiment analysis task.

### Instruction:
Given the following text, please determine if it should be classified as funny or not funny. Base your classification on humor elements such as wit, irony, absurdity, or comedic timing.

### Input:
The remedy for injuries is not to remember them.


### Response:
",No
"Needles and pins, pins and needles, When a man's married his trouble begins.
",0,16328,"Below is an instruction that describes a sentiment analysis task.

### Instruction:
Given the following text, please determine if it should be classified as funny or not funny. Base your classification on humor elements such as wit, irony, absurdity, or comedic timing.

### Input:
Needles and pins, pins and needles, When a man's married his trouble begins.


### Response:
",Yes
"Whatever you wish, Your Honour, she replied.
",0,19530,"Below is an instruction that describes a sentiment analysis task.

### Instruction:
Given the following text, please determine if it should be classified as funny or not funny. Base your classification on humor elements such as wit, irony, absurdity, or comedic timing.

### Input:
Whatever you wish, Your Honour, she replied.


### Response:
",No
"Lowery's Law: If it jams - force it. If it breaks, it needed replacing anyway.
",1,4821,"Below is an instruction that describes a sentiment analysis task.

### Instruction:
Given the following text, please determine if it should be classified as funny or not funny. Base your classification on humor elements such as wit, irony, absurdity, or comedic timing.

### Input:
Lowery's Law: If it jams - force it. If it breaks, it needed replacing anyway.


### Response:
",No
"SOCCER-JONK RETURNS TO DUTCH SQUAD FOR BRAZIL FRIENDLY.
",0,29766,"Below is an instruction that describes a sentiment analysis task.

### Instruction:
Given the following text, please determine if it should be classified as funny or not funny. Base your classification on humor elements such as wit, irony, absurdity, or comedic timing.

### Input:
SOCCER-JONK RETURNS TO DUTCH SQUAD FOR BRAZIL FRIENDLY.


### Response:
",No
"You behave yourself, and we'll feed and clothe you.
",0,23513,"Below is an instruction that describes a sentiment analysis task.

### Instruction:
Given the following text, please determine if it should be classified as funny or not funny. Base your classification on humor elements such as wit, irony, absurdity, or comedic timing.

### Input:
You behave yourself, and we'll feed and clothe you.


### Response:
",No
"Search your feelings... you know it to be true...
",1,4422,"Below is an instruction that describes a sentiment analysis task.

### Instruction:
Given the following text, please determine if it should be classified as funny or not funny. Base your classification on humor elements such as wit, irony, absurdity, or comedic timing.

### Input:
Search your feelings... you know it to be true...


### Response:
",Yes
"If you can read this... Your parents will be home in two minutes.
",1,12020,"Below is an instruction that describes a sentiment analysis task.

### Instruction:
Given the following text, please determine if it should be classified as funny or not funny. Base your classification on humor elements such as wit, irony, absurdity, or comedic timing.

### Input:
If you can read this... Your parents will be home in two minutes.


### Response:
",Yes
"A cat would be man's best friend, but never stoops to it.
",1,11225,"Below is an instruction that describes a sentiment analysis task.

### Instruction:
Given the following text, please determine if it should be classified as funny or not funny. Base your classification on humor elements such as wit, irony, absurdity, or comedic timing.

### Input:
A cat would be man's best friend, but never stoops to it.


### Response:
",Yes
"Quickly turn off your computer and be sure to tell your mom!
",1,4612,"Below is an instruction that describes a sentiment analysis task.

### Instruction:
Given the following text, please determine if it should be classified as funny or not funny. Base your classification on humor elements such as wit, irony, absurdity, or comedic timing.

### Input:
Quickly turn off your computer and be sure to tell your mom!


### Response:
",Yes
"I always liked working with the Priests that drank the wine during mass. They were the easiest to work with.
",1,13398,"Below is an instruction that describes a sentiment analysis task.

### Instruction:
Given the following text, please determine if it should be classified as funny or not funny. Base your classification on humor elements such as wit, irony, absurdity, or comedic timing.

### Input:
I always liked working with the Priests that drank the wine during mass. They were the easiest to work with.


### Response:
",Yes
"Like breeds like.
",0,30828,"Below is an instruction that describes a sentiment analysis task.

### Instruction:
Given the following text, please determine if it should be classified as funny or not funny. Base your classification on humor elements such as wit, irony, absurdity, or comedic timing.

### Input:
Like breeds like.


### Response:
",No
"If you think nobody cares, miss a couple of payments.
",1,9856,"Below is an instruction that describes a sentiment analysis task.

### Instruction:
Given the following text, please determine if it should be classified as funny or not funny. Base your classification on humor elements such as wit, irony, absurdity, or comedic timing.

### Input:
If you think nobody cares, miss a couple of payments.


### Response:
",No
"Ads from Marxism Today June 1990
",0,27976,"Below is an instruction that describes a sentiment analysis task.

### Instruction:
Given the following text, please determine if it should be classified as funny or not funny. Base your classification on humor elements such as wit, irony, absurdity, or comedic timing.

### Input:
Ads from Marxism Today June 1990


### Response:
",No
"Definition of an Upgrade: Take old bugs out, put new ones in.
",1,690,"Below is an instruction that describes a sentiment analysis task.

### Instruction:
Given the following text, please determine if it should be classified as funny or not funny. Base your classification on humor elements such as wit, irony, absurdity, or comedic timing.

### Input:
Definition of an Upgrade: Take old bugs out, put new ones in.


### Response:
",Yes
"Ive now come around to believing in re-incarnation.
",1,4665,"Below is an instruction that describes a sentiment analysis task.

### Instruction:
Given the following text, please determine if it should be classified as funny or not funny. Base your classification on humor elements such as wit, irony, absurdity, or comedic timing.

### Input:
Ive now come around to believing in re-incarnation.


### Response:
",No
"A friend of mine believes in the inverse Special Olympics motto: everyone is a loser.
",1,9684,"Below is an instruction that describes a sentiment analysis task.

### Instruction:
Given the following text, please determine if it should be classified as funny or not funny. Base your classification on humor elements such as wit, irony, absurdity, or comedic timing.

### Input:
A friend of mine believes in the inverse Special Olympics motto: everyone is a loser.


### Response:
",Yes
"Close your eyes and try to imagine how little I care.
",1,15723,"Below is an instruction that describes a sentiment analysis task.

### Instruction:
Given the following text, please determine if it should be classified as funny or not funny. Base your classification on humor elements such as wit, irony, absurdity, or comedic timing.

### Input:
Close your eyes and try to imagine how little I care.


### Response:
",Yes
"Heresy may be easier kept out than shook off.
",0,24842,"Below is an instruction that describes a sentiment analysis task.

### Instruction:
Given the following text, please determine if it should be classified as funny or not funny. Base your classification on humor elements such as wit, irony, absurdity, or comedic timing.

### Input:
Heresy may be easier kept out than shook off.


### Response:
",No
"No house without a mouse, no barn without corn, no rose without a thorn.
",0,24361,"Below is an instruction that describes a sentiment analysis task.

### Instruction:
Given the following text, please determine if it should be classified as funny or not funny. Base your classification on humor elements such as wit, irony, absurdity, or comedic timing.

### Input:
No house without a mouse, no barn without corn, no rose without a thorn.


### Response:
",No
"India's CESC sets 35 percent dividend.
",0,17974,"Below is an instruction that describes a sentiment analysis task.

### Instruction:
Given the following text, please determine if it should be classified as funny or not funny. Base your classification on humor elements such as wit, irony, absurdity, or comedic timing.

### Input:
India's CESC sets 35 percent dividend.


### Response:
",No
"And several other things that I shouldn't even mention.
",1,10933,"Below is an instruction that describes a sentiment analysis task.

### Instruction:
Given the following text, please determine if it should be classified as funny or not funny. Base your classification on humor elements such as wit, irony, absurdity, or comedic timing.

### Input:
And several other things that I shouldn't even mention.


### Response:
",No
"Do not meddle in the affairs of cats, for they are subtle and will piss on your computer.
",1,5657,"Below is an instruction that describes a sentiment analysis task.

### Instruction:
Given the following text, please determine if it should be classified as funny or not funny. Base your classification on humor elements such as wit, irony, absurdity, or comedic timing.

### Input:
Do not meddle in the affairs of cats, for they are subtle and will piss on your computer.


### Response:
",Yes
"First time I ever read the dictionary, I thought it was a poem about everything.
",1,15556,"Below is an instruction that describes a sentiment analysis task.

### Instruction:
Given the following text, please determine if it should be classified as funny or not funny. Base your classification on humor elements such as wit, irony, absurdity, or comedic timing.

### Input:
First time I ever read the dictionary, I thought it was a poem about everything.


### Response:
",Yes
"Female......A good movie, concert, play or book.
",1,14615,"Below is an instruction that describes a sentiment analysis task.

### Instruction:
Given the following text, please determine if it should be classified as funny or not funny. Base your classification on humor elements such as wit, irony, absurdity, or comedic timing.

### Input:
Female......A good movie, concert, play or book.


### Response:
",No
"Anything that you do can get you shot - including doing nothing!
",1,8434,"Below is an instruction that describes a sentiment analysis task.

### Instruction:
Given the following text, please determine if it should be classified as funny or not funny. Base your classification on humor elements such as wit, irony, absurdity, or comedic timing.

### Input:
Anything that you do can get you shot - including doing nothing!


### Response:
",No
"The doctor scolded my mother on her poor choice of IUDs.
",1,6351,"Below is an instruction that describes a sentiment analysis task.

### Instruction:
Given the following text, please determine if it should be classified as funny or not funny. Base your classification on humor elements such as wit, irony, absurdity, or comedic timing.

### Input:
The doctor scolded my mother on her poor choice of IUDs.


### Response:
",No
"IOMEGA TO DISTRIBUTE NOMAI CARTRIDGE DISKS
",0,23824,"Below is an instruction that describes a sentiment analysis task.

### Instruction:
Given the following text, please determine if it should be classified as funny or not funny. Base your classification on humor elements such as wit, irony, absurdity, or comedic timing.

### Input:
IOMEGA TO DISTRIBUTE NOMAI CARTRIDGE DISKS


### Response:
",No
"I don't suffer from insanity; I enjoy every moment of it.
",1,7660,"Below is an instruction that describes a sentiment analysis task.

### Instruction:
Given the following text, please determine if it should be classified as funny or not funny. Base your classification on humor elements such as wit, irony, absurdity, or comedic timing.

### Input:
I don't suffer from insanity; I enjoy every moment of it.


### Response:
",No
"MAN says 1995/96 group net profit rises.
",0,21850,"Below is an instruction that describes a sentiment analysis task.

### Instruction:
Given the following text, please determine if it should be classified as funny or not funny. Base your classification on humor elements such as wit, irony, absurdity, or comedic timing.

### Input:
MAN says 1995/96 group net profit rises.


### Response:
",Yes
"APPLE GETS BRAND NAME IN BRAZIL
",0,22539,"Below is an instruction that describes a sentiment analysis task.

### Instruction:
Given the following text, please determine if it should be classified as funny or not funny. Base your classification on humor elements such as wit, irony, absurdity, or comedic timing.

### Input:
APPLE GETS BRAND NAME IN BRAZIL


### Response:
",No
"Toyota July domestic output up 16% yr/yr.
",0,28550,"Below is an instruction that describes a sentiment analysis task.

### Instruction:
Given the following text, please determine if it should be classified as funny or not funny. Base your classification on humor elements such as wit, irony, absurdity, or comedic timing.

### Input:
Toyota July domestic output up 16% yr/yr.


### Response:
",No
"Manitoba Pork forward contract AM prices - Aug 21.
",0,28426,"Below is an instruction that describes a sentiment analysis task.

### Instruction:
Given the following text, please determine if it should be classified as funny or not funny. Base your classification on humor elements such as wit, irony, absurdity, or comedic timing.

### Input:
Manitoba Pork forward contract AM prices - Aug 21.


### Response:
",No
"Pray for old friends in King's Cross and Earl's Court.
",0,21299,"Below is an instruction that describes a sentiment analysis task.

### Instruction:
Given the following text, please determine if it should be classified as funny or not funny. Base your classification on humor elements such as wit, irony, absurdity, or comedic timing.

### Input:
Pray for old friends in King's Cross and Earl's Court.


### Response:
",No
"Michigan sues tobacco firms for $14 billion.
",0,23210,"Below is an instruction that describes a sentiment analysis task.

### Instruction:
Given the following text, please determine if it should be classified as funny or not funny. Base your classification on humor elements such as wit, irony, absurdity, or comedic timing.

### Input:
Michigan sues tobacco firms for $14 billion.


### Response:
",No
"For companies the benefits of co-operation are clear.
",0,25276,"Below is an instruction that describes a sentiment analysis task.

### Instruction:
Given the following text, please determine if it should be classified as funny or not funny. Base your classification on humor elements such as wit, irony, absurdity, or comedic timing.

### Input:
For companies the benefits of co-operation are clear.


### Response:
",No
"Bubba died in a fire and was burnt pretty bad and the morgue needed someone to identify the body.
",1,4329,"Below is an instruction that describes a sentiment analysis task.

### Instruction:
Given the following text, please determine if it should be classified as funny or not funny. Base your classification on humor elements such as wit, irony, absurdity, or comedic timing.

### Input:
Bubba died in a fire and was burnt pretty bad and the morgue needed someone to identify the body.


### Response:
",No
"Hytek sees Q3 earnings below Q2.
",0,18035,"Below is an instruction that describes a sentiment analysis task.

### Instruction:
Given the following text, please determine if it should be classified as funny or not funny. Base your classification on humor elements such as wit, irony, absurdity, or comedic timing.

### Input:
Hytek sees Q3 earnings below Q2.


### Response:
",No
"You swap a coin for a fish on the way home.
",0,26464,"Below is an instruction that describes a sentiment analysis task.

### Instruction:
Given the following text, please determine if it should be classified as funny or not funny. Base your classification on humor elements such as wit, irony, absurdity, or comedic timing.

### Input:
You swap a coin for a fish on the way home.


### Response:
",No
"The study of economics provides a classic example.
",0,31435,"Below is an instruction that describes a sentiment analysis task.

### Instruction:
Given the following text, please determine if it should be classified as funny or not funny. Base your classification on humor elements such as wit, irony, absurdity, or comedic timing.

### Input:
The study of economics provides a classic example.


### Response:
",No
"I figure that my psychic should know when to call me.
",1,1951,"Below is an instruction that describes a sentiment analysis task.

### Instruction:
Given the following text, please determine if it should be classified as funny or not funny. Base your classification on humor elements such as wit, irony, absurdity, or comedic timing.

### Input:
I figure that my psychic should know when to call me.


### Response:
",No
"Psychiatrists say one in four people is crazy. Check three friends, if they re OK, you re it!
",1,8917,"Below is an instruction that describes a sentiment analysis task.

### Instruction:
Given the following text, please determine if it should be classified as funny or not funny. Base your classification on humor elements such as wit, irony, absurdity, or comedic timing.

### Input:
Psychiatrists say one in four people is crazy. Check three friends, if they re OK, you re it!


### Response:
",Yes
"I take my wife everywhere, but she keeps finding her way back.
",1,4825,"Below is an instruction that describes a sentiment analysis task.

### Instruction:
Given the following text, please determine if it should be classified as funny or not funny. Base your classification on humor elements such as wit, irony, absurdity, or comedic timing.

### Input:
I take my wife everywhere, but she keeps finding her way back.


### Response:
",Yes
"A truly great BBS is either illegal, immoral, or long distance from you.
",1,6752,"Below is an instruction that describes a sentiment analysis task.

### Instruction:
Given the following text, please determine if it should be classified as funny or not funny. Base your classification on humor elements such as wit, irony, absurdity, or comedic timing.

### Input:
A truly great BBS is either illegal, immoral, or long distance from you.


### Response:
",Yes
"Someone who pays an arm and a leg to break them.
",1,6860,"Below is an instruction that describes a sentiment analysis task.

### Instruction:
Given the following text, please determine if it should be classified as funny or not funny. Base your classification on humor elements such as wit, irony, absurdity, or comedic timing.

### Input:
Someone who pays an arm and a leg to break them.


### Response:
",Yes
"Trans Tasman says NZ CBD rentals firming.
",0,30837,"Below is an instruction that describes a sentiment analysis task.

### Instruction:
Given the following text, please determine if it should be classified as funny or not funny. Base your classification on humor elements such as wit, irony, absurdity, or comedic timing.

### Input:
Trans Tasman says NZ CBD rentals firming.


### Response:
",No
"Glowworms are not lanterns.
",0,29066,"Below is an instruction that describes a sentiment analysis task.

### Instruction:
Given the following text, please determine if it should be classified as funny or not funny. Base your classification on humor elements such as wit, irony, absurdity, or comedic timing.

### Input:
Glowworms are not lanterns.


### Response:
",Yes
"Whittaker pushes profit forecast to FY97.
",0,27772,"Below is an instruction that describes a sentiment analysis task.

### Instruction:
Given the following text, please determine if it should be classified as funny or not funny. Base your classification on humor elements such as wit, irony, absurdity, or comedic timing.

### Input:
Whittaker pushes profit forecast to FY97.


### Response:
",No
"If you never go off on a tangent, you are doomed to going in circles.
",1,3074,"Below is an instruction that describes a sentiment analysis task.

### Instruction:
Given the following text, please determine if it should be classified as funny or not funny. Base your classification on humor elements such as wit, irony, absurdity, or comedic timing.

### Input:
If you never go off on a tangent, you are doomed to going in circles.


### Response:
",No
"A fu purse never lacks freends.
",0,16537,"Below is an instruction that describes a sentiment analysis task.

### Instruction:
Given the following text, please determine if it should be classified as funny or not funny. Base your classification on humor elements such as wit, irony, absurdity, or comedic timing.

### Input:
A fu purse never lacks freends.


### Response:
",No
"One bee is as good as a handful of flies.
",0,19051,"Below is an instruction that describes a sentiment analysis task.

### Instruction:
Given the following text, please determine if it should be classified as funny or not funny. Base your classification on humor elements such as wit, irony, absurdity, or comedic timing.

### Input:
One bee is as good as a handful of flies.


### Response:
",No
"You'd look different out of uniform.
",0,16458,"Below is an instruction that describes a sentiment analysis task.

### Instruction:
Given the following text, please determine if it should be classified as funny or not funny. Base your classification on humor elements such as wit, irony, absurdity, or comedic timing.

### Input:
You'd look different out of uniform.


### Response:
",No
"Pageant organizers deny ultimatum to Miss Universe.
",0,21606,"Below is an instruction that describes a sentiment analysis task.

### Instruction:
Given the following text, please determine if it should be classified as funny or not funny. Base your classification on humor elements such as wit, irony, absurdity, or comedic timing.

### Input:
Pageant organizers deny ultimatum to Miss Universe.


### Response:
",No
"Have you ever stopped to think and forgot to start again?
",1,4234,"Below is an instruction that describes a sentiment analysis task.

### Instruction:
Given the following text, please determine if it should be classified as funny or not funny. Base your classification on humor elements such as wit, irony, absurdity, or comedic timing.

### Input:
Have you ever stopped to think and forgot to start again?


### Response:
",Yes
"Next, I found being an electrician interesting, but the work was shocking.
",1,11722,"Below is an instruction that describes a sentiment analysis task.

### Instruction:
Given the following text, please determine if it should be classified as funny or not funny. Base your classification on humor elements such as wit, irony, absurdity, or comedic timing.

### Input:
Next, I found being an electrician interesting, but the work was shocking.


### Response:
",Yes
"Scandinavian Broadcasting Q2 net loss widens.
",0,31294,"Below is an instruction that describes a sentiment analysis task.

### Instruction:
Given the following text, please determine if it should be classified as funny or not funny. Base your classification on humor elements such as wit, irony, absurdity, or comedic timing.

### Input:
Scandinavian Broadcasting Q2 net loss widens.


### Response:
",No
"BUBA triggers European rate cuts with easing.
",0,18536,"Below is an instruction that describes a sentiment analysis task.

### Instruction:
Given the following text, please determine if it should be classified as funny or not funny. Base your classification on humor elements such as wit, irony, absurdity, or comedic timing.

### Input:
BUBA triggers European rate cuts with easing.


### Response:
",No
"Oppostion voters cowed in Bosnia - U.N..
",0,30380,"Below is an instruction that describes a sentiment analysis task.

### Instruction:
Given the following text, please determine if it should be classified as funny or not funny. Base your classification on humor elements such as wit, irony, absurdity, or comedic timing.

### Input:
Oppostion voters cowed in Bosnia - U.N..


### Response:
",Yes
"Adult: A person who has stopped growing at both ends and is now growing in the middle.
",1,5049,"Below is an instruction that describes a sentiment analysis task.

### Instruction:
Given the following text, please determine if it should be classified as funny or not funny. Base your classification on humor elements such as wit, irony, absurdity, or comedic timing.

### Input:
Adult: A person who has stopped growing at both ends and is now growing in the middle.


### Response:
",Yes
"S.T. Chemical -96/97 parent forecast.
",0,30024,"Below is an instruction that describes a sentiment analysis task.

### Instruction:
Given the following text, please determine if it should be classified as funny or not funny. Base your classification on humor elements such as wit, irony, absurdity, or comedic timing.

### Input:
S.T. Chemical -96/97 parent forecast.


### Response:
",No
"There is no fire without smoke.
",0,31886,"Below is an instruction that describes a sentiment analysis task.

### Instruction:
Given the following text, please determine if it should be classified as funny or not funny. Base your classification on humor elements such as wit, irony, absurdity, or comedic timing.

### Input:
There is no fire without smoke.


### Response:
",No
"The thermostat goes out, making it difficult to reach operating temperature.
",1,10152,"Below is an instruction that describes a sentiment analysis task.

### Instruction:
Given the following text, please determine if it should be classified as funny or not funny. Base your classification on humor elements such as wit, irony, absurdity, or comedic timing.

### Input:
The thermostat goes out, making it difficult to reach operating temperature.


### Response:
",No
"A real gentlemen always lifts the toilet seat up... After accidentally pissing all over it.
",1,12727,"Below is an instruction that describes a sentiment analysis task.

### Instruction:
Given the following text, please determine if it should be classified as funny or not funny. Base your classification on humor elements such as wit, irony, absurdity, or comedic timing.

### Input:
A real gentlemen always lifts the toilet seat up... After accidentally pissing all over it.


### Response:
",Yes
"Why is a guinea pig neither from Guinea, nor is it a pig?
",1,1368,"Below is an instruction that describes a sentiment analysis task.

### Instruction:
Given the following text, please determine if it should be classified as funny or not funny. Base your classification on humor elements such as wit, irony, absurdity, or comedic timing.

### Input:
Why is a guinea pig neither from Guinea, nor is it a pig?


### Response:
",No
"To live well, know the difference between good and evil.
",1,4160,"Below is an instruction that describes a sentiment analysis task.

### Instruction:
Given the following text, please determine if it should be classified as funny or not funny. Base your classification on humor elements such as wit, irony, absurdity, or comedic timing.

### Input:
To live well, know the difference between good and evil.


### Response:
",No
"memory of smiles and kisses, rough
",0,26831,"Below is an instruction that describes a sentiment analysis task.

### Instruction:
Given the following text, please determine if it should be classified as funny or not funny. Base your classification on humor elements such as wit, irony, absurdity, or comedic timing.

### Input:
memory of smiles and kisses, rough


### Response:
",No
"WinErr: 00C Memory hog error - More Ram needed. More! More!
",1,9227,"Below is an instruction that describes a sentiment analysis task.

### Instruction:
Given the following text, please determine if it should be classified as funny or not funny. Base your classification on humor elements such as wit, irony, absurdity, or comedic timing.

### Input:
WinErr: 00C Memory hog error - More Ram needed. More! More!


### Response:
",Yes
"When the fox preaches, look to the geese.
",0,26834,"Below is an instruction that describes a sentiment analysis task.

### Instruction:
Given the following text, please determine if it should be classified as funny or not funny. Base your classification on humor elements such as wit, irony, absurdity, or comedic timing.

### Input:
When the fox preaches, look to the geese.


### Response:
",No
"Not that that would bother Constantinos.
",0,23984,"Below is an instruction that describes a sentiment analysis task.

### Instruction:
Given the following text, please determine if it should be classified as funny or not funny. Base your classification on humor elements such as wit, irony, absurdity, or comedic timing.

### Input:
Not that that would bother Constantinos.


### Response:
",Yes
"Who accepts, sells himself.
",0,27788,"Below is an instruction that describes a sentiment analysis task.

### Instruction:
Given the following text, please determine if it should be classified as funny or not funny. Base your classification on humor elements such as wit, irony, absurdity, or comedic timing.

### Input:
Who accepts, sells himself.


### Response:
",Yes
"Reported by Robert Rajaratnam Esq., Barrister
",0,22999,"Below is an instruction that describes a sentiment analysis task.

### Instruction:
Given the following text, please determine if it should be classified as funny or not funny. Base your classification on humor elements such as wit, irony, absurdity, or comedic timing.

### Input:
Reported by Robert Rajaratnam Esq., Barrister


### Response:
",Yes
"Your wife hasn't the foggiest idea of what you do at work.
",1,10069,"Below is an instruction that describes a sentiment analysis task.

### Instruction:
Given the following text, please determine if it should be classified as funny or not funny. Base your classification on humor elements such as wit, irony, absurdity, or comedic timing.

### Input:
Your wife hasn't the foggiest idea of what you do at work.


### Response:
",Yes
"What happens if I want to try alternative forms of medicine?
",1,3925,"Below is an instruction that describes a sentiment analysis task.

### Instruction:
Given the following text, please determine if it should be classified as funny or not funny. Base your classification on humor elements such as wit, irony, absurdity, or comedic timing.

### Input:
What happens if I want to try alternative forms of medicine?


### Response:
",No
"Gumperson's Law: The probability of a given event occurring is inversely proportional to its desirability.
",1,339,"Below is an instruction that describes a sentiment analysis task.

### Instruction:
Given the following text, please determine if it should be classified as funny or not funny. Base your classification on humor elements such as wit, irony, absurdity, or comedic timing.

### Input:
Gumperson's Law: The probability of a given event occurring is inversely proportional to its desirability.


### Response:
",Yes
"You're hotter than a Bunsen burner set to full power!
",1,3928,"Below is an instruction that describes a sentiment analysis task.

### Instruction:
Given the following text, please determine if it should be classified as funny or not funny. Base your classification on humor elements such as wit, irony, absurdity, or comedic timing.

### Input:
You're hotter than a Bunsen burner set to full power!


### Response:
",No
"If a book about failure doesn't sell, is it a success?
",1,5338,"Below is an instruction that describes a sentiment analysis task.

### Instruction:
Given the following text, please determine if it should be classified as funny or not funny. Base your classification on humor elements such as wit, irony, absurdity, or comedic timing.

### Input:
If a book about failure doesn't sell, is it a success?


### Response:
",No
"SURREALISM: You have two giraffes. The government requires you to take harmonica lessons.
",1,10851,"Below is an instruction that describes a sentiment analysis task.

### Instruction:
Given the following text, please determine if it should be classified as funny or not funny. Base your classification on humor elements such as wit, irony, absurdity, or comedic timing.

### Input:
SURREALISM: You have two giraffes. The government requires you to take harmonica lessons.


### Response:
",Yes
"I'm multi-talented. I can drive and piss you off at the same time.
",1,9004,"Below is an instruction that describes a sentiment analysis task.

### Instruction:
Given the following text, please determine if it should be classified as funny or not funny. Base your classification on humor elements such as wit, irony, absurdity, or comedic timing.

### Input:
I'm multi-talented. I can drive and piss you off at the same time.


### Response:
",Yes
"GOLF-WOODS WINS THIRD-STRAIGHT AMATEUR TITLE.
",0,18524,"Below is an instruction that describes a sentiment analysis task.

### Instruction:
Given the following text, please determine if it should be classified as funny or not funny. Base your classification on humor elements such as wit, irony, absurdity, or comedic timing.

### Input:
GOLF-WOODS WINS THIRD-STRAIGHT AMATEUR TITLE.


### Response:
",No
"Everything is possible except skiing through revolving doors.
",1,10675,"Below is an instruction that describes a sentiment analysis task.

### Instruction:
Given the following text, please determine if it should be classified as funny or not funny. Base your classification on humor elements such as wit, irony, absurdity, or comedic timing.

### Input:
Everything is possible except skiing through revolving doors.


### Response:
",No
"Shirk work and you will want bread.
",0,21390,"Below is an instruction that describes a sentiment analysis task.

### Instruction:
Given the following text, please determine if it should be classified as funny or not funny. Base your classification on humor elements such as wit, irony, absurdity, or comedic timing.

### Input:
Shirk work and you will want bread.


### Response:
",No
"Food eaten at Christmas parties has no calories, courtesy of Santa.
",1,7475,"Below is an instruction that describes a sentiment analysis task.

### Instruction:
Given the following text, please determine if it should be classified as funny or not funny. Base your classification on humor elements such as wit, irony, absurdity, or comedic timing.

### Input:
Food eaten at Christmas parties has no calories, courtesy of Santa.


### Response:
",Yes
"In this context of trust and security they engage in sexual relations.
",0,20620,"Below is an instruction that describes a sentiment analysis task.

### Instruction:
Given the following text, please determine if it should be classified as funny or not funny. Base your classification on humor elements such as wit, irony, absurdity, or comedic timing.

### Input:
In this context of trust and security they engage in sexual relations.


### Response:
",Yes
"Anybody who told you to be yourself simply couldn't have given you worse advice...
",1,11404,"Below is an instruction that describes a sentiment analysis task.

### Instruction:
Given the following text, please determine if it should be classified as funny or not funny. Base your classification on humor elements such as wit, irony, absurdity, or comedic timing.

### Input:
Anybody who told you to be yourself simply couldn't have given you worse advice...


### Response:
",No
"Some individual protests continued when the mass subsided.
",0,17861,"Below is an instruction that describes a sentiment analysis task.

### Instruction:
Given the following text, please determine if it should be classified as funny or not funny. Base your classification on humor elements such as wit, irony, absurdity, or comedic timing.

### Input:
Some individual protests continued when the mass subsided.


### Response:
",No
"His mother is a princess, my dear.
",0,22062,"Below is an instruction that describes a sentiment analysis task.

### Instruction:
Given the following text, please determine if it should be classified as funny or not funny. Base your classification on humor elements such as wit, irony, absurdity, or comedic timing.

### Input:
His mother is a princess, my dear.


### Response:
",No
"Don't be alarmed, Arthur Dent... Be very, very frightened.
",1,2389,"Below is an instruction that describes a sentiment analysis task.

### Instruction:
Given the following text, please determine if it should be classified as funny or not funny. Base your classification on humor elements such as wit, irony, absurdity, or comedic timing.

### Input:
Don't be alarmed, Arthur Dent... Be very, very frightened.


### Response:
",Yes
"The dog was exhibiting an extraordinary performance.
",1,14208,"Below is an instruction that describes a sentiment analysis task.

### Instruction:
Given the following text, please determine if it should be classified as funny or not funny. Base your classification on humor elements such as wit, irony, absurdity, or comedic timing.

### Input:
The dog was exhibiting an extraordinary performance.


### Response:
",No
"To give quickly is to give doubly.
",0,24290,"Below is an instruction that describes a sentiment analysis task.

### Instruction:
Given the following text, please determine if it should be classified as funny or not funny. Base your classification on humor elements such as wit, irony, absurdity, or comedic timing.

### Input:
To give quickly is to give doubly.


### Response:
",No
"The program is absolutely right; therefore the computer must be wrong.
",1,6226,"Below is an instruction that describes a sentiment analysis task.

### Instruction:
Given the following text, please determine if it should be classified as funny or not funny. Base your classification on humor elements such as wit, irony, absurdity, or comedic timing.

### Input:
The program is absolutely right; therefore the computer must be wrong.


### Response:
",Yes
"Do as you would be done by.
",0,25305,"Below is an instruction that describes a sentiment analysis task.

### Instruction:
Given the following text, please determine if it should be classified as funny or not funny. Base your classification on humor elements such as wit, irony, absurdity, or comedic timing.

### Input:
Do as you would be done by.


### Response:
",No
"Ethiopian river floods sugar cane fields, homes.
",0,25883,"Below is an instruction that describes a sentiment analysis task.

### Instruction:
Given the following text, please determine if it should be classified as funny or not funny. Base your classification on humor elements such as wit, irony, absurdity, or comedic timing.

### Input:
Ethiopian river floods sugar cane fields, homes.


### Response:
",No
"That's a new one, says a BT man.
",0,20251,"Below is an instruction that describes a sentiment analysis task.

### Instruction:
Given the following text, please determine if it should be classified as funny or not funny. Base your classification on humor elements such as wit, irony, absurdity, or comedic timing.

### Input:
That's a new one, says a BT man.


### Response:
",No
"Never raise your hands to your kids, it leaves your groin unprotected.
",1,12158,"Below is an instruction that describes a sentiment analysis task.

### Instruction:
Given the following text, please determine if it should be classified as funny or not funny. Base your classification on humor elements such as wit, irony, absurdity, or comedic timing.

### Input:
Never raise your hands to your kids, it leaves your groin unprotected.


### Response:
",Yes
"Some call it a six-pack, but to me, it's a support group.
",1,2509,"Below is an instruction that describes a sentiment analysis task.

### Instruction:
Given the following text, please determine if it should be classified as funny or not funny. Base your classification on humor elements such as wit, irony, absurdity, or comedic timing.

### Input:
Some call it a six-pack, but to me, it's a support group.


### Response:
",No
"Very grudgingly he agreed. He took the bucket, walked out the door, down the steps, and out to the beach.
",1,3596,"Below is an instruction that describes a sentiment analysis task.

### Instruction:
Given the following text, please determine if it should be classified as funny or not funny. Base your classification on humor elements such as wit, irony, absurdity, or comedic timing.

### Input:
Very grudgingly he agreed. He took the bucket, walked out the door, down the steps, and out to the beach.


### Response:
",No
"Wellhung: Now I'm unbuttoning your blouse.My hands are trembling.
",1,269,"Below is an instruction that describes a sentiment analysis task.

### Instruction:
Given the following text, please determine if it should be classified as funny or not funny. Base your classification on humor elements such as wit, irony, absurdity, or comedic timing.

### Input:
Wellhung: Now I'm unbuttoning your blouse.My hands are trembling.


### Response:
",No
"If it ain't broke, fix it anyway just to screw it up!
",1,5378,"Below is an instruction that describes a sentiment analysis task.

### Instruction:
Given the following text, please determine if it should be classified as funny or not funny. Base your classification on humor elements such as wit, irony, absurdity, or comedic timing.

### Input:
If it ain't broke, fix it anyway just to screw it up!


### Response:
",Yes
"The vice-chancellors asked for papers to inform their debate on fees at Leeds.
",0,21930,"Below is an instruction that describes a sentiment analysis task.

### Instruction:
Given the following text, please determine if it should be classified as funny or not funny. Base your classification on humor elements such as wit, irony, absurdity, or comedic timing.

### Input:
The vice-chancellors asked for papers to inform their debate on fees at Leeds.


### Response:
",No
"Computer science: Solving today's problems tomorrow.
",1,12724,"Below is an instruction that describes a sentiment analysis task.

### Instruction:
Given the following text, please determine if it should be classified as funny or not funny. Base your classification on humor elements such as wit, irony, absurdity, or comedic timing.

### Input:
Computer science: Solving today's problems tomorrow.


### Response:
",No
"Experience is that marvelous thing that enables you recognize a mistake when you make it again.
",1,192,"Below is an instruction that describes a sentiment analysis task.

### Instruction:
Given the following text, please determine if it should be classified as funny or not funny. Base your classification on humor elements such as wit, irony, absurdity, or comedic timing.

### Input:
Experience is that marvelous thing that enables you recognize a mistake when you make it again.


### Response:
",Yes
"Toothache: the pain that drives you to extraction.
",1,7112,"Below is an instruction that describes a sentiment analysis task.

### Instruction:
Given the following text, please determine if it should be classified as funny or not funny. Base your classification on humor elements such as wit, irony, absurdity, or comedic timing.

### Input:
Toothache: the pain that drives you to extraction.


### Response:
",No
"Do you know why they have to alternate days for Driver's Ed and Sex Education in Iranian schools?
",1,10808,"Below is an instruction that describes a sentiment analysis task.

### Instruction:
Given the following text, please determine if it should be classified as funny or not funny. Base your classification on humor elements such as wit, irony, absurdity, or comedic timing.

### Input:
Do you know why they have to alternate days for Driver's Ed and Sex Education in Iranian schools?


### Response:
",Yes
"I seem to be courting you !
",0,21440,"Below is an instruction that describes a sentiment analysis task.

### Instruction:
Given the following text, please determine if it should be classified as funny or not funny. Base your classification on humor elements such as wit, irony, absurdity, or comedic timing.

### Input:
I seem to be courting you !


### Response:
",Yes
"The Czech's in the mail. Sending Frenchman by FAX.
",1,10339,"Below is an instruction that describes a sentiment analysis task.

### Instruction:
Given the following text, please determine if it should be classified as funny or not funny. Base your classification on humor elements such as wit, irony, absurdity, or comedic timing.

### Input:
The Czech's in the mail. Sending Frenchman by FAX.


### Response:
",Yes
"His brains hang at the top of his fez.
",0,20034,"Below is an instruction that describes a sentiment analysis task.

### Instruction:
Given the following text, please determine if it should be classified as funny or not funny. Base your classification on humor elements such as wit, irony, absurdity, or comedic timing.

### Input:
His brains hang at the top of his fez.


### Response:
",Yes
"Teacher training colleges are also listed, as are books for further reading.
",0,28077,"Below is an instruction that describes a sentiment analysis task.

### Instruction:
Given the following text, please determine if it should be classified as funny or not funny. Base your classification on humor elements such as wit, irony, absurdity, or comedic timing.

### Input:
Teacher training colleges are also listed, as are books for further reading.


### Response:
",No
"Well I shall see to that.
",0,20485,"Below is an instruction that describes a sentiment analysis task.

### Instruction:
Given the following text, please determine if it should be classified as funny or not funny. Base your classification on humor elements such as wit, irony, absurdity, or comedic timing.

### Input:
Well I shall see to that.


### Response:
",Yes
"The further you are in advance of your own positions, the more likely your artillery will shoot short.
",1,1278,"Below is an instruction that describes a sentiment analysis task.

### Instruction:
Given the following text, please determine if it should be classified as funny or not funny. Base your classification on humor elements such as wit, irony, absurdity, or comedic timing.

### Input:
The further you are in advance of your own positions, the more likely your artillery will shoot short.


### Response:
",No
"When my mind wanders away, I'm left sitting here.
",1,10776,"Below is an instruction that describes a sentiment analysis task.

### Instruction:
Given the following text, please determine if it should be classified as funny or not funny. Base your classification on humor elements such as wit, irony, absurdity, or comedic timing.

### Input:
When my mind wanders away, I'm left sitting here.


### Response:
",No
"If you receive something that says ""Send this to all your friends"", please consider me not your friend.
",1,5384,"Below is an instruction that describes a sentiment analysis task.

### Instruction:
Given the following text, please determine if it should be classified as funny or not funny. Base your classification on humor elements such as wit, irony, absurdity, or comedic timing.

### Input:
If you receive something that says ""Send this to all your friends"", please consider me not your friend.


### Response:
",Yes
"LAW 7: No matter how bad your last shot was, the worst is yet to come.
",1,11696,"Below is an instruction that describes a sentiment analysis task.

### Instruction:
Given the following text, please determine if it should be classified as funny or not funny. Base your classification on humor elements such as wit, irony, absurdity, or comedic timing.

### Input:
LAW 7: No matter how bad your last shot was, the worst is yet to come.


### Response:
",No
"Lightfastness ratings are given and details on each pigment's toxicity are included.
",0,21503,"Below is an instruction that describes a sentiment analysis task.

### Instruction:
Given the following text, please determine if it should be classified as funny or not funny. Base your classification on humor elements such as wit, irony, absurdity, or comedic timing.

### Input:
Lightfastness ratings are given and details on each pigment's toxicity are included.


### Response:
",No
"Four bombs hit Corsica, no casualties.
",0,26049,"Below is an instruction that describes a sentiment analysis task.

### Instruction:
Given the following text, please determine if it should be classified as funny or not funny. Base your classification on humor elements such as wit, irony, absurdity, or comedic timing.

### Input:
Four bombs hit Corsica, no casualties.


### Response:
",No
"Provide for the worst; the best can take care of itself.
",0,26321,"Below is an instruction that describes a sentiment analysis task.

### Instruction:
Given the following text, please determine if it should be classified as funny or not funny. Base your classification on humor elements such as wit, irony, absurdity, or comedic timing.

### Input:
Provide for the worst; the best can take care of itself.


### Response:
",No
"RTRS-Argyle denies causing Indian diamond problems.
",0,18319,"Below is an instruction that describes a sentiment analysis task.

### Instruction:
Given the following text, please determine if it should be classified as funny or not funny. Base your classification on humor elements such as wit, irony, absurdity, or comedic timing.

### Input:
RTRS-Argyle denies causing Indian diamond problems.


### Response:
",No
"Yeltsin to return to Moscow Wednesday -Interfax.
",0,22770,"Below is an instruction that describes a sentiment analysis task.

### Instruction:
Given the following text, please determine if it should be classified as funny or not funny. Base your classification on humor elements such as wit, irony, absurdity, or comedic timing.

### Input:
Yeltsin to return to Moscow Wednesday -Interfax.


### Response:
",No
"It's not the pace of life that bothers me; it's the sudden stop at the end.
",1,1991,"Below is an instruction that describes a sentiment analysis task.

### Instruction:
Given the following text, please determine if it should be classified as funny or not funny. Base your classification on humor elements such as wit, irony, absurdity, or comedic timing.

### Input:
It's not the pace of life that bothers me; it's the sudden stop at the end.


### Response:
",No
"Loud blasts echoed up from the valley below.
",0,27901,"Below is an instruction that describes a sentiment analysis task.

### Instruction:
Given the following text, please determine if it should be classified as funny or not funny. Base your classification on humor elements such as wit, irony, absurdity, or comedic timing.

### Input:
Loud blasts echoed up from the valley below.


### Response:
",Yes
"A friend in need... can be a real pain in the ass.
",1,9070,"Below is an instruction that describes a sentiment analysis task.

### Instruction:
Given the following text, please determine if it should be classified as funny or not funny. Base your classification on humor elements such as wit, irony, absurdity, or comedic timing.

### Input:
A friend in need... can be a real pain in the ass.


### Response:
",No
"Most nudists are people you don't want to see naked.
",1,9184,"Below is an instruction that describes a sentiment analysis task.

### Instruction:
Given the following text, please determine if it should be classified as funny or not funny. Base your classification on humor elements such as wit, irony, absurdity, or comedic timing.

### Input:
Most nudists are people you don't want to see naked.


### Response:
",Yes
"Primary dealers quotes on securities - Aug 21.
",0,26566,"Below is an instruction that describes a sentiment analysis task.

### Instruction:
Given the following text, please determine if it should be classified as funny or not funny. Base your classification on humor elements such as wit, irony, absurdity, or comedic timing.

### Input:
Primary dealers quotes on securities - Aug 21.


### Response:
",No
"Lufthansa Cargo makes Dm48.2mln H1 loss.
",0,20552,"Below is an instruction that describes a sentiment analysis task.

### Instruction:
Given the following text, please determine if it should be classified as funny or not funny. Base your classification on humor elements such as wit, irony, absurdity, or comedic timing.

### Input:
Lufthansa Cargo makes Dm48.2mln H1 loss.


### Response:
",No
"The early case-study section demonstrated how they are used in a training environment.
",0,28074,"Below is an instruction that describes a sentiment analysis task.

### Instruction:
Given the following text, please determine if it should be classified as funny or not funny. Base your classification on humor elements such as wit, irony, absurdity, or comedic timing.

### Input:
The early case-study section demonstrated how they are used in a training environment.


### Response:
",No
"Artificial Intelligence: The other guy's opinion.
",1,4787,"Below is an instruction that describes a sentiment analysis task.

### Instruction:
Given the following text, please determine if it should be classified as funny or not funny. Base your classification on humor elements such as wit, irony, absurdity, or comedic timing.

### Input:
Artificial Intelligence: The other guy's opinion.


### Response:
",No
"Italian-Egyptian venture finds more gas off Egypt.
",0,20624,"Below is an instruction that describes a sentiment analysis task.

### Instruction:
Given the following text, please determine if it should be classified as funny or not funny. Base your classification on humor elements such as wit, irony, absurdity, or comedic timing.

### Input:
Italian-Egyptian venture finds more gas off Egypt.


### Response:
",No
"There are twenty seven people on the stage at any one time.
",0,24902,"Below is an instruction that describes a sentiment analysis task.

### Instruction:
Given the following text, please determine if it should be classified as funny or not funny. Base your classification on humor elements such as wit, irony, absurdity, or comedic timing.

### Input:
There are twenty seven people on the stage at any one time.


### Response:
",No
"Limping justice ne'er will fail To hunt out the longest trail.
",0,28186,"Below is an instruction that describes a sentiment analysis task.

### Instruction:
Given the following text, please determine if it should be classified as funny or not funny. Base your classification on humor elements such as wit, irony, absurdity, or comedic timing.

### Input:
Limping justice ne'er will fail To hunt out the longest trail.


### Response:
",Yes
"I dunno what she's doing, but she's smiling real nice at me.
",0,21436,"Below is an instruction that describes a sentiment analysis task.

### Instruction:
Given the following text, please determine if it should be classified as funny or not funny. Base your classification on humor elements such as wit, irony, absurdity, or comedic timing.

### Input:
I dunno what she's doing, but she's smiling real nice at me.


### Response:
",Yes
"Sometimes the depths of your stupidity amazes me.
",1,10647,"Below is an instruction that describes a sentiment analysis task.

### Instruction:
Given the following text, please determine if it should be classified as funny or not funny. Base your classification on humor elements such as wit, irony, absurdity, or comedic timing.

### Input:
Sometimes the depths of your stupidity amazes me.


### Response:
",Yes
"Profanity is one language all programmers know best.
",1,6212,"Below is an instruction that describes a sentiment analysis task.

### Instruction:
Given the following text, please determine if it should be classified as funny or not funny. Base your classification on humor elements such as wit, irony, absurdity, or comedic timing.

### Input:
Profanity is one language all programmers know best.


### Response:
",No
"No relation is poor.
",0,29158,"Below is an instruction that describes a sentiment analysis task.

### Instruction:
Given the following text, please determine if it should be classified as funny or not funny. Base your classification on humor elements such as wit, irony, absurdity, or comedic timing.

### Input:
No relation is poor.


### Response:
",Yes
"When you give a waitress a ""tip,"" the letters T-I-P stand for something. What?
",1,15683,"Below is an instruction that describes a sentiment analysis task.

### Instruction:
Given the following text, please determine if it should be classified as funny or not funny. Base your classification on humor elements such as wit, irony, absurdity, or comedic timing.

### Input:
When you give a waitress a ""tip,"" the letters T-I-P stand for something. What?


### Response:
",No
"How can you tell soap operas are fictional? Their target audience is women.
",1,15922,"Below is an instruction that describes a sentiment analysis task.

### Instruction:
Given the following text, please determine if it should be classified as funny or not funny. Base your classification on humor elements such as wit, irony, absurdity, or comedic timing.

### Input:
How can you tell soap operas are fictional? Their target audience is women.


### Response:
",Yes
"Thou shalt not jump onto the toilet seat just as thy human is sitting down.
",1,15645,"Below is an instruction that describes a sentiment analysis task.

### Instruction:
Given the following text, please determine if it should be classified as funny or not funny. Base your classification on humor elements such as wit, irony, absurdity, or comedic timing.

### Input:
Thou shalt not jump onto the toilet seat just as thy human is sitting down.


### Response:
",Yes
"When you make your mark in the world, watch out for guys with erasers.
",1,6270,"Below is an instruction that describes a sentiment analysis task.

### Instruction:
Given the following text, please determine if it should be classified as funny or not funny. Base your classification on humor elements such as wit, irony, absurdity, or comedic timing.

### Input:
When you make your mark in the world, watch out for guys with erasers.


### Response:
",No
"Law of Revelation: The hidden flaw never remains hidden.
",1,3238,"Below is an instruction that describes a sentiment analysis task.

### Instruction:
Given the following text, please determine if it should be classified as funny or not funny. Base your classification on humor elements such as wit, irony, absurdity, or comedic timing.

### Input:
Law of Revelation: The hidden flaw never remains hidden.


### Response:
",No
"An ass does not stumble twice over the same stone.
",0,20732,"Below is an instruction that describes a sentiment analysis task.

### Instruction:
Given the following text, please determine if it should be classified as funny or not funny. Base your classification on humor elements such as wit, irony, absurdity, or comedic timing.

### Input:
An ass does not stumble twice over the same stone.


### Response:
",No
"It's ok to do the right thing as long as you don't get caught.
",1,9134,"Below is an instruction that describes a sentiment analysis task.

### Instruction:
Given the following text, please determine if it should be classified as funny or not funny. Base your classification on humor elements such as wit, irony, absurdity, or comedic timing.

### Input:
It's ok to do the right thing as long as you don't get caught.


### Response:
",No
"PRESS DIGEST - Croatia - Aug 21.
",0,29506,"Below is an instruction that describes a sentiment analysis task.

### Instruction:
Given the following text, please determine if it should be classified as funny or not funny. Base your classification on humor elements such as wit, irony, absurdity, or comedic timing.

### Input:
PRESS DIGEST - Croatia - Aug 21.


### Response:
",No
"The wins, the defeats and more defeats.
",0,30439,"Below is an instruction that describes a sentiment analysis task.

### Instruction:
Given the following text, please determine if it should be classified as funny or not funny. Base your classification on humor elements such as wit, irony, absurdity, or comedic timing.

### Input:
The wins, the defeats and more defeats.


### Response:
",No
"At Age 70 success is . . . having a drivers license.
",1,14351,"Below is an instruction that describes a sentiment analysis task.

### Instruction:
Given the following text, please determine if it should be classified as funny or not funny. Base your classification on humor elements such as wit, irony, absurdity, or comedic timing.

### Input:
At Age 70 success is . . . having a drivers license.


### Response:
",No
"It's a funny thing, the more I practice the luckier I get.
",1,9131,"Below is an instruction that describes a sentiment analysis task.

### Instruction:
Given the following text, please determine if it should be classified as funny or not funny. Base your classification on humor elements such as wit, irony, absurdity, or comedic timing.

### Input:
It's a funny thing, the more I practice the luckier I get.


### Response:
",No
"Copyright 2004.Indianchild.com. Funny quotes, funny quotations.
",1,1172,"Below is an instruction that describes a sentiment analysis task.

### Instruction:
Given the following text, please determine if it should be classified as funny or not funny. Base your classification on humor elements such as wit, irony, absurdity, or comedic timing.

### Input:
Copyright 2004.Indianchild.com. Funny quotes, funny quotations.


### Response:
",No
"Sweetheart: I'm buttoning my blouse. Now I'm putting on my shoes.
",1,15804,"Below is an instruction that describes a sentiment analysis task.

### Instruction:
Given the following text, please determine if it should be classified as funny or not funny. Base your classification on humor elements such as wit, irony, absurdity, or comedic timing.

### Input:
Sweetheart: I'm buttoning my blouse. Now I'm putting on my shoes.


### Response:
",Yes
"A wave of cold seemed to emanate through the funereal drapery.
",0,28106,"Below is an instruction that describes a sentiment analysis task.

### Instruction:
Given the following text, please determine if it should be classified as funny or not funny. Base your classification on humor elements such as wit, irony, absurdity, or comedic timing.

### Input:
A wave of cold seemed to emanate through the funereal drapery.


### Response:
",No
"The effort of understanding was not being made by me alone.
",0,28020,"Below is an instruction that describes a sentiment analysis task.

### Instruction:
Given the following text, please determine if it should be classified as funny or not funny. Base your classification on humor elements such as wit, irony, absurdity, or comedic timing.

### Input:
The effort of understanding was not being made by me alone.


### Response:
",No
"Greyhound: A very short skirt, only an inch from the hare.
",1,4375,"Below is an instruction that describes a sentiment analysis task.

### Instruction:
Given the following text, please determine if it should be classified as funny or not funny. Base your classification on humor elements such as wit, irony, absurdity, or comedic timing.

### Input:
Greyhound: A very short skirt, only an inch from the hare.


### Response:
",Yes
"Lots of comedians have people they try to mimic. I mimic my shadow.
",1,9057,"Below is an instruction that describes a sentiment analysis task.

### Instruction:
Given the following text, please determine if it should be classified as funny or not funny. Base your classification on humor elements such as wit, irony, absurdity, or comedic timing.

### Input:
Lots of comedians have people they try to mimic. I mimic my shadow.


### Response:
",Yes
"Happy is the man who is out of debt.
",0,27262,"Below is an instruction that describes a sentiment analysis task.

### Instruction:
Given the following text, please determine if it should be classified as funny or not funny. Base your classification on humor elements such as wit, irony, absurdity, or comedic timing.

### Input:
Happy is the man who is out of debt.


### Response:
",No
"All his talk meant nothing now.
",0,28850,"Below is an instruction that describes a sentiment analysis task.

### Instruction:
Given the following text, please determine if it should be classified as funny or not funny. Base your classification on humor elements such as wit, irony, absurdity, or comedic timing.

### Input:
All his talk meant nothing now.


### Response:
",Yes
"What is another's always sighs for its master.
",0,23518,"Below is an instruction that describes a sentiment analysis task.

### Instruction:
Given the following text, please determine if it should be classified as funny or not funny. Base your classification on humor elements such as wit, irony, absurdity, or comedic timing.

### Input:
What is another's always sighs for its master.


### Response:
",No
"When flies swarm in March, sheep come to their death.
",0,29247,"Below is an instruction that describes a sentiment analysis task.

### Instruction:
Given the following text, please determine if it should be classified as funny or not funny. Base your classification on humor elements such as wit, irony, absurdity, or comedic timing.

### Input:
When flies swarm in March, sheep come to their death.


### Response:
",No
"PRESS DIGEST - Bosnia - Aug 20.
",0,25797,"Below is an instruction that describes a sentiment analysis task.

### Instruction:
Given the following text, please determine if it should be classified as funny or not funny. Base your classification on humor elements such as wit, irony, absurdity, or comedic timing.

### Input:
PRESS DIGEST - Bosnia - Aug 20.


### Response:
",No
"A verbal contract isn't worth the paper it's printed on.
",1,9901,"Below is an instruction that describes a sentiment analysis task.

### Instruction:
Given the following text, please determine if it should be classified as funny or not funny. Base your classification on humor elements such as wit, irony, absurdity, or comedic timing.

### Input:
A verbal contract isn't worth the paper it's printed on.


### Response:
",No
"They will provide serious competition, Glennon said, prices will almost certainly fall.
",0,21804,"Below is an instruction that describes a sentiment analysis task.

### Instruction:
Given the following text, please determine if it should be classified as funny or not funny. Base your classification on humor elements such as wit, irony, absurdity, or comedic timing.

### Input:
They will provide serious competition, Glennon said, prices will almost certainly fall.


### Response:
",No
"There's more truth to this than we realize... What have we become???
",1,429,"Below is an instruction that describes a sentiment analysis task.

### Instruction:
Given the following text, please determine if it should be classified as funny or not funny. Base your classification on humor elements such as wit, irony, absurdity, or comedic timing.

### Input:
There's more truth to this than we realize... What have we become???


### Response:
",No
"The magnitude of the goof is in direct proportion to the cost of the fabric.
",1,10162,"Below is an instruction that describes a sentiment analysis task.

### Instruction:
Given the following text, please determine if it should be classified as funny or not funny. Base your classification on humor elements such as wit, irony, absurdity, or comedic timing.

### Input:
The magnitude of the goof is in direct proportion to the cost of the fabric.


### Response:
",No
"I used to have a drug problem, but now I have more money.
",1,4136,"Below is an instruction that describes a sentiment analysis task.

### Instruction:
Given the following text, please determine if it should be classified as funny or not funny. Base your classification on humor elements such as wit, irony, absurdity, or comedic timing.

### Input:
I used to have a drug problem, but now I have more money.


### Response:
",No
"Only the Centre's music-theatrical astuteness remains, perhaps, in question.
",0,21501,"Below is an instruction that describes a sentiment analysis task.

### Instruction:
Given the following text, please determine if it should be classified as funny or not funny. Base your classification on humor elements such as wit, irony, absurdity, or comedic timing.

### Input:
Only the Centre's music-theatrical astuteness remains, perhaps, in question.


### Response:
",No
"The same fire purifies gold and consumes straw.
",0,22145,"Below is an instruction that describes a sentiment analysis task.

### Instruction:
Given the following text, please determine if it should be classified as funny or not funny. Base your classification on humor elements such as wit, irony, absurdity, or comedic timing.

### Input:
The same fire purifies gold and consumes straw.


### Response:
",No
"A man without a smiling face must not open shop.
",0,16296,"Below is an instruction that describes a sentiment analysis task.

### Instruction:
Given the following text, please determine if it should be classified as funny or not funny. Base your classification on humor elements such as wit, irony, absurdity, or comedic timing.

### Input:
A man without a smiling face must not open shop.


### Response:
",Yes
"The Israeli company reports figures in US dollars.
",0,18752,"Below is an instruction that describes a sentiment analysis task.

### Instruction:
Given the following text, please determine if it should be classified as funny or not funny. Base your classification on humor elements such as wit, irony, absurdity, or comedic timing.

### Input:
The Israeli company reports figures in US dollars.


### Response:
",No
"Money is like manure - it is meant to be spread around.
",1,13998,"Below is an instruction that describes a sentiment analysis task.

### Instruction:
Given the following text, please determine if it should be classified as funny or not funny. Base your classification on humor elements such as wit, irony, absurdity, or comedic timing.

### Input:
Money is like manure - it is meant to be spread around.


### Response:
",No
"Unilever detergent ad sparks 'racist' charge.
",0,23019,"Below is an instruction that describes a sentiment analysis task.

### Instruction:
Given the following text, please determine if it should be classified as funny or not funny. Base your classification on humor elements such as wit, irony, absurdity, or comedic timing.

### Input:
Unilever detergent ad sparks 'racist' charge.


### Response:
",No
"With some people you spend time, with others you invest it.
",1,4616,"Below is an instruction that describes a sentiment analysis task.

### Instruction:
Given the following text, please determine if it should be classified as funny or not funny. Base your classification on humor elements such as wit, irony, absurdity, or comedic timing.

### Input:
With some people you spend time, with others you invest it.


### Response:
",No
"He that blows in the dust fills his eyes with it.
",0,26471,"Below is an instruction that describes a sentiment analysis task.

### Instruction:
Given the following text, please determine if it should be classified as funny or not funny. Base your classification on humor elements such as wit, irony, absurdity, or comedic timing.

### Input:
He that blows in the dust fills his eyes with it.


### Response:
",No
"How could I have been doing 70 miles an hour when I've only been driving for 10 minutes?
",1,14403,"Below is an instruction that describes a sentiment analysis task.

### Instruction:
Given the following text, please determine if it should be classified as funny or not funny. Base your classification on humor elements such as wit, irony, absurdity, or comedic timing.

### Input:
How could I have been doing 70 miles an hour when I've only been driving for 10 minutes?


### Response:
",Yes
"Climate is what we expect. Weather is what we get.
",1,8635,"Below is an instruction that describes a sentiment analysis task.

### Instruction:
Given the following text, please determine if it should be classified as funny or not funny. Base your classification on humor elements such as wit, irony, absurdity, or comedic timing.

### Input:
Climate is what we expect. Weather is what we get.


### Response:
",No
"Ho looked up at the dawn-streaked sky.
",0,26112,"Below is an instruction that describes a sentiment analysis task.

### Instruction:
Given the following text, please determine if it should be classified as funny or not funny. Base your classification on humor elements such as wit, irony, absurdity, or comedic timing.

### Input:
Ho looked up at the dawn-streaked sky.


### Response:
",Yes
"Roswell on Showtime, The Truth is on Their Shoulders.
",1,12400,"Below is an instruction that describes a sentiment analysis task.

### Instruction:
Given the following text, please determine if it should be classified as funny or not funny. Base your classification on humor elements such as wit, irony, absurdity, or comedic timing.

### Input:
Roswell on Showtime, The Truth is on Their Shoulders.


### Response:
",No
"An advantage of poverty: your relatives gain nothing by your death.
",0,31363,"Below is an instruction that describes a sentiment analysis task.

### Instruction:
Given the following text, please determine if it should be classified as funny or not funny. Base your classification on humor elements such as wit, irony, absurdity, or comedic timing.

### Input:
An advantage of poverty: your relatives gain nothing by your death.


### Response:
",No
"Workers on strike at Quaker Oats plant.
",0,30531,"Below is an instruction that describes a sentiment analysis task.

### Instruction:
Given the following text, please determine if it should be classified as funny or not funny. Base your classification on humor elements such as wit, irony, absurdity, or comedic timing.

### Input:
Workers on strike at Quaker Oats plant.


### Response:
",No
"A conclusion is the place where you got tired of thinking.
",1,10087,"Below is an instruction that describes a sentiment analysis task.

### Instruction:
Given the following text, please determine if it should be classified as funny or not funny. Base your classification on humor elements such as wit, irony, absurdity, or comedic timing.

### Input:
A conclusion is the place where you got tired of thinking.


### Response:
",Yes
"It is more necessary to guard the mouth than the chest.
",0,26191,"Below is an instruction that describes a sentiment analysis task.

### Instruction:
Given the following text, please determine if it should be classified as funny or not funny. Base your classification on humor elements such as wit, irony, absurdity, or comedic timing.

### Input:
It is more necessary to guard the mouth than the chest.


### Response:
",No
"Kevorkian activity alarms critics, supporters.
",0,16844,"Below is an instruction that describes a sentiment analysis task.

### Instruction:
Given the following text, please determine if it should be classified as funny or not funny. Base your classification on humor elements such as wit, irony, absurdity, or comedic timing.

### Input:
Kevorkian activity alarms critics, supporters.


### Response:
",No
"When something goes does go wrong, it won't be the thing you expected.
",1,7150,"Below is an instruction that describes a sentiment analysis task.

### Instruction:
Given the following text, please determine if it should be classified as funny or not funny. Base your classification on humor elements such as wit, irony, absurdity, or comedic timing.

### Input:
When something goes does go wrong, it won't be the thing you expected.


### Response:
",No
"WTD Industries Q1 turns to profit.
",0,28677,"Below is an instruction that describes a sentiment analysis task.

### Instruction:
Given the following text, please determine if it should be classified as funny or not funny. Base your classification on humor elements such as wit, irony, absurdity, or comedic timing.

### Input:
WTD Industries Q1 turns to profit.


### Response:
",No
"Tokyo stocks end sharply down on sparse turnover.
",0,16519,"Below is an instruction that describes a sentiment analysis task.

### Instruction:
Given the following text, please determine if it should be classified as funny or not funny. Base your classification on humor elements such as wit, irony, absurdity, or comedic timing.

### Input:
Tokyo stocks end sharply down on sparse turnover.


### Response:
",No
"Although several pairs often lay near each other, pits are vigorously defended against neighbours.
",0,24328,"Below is an instruction that describes a sentiment analysis task.

### Instruction:
Given the following text, please determine if it should be classified as funny or not funny. Base your classification on humor elements such as wit, irony, absurdity, or comedic timing.

### Input:
Although several pairs often lay near each other, pits are vigorously defended against neighbours.


### Response:
",Yes
"European raw cotton enquiries on the increase.
",0,29341,"Below is an instruction that describes a sentiment analysis task.

### Instruction:
Given the following text, please determine if it should be classified as funny or not funny. Base your classification on humor elements such as wit, irony, absurdity, or comedic timing.

### Input:
European raw cotton enquiries on the increase.


### Response:
",No
"If it wasn't for muscle spasms, I wouldn't get any exercise at all.
",1,14818,"Below is an instruction that describes a sentiment analysis task.

### Instruction:
Given the following text, please determine if it should be classified as funny or not funny. Base your classification on humor elements such as wit, irony, absurdity, or comedic timing.

### Input:
If it wasn't for muscle spasms, I wouldn't get any exercise at all.


### Response:
",No
"Everyone makes mistakes. The trick is to make mistakes when nobody is looking.
",1,14439,"Below is an instruction that describes a sentiment analysis task.

### Instruction:
Given the following text, please determine if it should be classified as funny or not funny. Base your classification on humor elements such as wit, irony, absurdity, or comedic timing.

### Input:
Everyone makes mistakes. The trick is to make mistakes when nobody is looking.


### Response:
",No
"The surest way to convey misinformation is to tell the strict truth.
",1,8196,"Below is an instruction that describes a sentiment analysis task.

### Instruction:
Given the following text, please determine if it should be classified as funny or not funny. Base your classification on humor elements such as wit, irony, absurdity, or comedic timing.

### Input:
The surest way to convey misinformation is to tell the strict truth.


### Response:
",No
"Eat well, drink in moderation, and sleep sound, in these three good health abound.
",0,17118,"Below is an instruction that describes a sentiment analysis task.

### Instruction:
Given the following text, please determine if it should be classified as funny or not funny. Base your classification on humor elements such as wit, irony, absurdity, or comedic timing.

### Input:
Eat well, drink in moderation, and sleep sound, in these three good health abound.


### Response:
",No
"No electrons were harmed in the creation of this message.
",1,12244,"Below is an instruction that describes a sentiment analysis task.

### Instruction:
Given the following text, please determine if it should be classified as funny or not funny. Base your classification on humor elements such as wit, irony, absurdity, or comedic timing.

### Input:
No electrons were harmed in the creation of this message.


### Response:
",Yes
"The pew cushions were also re-covered, as a gift, to match the new carpet.
",0,31115,"Below is an instruction that describes a sentiment analysis task.

### Instruction:
Given the following text, please determine if it should be classified as funny or not funny. Base your classification on humor elements such as wit, irony, absurdity, or comedic timing.

### Input:
The pew cushions were also re-covered, as a gift, to match the new carpet.


### Response:
",No
"You may need to form alliances for your ideas.
",0,26244,"Below is an instruction that describes a sentiment analysis task.

### Instruction:
Given the following text, please determine if it should be classified as funny or not funny. Base your classification on humor elements such as wit, irony, absurdity, or comedic timing.

### Input:
You may need to form alliances for your ideas.


### Response:
",No
"Quizmaster; In which European country is Mount Etna ?
",1,14648,"Below is an instruction that describes a sentiment analysis task.

### Instruction:
Given the following text, please determine if it should be classified as funny or not funny. Base your classification on humor elements such as wit, irony, absurdity, or comedic timing.

### Input:
Quizmaster; In which European country is Mount Etna ?


### Response:
",No
"Water is the strongest drink; it drives mills.
",0,23108,"Below is an instruction that describes a sentiment analysis task.

### Instruction:
Given the following text, please determine if it should be classified as funny or not funny. Base your classification on humor elements such as wit, irony, absurdity, or comedic timing.

### Input:
Water is the strongest drink; it drives mills.


### Response:
",No
"There is nothing wrong with abstinence, in moderation.
",1,4044,"Below is an instruction that describes a sentiment analysis task.

### Instruction:
Given the following text, please determine if it should be classified as funny or not funny. Base your classification on humor elements such as wit, irony, absurdity, or comedic timing.

### Input:
There is nothing wrong with abstinence, in moderation.


### Response:
",No
"Beware of dark rooms ... They might be the morgue.
",1,654,"Below is an instruction that describes a sentiment analysis task.

### Instruction:
Given the following text, please determine if it should be classified as funny or not funny. Base your classification on humor elements such as wit, irony, absurdity, or comedic timing.

### Input:
Beware of dark rooms ... They might be the morgue.


### Response:
",Yes
"Sex is like air. Its not important until youre not getting any.
",1,1274,"Below is an instruction that describes a sentiment analysis task.

### Instruction:
Given the following text, please determine if it should be classified as funny or not funny. Base your classification on humor elements such as wit, irony, absurdity, or comedic timing.

### Input:
Sex is like air. Its not important until youre not getting any.


### Response:
",No
"You never know how many friends you have until you rent a house on the beach.
",1,705,"Below is an instruction that describes a sentiment analysis task.

### Instruction:
Given the following text, please determine if it should be classified as funny or not funny. Base your classification on humor elements such as wit, irony, absurdity, or comedic timing.

### Input:
You never know how many friends you have until you rent a house on the beach.


### Response:
",No
"When at loss for the right word to say ... try silence.
",1,5818,"Below is an instruction that describes a sentiment analysis task.

### Instruction:
Given the following text, please determine if it should be classified as funny or not funny. Base your classification on humor elements such as wit, irony, absurdity, or comedic timing.

### Input:
When at loss for the right word to say ... try silence.


### Response:
",No
"I never spit in your drink, why do you smoke in my air?
",1,13298,"Below is an instruction that describes a sentiment analysis task.

### Instruction:
Given the following text, please determine if it should be classified as funny or not funny. Base your classification on humor elements such as wit, irony, absurdity, or comedic timing.

### Input:
I never spit in your drink, why do you smoke in my air?


### Response:
",No
"There are many days in the year, and still more meals.
",0,17025,"Below is an instruction that describes a sentiment analysis task.

### Instruction:
Given the following text, please determine if it should be classified as funny or not funny. Base your classification on humor elements such as wit, irony, absurdity, or comedic timing.

### Input:
There are many days in the year, and still more meals.


### Response:
",No
"Hey- Yo momma's SO POOR, She Goes to KFC and licks other peoples fingers!
",1,4678,"Below is an instruction that describes a sentiment analysis task.

### Instruction:
Given the following text, please determine if it should be classified as funny or not funny. Base your classification on humor elements such as wit, irony, absurdity, or comedic timing.

### Input:
Hey- Yo momma's SO POOR, She Goes to KFC and licks other peoples fingers!


### Response:
",Yes
"I mean, where are you going to find three wise men?
",1,11751,"Below is an instruction that describes a sentiment analysis task.

### Instruction:
Given the following text, please determine if it should be classified as funny or not funny. Base your classification on humor elements such as wit, irony, absurdity, or comedic timing.

### Input:
I mean, where are you going to find three wise men?


### Response:
",No
"Avoid the 5 o'clock rush - always leave work at noon.
",1,2980,"Below is an instruction that describes a sentiment analysis task.

### Instruction:
Given the following text, please determine if it should be classified as funny or not funny. Base your classification on humor elements such as wit, irony, absurdity, or comedic timing.

### Input:
Avoid the 5 o'clock rush - always leave work at noon.


### Response:
",Yes
"Federal Employment Principle: confusion creates jobs.
",1,6208,"Below is an instruction that describes a sentiment analysis task.

### Instruction:
Given the following text, please determine if it should be classified as funny or not funny. Base your classification on humor elements such as wit, irony, absurdity, or comedic timing.

### Input:
Federal Employment Principle: confusion creates jobs.


### Response:
",Yes
"Add legs to the snake after you have finished drawing it.
",0,24151,"Below is an instruction that describes a sentiment analysis task.

### Instruction:
Given the following text, please determine if it should be classified as funny or not funny. Base your classification on humor elements such as wit, irony, absurdity, or comedic timing.

### Input:
Add legs to the snake after you have finished drawing it.


### Response:
",Yes
"Four out of five people think the 5th is an idiot.
",1,6376,"Below is an instruction that describes a sentiment analysis task.

### Instruction:
Given the following text, please determine if it should be classified as funny or not funny. Base your classification on humor elements such as wit, irony, absurdity, or comedic timing.

### Input:
Four out of five people think the 5th is an idiot.


### Response:
",Yes
"They will be multi-purpose machines serving the communications, applications and database specific markets.
",0,23186,"Below is an instruction that describes a sentiment analysis task.

### Instruction:
Given the following text, please determine if it should be classified as funny or not funny. Base your classification on humor elements such as wit, irony, absurdity, or comedic timing.

### Input:
They will be multi-purpose machines serving the communications, applications and database specific markets.


### Response:
",No
"BASEBALL-CAMINITI GRAND SLAM LEADS PADRES PAST EXPOS.
",0,29038,"Below is an instruction that describes a sentiment analysis task.

### Instruction:
Given the following text, please determine if it should be classified as funny or not funny. Base your classification on humor elements such as wit, irony, absurdity, or comedic timing.

### Input:
BASEBALL-CAMINITI GRAND SLAM LEADS PADRES PAST EXPOS.


### Response:
",No
"PRESS DIGEST - Wall Street Journal - Aug 21.
",0,28208,"Below is an instruction that describes a sentiment analysis task.

### Instruction:
Given the following text, please determine if it should be classified as funny or not funny. Base your classification on humor elements such as wit, irony, absurdity, or comedic timing.

### Input:
PRESS DIGEST - Wall Street Journal - Aug 21.


### Response:
",No
"Put your brain in gear before starting your mouth.
",1,4276,"Below is an instruction that describes a sentiment analysis task.

### Instruction:
Given the following text, please determine if it should be classified as funny or not funny. Base your classification on humor elements such as wit, irony, absurdity, or comedic timing.

### Input:
Put your brain in gear before starting your mouth.


### Response:
",No
"Sluts are good enough to make slovens' pottage.
",0,28529,"Below is an instruction that describes a sentiment analysis task.

### Instruction:
Given the following text, please determine if it should be classified as funny or not funny. Base your classification on humor elements such as wit, irony, absurdity, or comedic timing.

### Input:
Sluts are good enough to make slovens' pottage.


### Response:
",No
"It's hard to be graceful getting off you high horse.
",1,10823,"Below is an instruction that describes a sentiment analysis task.

### Instruction:
Given the following text, please determine if it should be classified as funny or not funny. Base your classification on humor elements such as wit, irony, absurdity, or comedic timing.

### Input:
It's hard to be graceful getting off you high horse.


### Response:
",Yes
"NWE naphtha firmer as crude rallies.
",0,25569,"Below is an instruction that describes a sentiment analysis task.

### Instruction:
Given the following text, please determine if it should be classified as funny or not funny. Base your classification on humor elements such as wit, irony, absurdity, or comedic timing.

### Input:
NWE naphtha firmer as crude rallies.


### Response:
",No
"I'd love to stay and listen to you talk about yourself, but I gotta run.
",1,11397,"Below is an instruction that describes a sentiment analysis task.

### Instruction:
Given the following text, please determine if it should be classified as funny or not funny. Base your classification on humor elements such as wit, irony, absurdity, or comedic timing.

### Input:
I'd love to stay and listen to you talk about yourself, but I gotta run.


### Response:
",Yes
"The jawbone of a jackass was a killer in Samson's day.....it still is.
",1,1312,"Below is an instruction that describes a sentiment analysis task.

### Instruction:
Given the following text, please determine if it should be classified as funny or not funny. Base your classification on humor elements such as wit, irony, absurdity, or comedic timing.

### Input:
The jawbone of a jackass was a killer in Samson's day.....it still is.


### Response:
",No
"What's clear and smells like carrots? A Rabbit fart.
",1,14531,"Below is an instruction that describes a sentiment analysis task.

### Instruction:
Given the following text, please determine if it should be classified as funny or not funny. Base your classification on humor elements such as wit, irony, absurdity, or comedic timing.

### Input:
What's clear and smells like carrots? A Rabbit fart.


### Response:
",Yes
"There is a cause for all things.
",0,30529,"Below is an instruction that describes a sentiment analysis task.

### Instruction:
Given the following text, please determine if it should be classified as funny or not funny. Base your classification on humor elements such as wit, irony, absurdity, or comedic timing.

### Input:
There is a cause for all things.


### Response:
",No
"I have faith in fools, my friends call it self-confidence.
",1,9235,"Below is an instruction that describes a sentiment analysis task.

### Instruction:
Given the following text, please determine if it should be classified as funny or not funny. Base your classification on humor elements such as wit, irony, absurdity, or comedic timing.

### Input:
I have faith in fools, my friends call it self-confidence.


### Response:
",No
"How many Gardnerians does it take to change a light bulb?
",1,4464,"Below is an instruction that describes a sentiment analysis task.

### Instruction:
Given the following text, please determine if it should be classified as funny or not funny. Base your classification on humor elements such as wit, irony, absurdity, or comedic timing.

### Input:
How many Gardnerians does it take to change a light bulb?


### Response:
",Yes
"To forgive calls upon our love - to forget calls upon our strength.
",1,7972,"Below is an instruction that describes a sentiment analysis task.

### Instruction:
Given the following text, please determine if it should be classified as funny or not funny. Base your classification on humor elements such as wit, irony, absurdity, or comedic timing.

### Input:
To forgive calls upon our love - to forget calls upon our strength.


### Response:
",No
"He who wills the end, wills the means.
",0,31073,"Below is an instruction that describes a sentiment analysis task.

### Instruction:
Given the following text, please determine if it should be classified as funny or not funny. Base your classification on humor elements such as wit, irony, absurdity, or comedic timing.

### Input:
He who wills the end, wills the means.


### Response:
",No
"What does Geronimo say when he jumps out of a plane?
",1,3755,"Below is an instruction that describes a sentiment analysis task.

### Instruction:
Given the following text, please determine if it should be classified as funny or not funny. Base your classification on humor elements such as wit, irony, absurdity, or comedic timing.

### Input:
What does Geronimo say when he jumps out of a plane?


### Response:
",Yes
"Success isn't how far you got, but the distance you traveled from where you started.
",1,9061,"Below is an instruction that describes a sentiment analysis task.

### Instruction:
Given the following text, please determine if it should be classified as funny or not funny. Base your classification on humor elements such as wit, irony, absurdity, or comedic timing.

### Input:
Success isn't how far you got, but the distance you traveled from where you started.


### Response:
",No
"IBJ to pay extra tax as write-off method rejected.
",0,21750,"Below is an instruction that describes a sentiment analysis task.

### Instruction:
Given the following text, please determine if it should be classified as funny or not funny. Base your classification on humor elements such as wit, irony, absurdity, or comedic timing.

### Input:
IBJ to pay extra tax as write-off method rejected.


### Response:
",No
"The best chance of our understanding this link comes from studies of the fruit-fly.
",0,20402,"Below is an instruction that describes a sentiment analysis task.

### Instruction:
Given the following text, please determine if it should be classified as funny or not funny. Base your classification on humor elements such as wit, irony, absurdity, or comedic timing.

### Input:
The best chance of our understanding this link comes from studies of the fruit-fly.


### Response:
",No
"Alibi: proof that you were in two places at once.
",1,5125,"Below is an instruction that describes a sentiment analysis task.

### Instruction:
Given the following text, please determine if it should be classified as funny or not funny. Base your classification on humor elements such as wit, irony, absurdity, or comedic timing.

### Input:
Alibi: proof that you were in two places at once.


### Response:
",No
"ATHLETICS-MULTI-DISCIPLINE WILDERNESS RACE BEGINS.
",0,30610,"Below is an instruction that describes a sentiment analysis task.

### Instruction:
Given the following text, please determine if it should be classified as funny or not funny. Base your classification on humor elements such as wit, irony, absurdity, or comedic timing.

### Input:
ATHLETICS-MULTI-DISCIPLINE WILDERNESS RACE BEGINS.


### Response:
",No
"The 2 English men are waiting for someone to introduce them to the English woman.
",1,12753,"Below is an instruction that describes a sentiment analysis task.

### Instruction:
Given the following text, please determine if it should be classified as funny or not funny. Base your classification on humor elements such as wit, irony, absurdity, or comedic timing.

### Input:
The 2 English men are waiting for someone to introduce them to the English woman.


### Response:
",Yes
"Watch where you go...remember where you've been...
",1,2339,"Below is an instruction that describes a sentiment analysis task.

### Instruction:
Given the following text, please determine if it should be classified as funny or not funny. Base your classification on humor elements such as wit, irony, absurdity, or comedic timing.

### Input:
Watch where you go...remember where you've been...


### Response:
",No
"If you shoot a mime, make sure you use a silencer.
",1,3659,"Below is an instruction that describes a sentiment analysis task.

### Instruction:
Given the following text, please determine if it should be classified as funny or not funny. Base your classification on humor elements such as wit, irony, absurdity, or comedic timing.

### Input:
If you shoot a mime, make sure you use a silencer.


### Response:
",Yes
"Drink upon salad costs the doctor a ducat; drink upon eggs costs him two.
",0,17213,"Below is an instruction that describes a sentiment analysis task.

### Instruction:
Given the following text, please determine if it should be classified as funny or not funny. Base your classification on humor elements such as wit, irony, absurdity, or comedic timing.

### Input:
Drink upon salad costs the doctor a ducat; drink upon eggs costs him two.


### Response:
",Yes
"If reality wants to get in touch, it knows where I am.
",1,12325,"Below is an instruction that describes a sentiment analysis task.

### Instruction:
Given the following text, please determine if it should be classified as funny or not funny. Base your classification on humor elements such as wit, irony, absurdity, or comedic timing.

### Input:
If reality wants to get in touch, it knows where I am.


### Response:
",Yes
"They have both had lots of balls rubbed up and down their legs.
",1,3033,"Below is an instruction that describes a sentiment analysis task.

### Instruction:
Given the following text, please determine if it should be classified as funny or not funny. Base your classification on humor elements such as wit, irony, absurdity, or comedic timing.

### Input:
They have both had lots of balls rubbed up and down their legs.


### Response:
",Yes
"Lieutenant Paul Czarnecki, medic, Elbridge Volunteer Fire Department, Elbridge, N.Y.
",1,4573,"Below is an instruction that describes a sentiment analysis task.

### Instruction:
Given the following text, please determine if it should be classified as funny or not funny. Base your classification on humor elements such as wit, irony, absurdity, or comedic timing.

### Input:
Lieutenant Paul Czarnecki, medic, Elbridge Volunteer Fire Department, Elbridge, N.Y.


### Response:
",No
"Beauty is ten, nine of which is dressing.
",0,31755,"Below is an instruction that describes a sentiment analysis task.

### Instruction:
Given the following text, please determine if it should be classified as funny or not funny. Base your classification on humor elements such as wit, irony, absurdity, or comedic timing.

### Input:
Beauty is ten, nine of which is dressing.


### Response:
",No
"Challenges can be stepping stones or stumbling blocks. It's just a matter of how you view them.
",1,10170,"Below is an instruction that describes a sentiment analysis task.

### Instruction:
Given the following text, please determine if it should be classified as funny or not funny. Base your classification on humor elements such as wit, irony, absurdity, or comedic timing.

### Input:
Challenges can be stepping stones or stumbling blocks. It's just a matter of how you view them.


### Response:
",No
"RTRS-Australian bonds reined back, budget beckons.
",0,22550,"Below is an instruction that describes a sentiment analysis task.

### Instruction:
Given the following text, please determine if it should be classified as funny or not funny. Base your classification on humor elements such as wit, irony, absurdity, or comedic timing.

### Input:
RTRS-Australian bonds reined back, budget beckons.


### Response:
",No
"Dan - quiet but funny, but becomes easily addicted to narcotics.
",1,1963,"Below is an instruction that describes a sentiment analysis task.

### Instruction:
Given the following text, please determine if it should be classified as funny or not funny. Base your classification on humor elements such as wit, irony, absurdity, or comedic timing.

### Input:
Dan - quiet but funny, but becomes easily addicted to narcotics.


### Response:
",Yes
"Every virtue is but halfway between two vices.
",0,28247,"Below is an instruction that describes a sentiment analysis task.

### Instruction:
Given the following text, please determine if it should be classified as funny or not funny. Base your classification on humor elements such as wit, irony, absurdity, or comedic timing.

### Input:
Every virtue is but halfway between two vices.


### Response:
",No
"I see!, said the blind carpenter, as he picked up his hammer and saw.
",1,9035,"Below is an instruction that describes a sentiment analysis task.

### Instruction:
Given the following text, please determine if it should be classified as funny or not funny. Base your classification on humor elements such as wit, irony, absurdity, or comedic timing.

### Input:
I see!, said the blind carpenter, as he picked up his hammer and saw.


### Response:
",Yes
"Precipitate counsel--perilous deed.
",0,25016,"Below is an instruction that describes a sentiment analysis task.

### Instruction:
Given the following text, please determine if it should be classified as funny or not funny. Base your classification on humor elements such as wit, irony, absurdity, or comedic timing.

### Input:
Precipitate counsel--perilous deed.


### Response:
",No
"You will always forget to disable call waiting when connected to a pay-by-the-minute BBS.
",1,11540,"Below is an instruction that describes a sentiment analysis task.

### Instruction:
Given the following text, please determine if it should be classified as funny or not funny. Base your classification on humor elements such as wit, irony, absurdity, or comedic timing.

### Input:
You will always forget to disable call waiting when connected to a pay-by-the-minute BBS.


### Response:
",Yes
"Cost of raising a medium-sized dog to the age of 11: $6,400.
",1,7240,"Below is an instruction that describes a sentiment analysis task.

### Instruction:
Given the following text, please determine if it should be classified as funny or not funny. Base your classification on humor elements such as wit, irony, absurdity, or comedic timing.

### Input:
Cost of raising a medium-sized dog to the age of 11: $6,400.


### Response:
",No
"To most people solutions mean finding the answers. But to chemists solutions are things that are still all mixed up.
",1,10304,"Below is an instruction that describes a sentiment analysis task.

### Instruction:
Given the following text, please determine if it should be classified as funny or not funny. Base your classification on humor elements such as wit, irony, absurdity, or comedic timing.

### Input:
To most people solutions mean finding the answers. But to chemists solutions are things that are still all mixed up.


### Response:
",Yes
"Heart attacks are God's revenge for eating His animal friends.
",1,6588,"Below is an instruction that describes a sentiment analysis task.

### Instruction:
Given the following text, please determine if it should be classified as funny or not funny. Base your classification on humor elements such as wit, irony, absurdity, or comedic timing.

### Input:
Heart attacks are God's revenge for eating His animal friends.


### Response:
",Yes
"IMF may ask China to release jailed employee early.
",0,31870,"Below is an instruction that describes a sentiment analysis task.

### Instruction:
Given the following text, please determine if it should be classified as funny or not funny. Base your classification on humor elements such as wit, irony, absurdity, or comedic timing.

### Input:
IMF may ask China to release jailed employee early.


### Response:
",No
"What the hell, go ahead and put all your eggs in one basket.
",1,3021,"Below is an instruction that describes a sentiment analysis task.

### Instruction:
Given the following text, please determine if it should be classified as funny or not funny. Base your classification on humor elements such as wit, irony, absurdity, or comedic timing.

### Input:
What the hell, go ahead and put all your eggs in one basket.


### Response:
",No
"Beauty is only skin deep. But some people must be inside out!
",1,8860,"Below is an instruction that describes a sentiment analysis task.

### Instruction:
Given the following text, please determine if it should be classified as funny or not funny. Base your classification on humor elements such as wit, irony, absurdity, or comedic timing.

### Input:
Beauty is only skin deep. But some people must be inside out!


### Response:
",Yes
"If you made an arrow with the Holy Spirit's feathers, could you shoot it into infinity?
",1,14947,"Below is an instruction that describes a sentiment analysis task.

### Instruction:
Given the following text, please determine if it should be classified as funny or not funny. Base your classification on humor elements such as wit, irony, absurdity, or comedic timing.

### Input:
If you made an arrow with the Holy Spirit's feathers, could you shoot it into infinity?


### Response:
",Yes
"Body Nazis - Hard-core exercise and weight-lifting fanatics who look down on anyone who doesn't work out obsessively.
",1,15577,"Below is an instruction that describes a sentiment analysis task.

### Instruction:
Given the following text, please determine if it should be classified as funny or not funny. Base your classification on humor elements such as wit, irony, absurdity, or comedic timing.

### Input:
Body Nazis - Hard-core exercise and weight-lifting fanatics who look down on anyone who doesn't work out obsessively.


### Response:
",Yes
"Drop Kick Me, Jesus, Through The Goalposts Of Life.
",1,14047,"Below is an instruction that describes a sentiment analysis task.

### Instruction:
Given the following text, please determine if it should be classified as funny or not funny. Base your classification on humor elements such as wit, irony, absurdity, or comedic timing.

### Input:
Drop Kick Me, Jesus, Through The Goalposts Of Life.


### Response:
",No
"Sorrow follows pleasure.
",0,28930,"Below is an instruction that describes a sentiment analysis task.

### Instruction:
Given the following text, please determine if it should be classified as funny or not funny. Base your classification on humor elements such as wit, irony, absurdity, or comedic timing.

### Input:
Sorrow follows pleasure.


### Response:
",No
"Click here to put Purrfect Pet Pals banner on your website.
",1,11702,"Below is an instruction that describes a sentiment analysis task.

### Instruction:
Given the following text, please determine if it should be classified as funny or not funny. Base your classification on humor elements such as wit, irony, absurdity, or comedic timing.

### Input:
Click here to put Purrfect Pet Pals banner on your website.


### Response:
",No
"It is far more impressive when others discover your good qualities without your help.
",1,7442,"Below is an instruction that describes a sentiment analysis task.

### Instruction:
Given the following text, please determine if it should be classified as funny or not funny. Base your classification on humor elements such as wit, irony, absurdity, or comedic timing.

### Input:
It is far more impressive when others discover your good qualities without your help.


### Response:
",No
"The back door is the one that robs the home.
",0,31598,"Below is an instruction that describes a sentiment analysis task.

### Instruction:
Given the following text, please determine if it should be classified as funny or not funny. Base your classification on humor elements such as wit, irony, absurdity, or comedic timing.

### Input:
The back door is the one that robs the home.


### Response:
",No
"Sian - does mean sheep impression, hates mint sauce.
",1,8652,"Below is an instruction that describes a sentiment analysis task.

### Instruction:
Given the following text, please determine if it should be classified as funny or not funny. Base your classification on humor elements such as wit, irony, absurdity, or comedic timing.

### Input:
Sian - does mean sheep impression, hates mint sauce.


### Response:
",Yes
"If anything stay, let work stay.
",0,23219,"Below is an instruction that describes a sentiment analysis task.

### Instruction:
Given the following text, please determine if it should be classified as funny or not funny. Base your classification on humor elements such as wit, irony, absurdity, or comedic timing.

### Input:
If anything stay, let work stay.


### Response:
",No
"ZOMBIE: A mirthless creature beloved by teenage horror movie fans and those in charge of the hiring at accounting firms.
",1,811,"Below is an instruction that describes a sentiment analysis task.

### Instruction:
Given the following text, please determine if it should be classified as funny or not funny. Base your classification on humor elements such as wit, irony, absurdity, or comedic timing.

### Input:
ZOMBIE: A mirthless creature beloved by teenage horror movie fans and those in charge of the hiring at accounting firms.


### Response:
",Yes
"Hindu pilgrims stranded in Himalayas after 84 die.
",0,27928,"Below is an instruction that describes a sentiment analysis task.

### Instruction:
Given the following text, please determine if it should be classified as funny or not funny. Base your classification on humor elements such as wit, irony, absurdity, or comedic timing.

### Input:
Hindu pilgrims stranded in Himalayas after 84 die.


### Response:
",No
"Here we both are, two footballing Doris Stokeses, two men out of time.
",0,28875,"Below is an instruction that describes a sentiment analysis task.

### Instruction:
Given the following text, please determine if it should be classified as funny or not funny. Base your classification on humor elements such as wit, irony, absurdity, or comedic timing.

### Input:
Here we both are, two footballing Doris Stokeses, two men out of time.


### Response:
",No
"In order to get a loan, you must first prove that you don't need it.
",1,10296,"Below is an instruction that describes a sentiment analysis task.

### Instruction:
Given the following text, please determine if it should be classified as funny or not funny. Base your classification on humor elements such as wit, irony, absurdity, or comedic timing.

### Input:
In order to get a loan, you must first prove that you don't need it.


### Response:
",Yes
"What do you call a Tasmanian girl who keeps running away from her family?
",1,9273,"Below is an instruction that describes a sentiment analysis task.

### Instruction:
Given the following text, please determine if it should be classified as funny or not funny. Base your classification on humor elements such as wit, irony, absurdity, or comedic timing.

### Input:
What do you call a Tasmanian girl who keeps running away from her family?


### Response:
",Yes
"A thorn pierces young skin more quickly than old.
",0,24072,"Below is an instruction that describes a sentiment analysis task.

### Instruction:
Given the following text, please determine if it should be classified as funny or not funny. Base your classification on humor elements such as wit, irony, absurdity, or comedic timing.

### Input:
A thorn pierces young skin more quickly than old.


### Response:
",No
"Rags to riches to rags.
",0,31841,"Below is an instruction that describes a sentiment analysis task.

### Instruction:
Given the following text, please determine if it should be classified as funny or not funny. Base your classification on humor elements such as wit, irony, absurdity, or comedic timing.

### Input:
Rags to riches to rags.


### Response:
",No
"Tabloid: A newspaper with a permanent crime wave.
",1,5518,"Below is an instruction that describes a sentiment analysis task.

### Instruction:
Given the following text, please determine if it should be classified as funny or not funny. Base your classification on humor elements such as wit, irony, absurdity, or comedic timing.

### Input:
Tabloid: A newspaper with a permanent crime wave.


### Response:
",No
"I learned a lot from other BBC programmes.
",0,21879,"Below is an instruction that describes a sentiment analysis task.

### Instruction:
Given the following text, please determine if it should be classified as funny or not funny. Base your classification on humor elements such as wit, irony, absurdity, or comedic timing.

### Input:
I learned a lot from other BBC programmes.


### Response:
",No
"S.Africa markets look to Stals for clues on rates.
",0,18230,"Below is an instruction that describes a sentiment analysis task.

### Instruction:
Given the following text, please determine if it should be classified as funny or not funny. Base your classification on humor elements such as wit, irony, absurdity, or comedic timing.

### Input:
S.Africa markets look to Stals for clues on rates.


### Response:
",No
"Daishinku to up mobile phone part output.
",0,17442,"Below is an instruction that describes a sentiment analysis task.

### Instruction:
Given the following text, please determine if it should be classified as funny or not funny. Base your classification on humor elements such as wit, irony, absurdity, or comedic timing.

### Input:
Daishinku to up mobile phone part output.


### Response:
",No
"Pageant organizers deny ultimatum to beauty queen.
",0,30011,"Below is an instruction that describes a sentiment analysis task.

### Instruction:
Given the following text, please determine if it should be classified as funny or not funny. Base your classification on humor elements such as wit, irony, absurdity, or comedic timing.

### Input:
Pageant organizers deny ultimatum to beauty queen.


### Response:
",No
"A succinct discussion of comparative aspects of collective bargaining is Cordova (1978).
",0,22074,"Below is an instruction that describes a sentiment analysis task.

### Instruction:
Given the following text, please determine if it should be classified as funny or not funny. Base your classification on humor elements such as wit, irony, absurdity, or comedic timing.

### Input:
A succinct discussion of comparative aspects of collective bargaining is Cordova (1978).


### Response:
",No
"Where's the safest place to hide money in England?
",1,11392,"Below is an instruction that describes a sentiment analysis task.

### Instruction:
Given the following text, please determine if it should be classified as funny or not funny. Base your classification on humor elements such as wit, irony, absurdity, or comedic timing.

### Input:
Where's the safest place to hide money in England?


### Response:
",No
"It's not a STOLEN tagline - just 'previously viewed'.
",1,13446,"Below is an instruction that describes a sentiment analysis task.

### Instruction:
Given the following text, please determine if it should be classified as funny or not funny. Base your classification on humor elements such as wit, irony, absurdity, or comedic timing.

### Input:
It's not a STOLEN tagline - just 'previously viewed'.


### Response:
",No
"The road to success is always under construction.
",1,15152,"Below is an instruction that describes a sentiment analysis task.

### Instruction:
Given the following text, please determine if it should be classified as funny or not funny. Base your classification on humor elements such as wit, irony, absurdity, or comedic timing.

### Input:
The road to success is always under construction.


### Response:
",No
"Yugoslavia lets UN war crimes tribunal open office.
",0,21527,"Below is an instruction that describes a sentiment analysis task.

### Instruction:
Given the following text, please determine if it should be classified as funny or not funny. Base your classification on humor elements such as wit, irony, absurdity, or comedic timing.

### Input:
Yugoslavia lets UN war crimes tribunal open office.


### Response:
",No
"She asked after you, just at the end.
",0,31715,"Below is an instruction that describes a sentiment analysis task.

### Instruction:
Given the following text, please determine if it should be classified as funny or not funny. Base your classification on humor elements such as wit, irony, absurdity, or comedic timing.

### Input:
She asked after you, just at the end.


### Response:
",No
"The state rooms were redecorated by plasterers from Holyrood.
",0,30755,"Below is an instruction that describes a sentiment analysis task.

### Instruction:
Given the following text, please determine if it should be classified as funny or not funny. Base your classification on humor elements such as wit, irony, absurdity, or comedic timing.

### Input:
The state rooms were redecorated by plasterers from Holyrood.


### Response:
",No
"NWE oil products firm as supply thins.
",0,22041,"Below is an instruction that describes a sentiment analysis task.

### Instruction:
Given the following text, please determine if it should be classified as funny or not funny. Base your classification on humor elements such as wit, irony, absurdity, or comedic timing.

### Input:
NWE oil products firm as supply thins.


### Response:
",No
"On the very first question of the debate, he attempts to use a LIFELINE.
",1,5194,"Below is an instruction that describes a sentiment analysis task.

### Instruction:
Given the following text, please determine if it should be classified as funny or not funny. Base your classification on humor elements such as wit, irony, absurdity, or comedic timing.

### Input:
On the very first question of the debate, he attempts to use a LIFELINE.


### Response:
",Yes
"Feign death and the bull will leave you.
",0,31491,"Below is an instruction that describes a sentiment analysis task.

### Instruction:
Given the following text, please determine if it should be classified as funny or not funny. Base your classification on humor elements such as wit, irony, absurdity, or comedic timing.

### Input:
Feign death and the bull will leave you.


### Response:
",No
"Opportunities are not lost, they just go to someone else.
",1,4337,"Below is an instruction that describes a sentiment analysis task.

### Instruction:
Given the following text, please determine if it should be classified as funny or not funny. Base your classification on humor elements such as wit, irony, absurdity, or comedic timing.

### Input:
Opportunities are not lost, they just go to someone else.


### Response:
",No
"He looked at Daniel and the other two men.
",0,28235,"Below is an instruction that describes a sentiment analysis task.

### Instruction:
Given the following text, please determine if it should be classified as funny or not funny. Base your classification on humor elements such as wit, irony, absurdity, or comedic timing.

### Input:
He looked at Daniel and the other two men.


### Response:
",No
"What can you expect from a pig but a grunt?
",0,20253,"Below is an instruction that describes a sentiment analysis task.

### Instruction:
Given the following text, please determine if it should be classified as funny or not funny. Base your classification on humor elements such as wit, irony, absurdity, or comedic timing.

### Input:
What can you expect from a pig but a grunt?


### Response:
",No
"Leave cat hanging on drapes. Leave pill in your hair.
",1,15357,"Below is an instruction that describes a sentiment analysis task.

### Instruction:
Given the following text, please determine if it should be classified as funny or not funny. Base your classification on humor elements such as wit, irony, absurdity, or comedic timing.

### Input:
Leave cat hanging on drapes. Leave pill in your hair.


### Response:
",Yes
"She innocently replies ""I'm untying the knots so I'll get more rope"".
",1,2841,"Below is an instruction that describes a sentiment analysis task.

### Instruction:
Given the following text, please determine if it should be classified as funny or not funny. Base your classification on humor elements such as wit, irony, absurdity, or comedic timing.

### Input:
She innocently replies ""I'm untying the knots so I'll get more rope"".


### Response:
",Yes
"What was the tow truck doing at the race track? Pulling a fast one!
",1,8331,"Below is an instruction that describes a sentiment analysis task.

### Instruction:
Given the following text, please determine if it should be classified as funny or not funny. Base your classification on humor elements such as wit, irony, absurdity, or comedic timing.

### Input:
What was the tow truck doing at the race track? Pulling a fast one!


### Response:
",No
"Young from the University of Montpellier, France, presented the lecture.
",0,19576,"Below is an instruction that describes a sentiment analysis task.

### Instruction:
Given the following text, please determine if it should be classified as funny or not funny. Base your classification on humor elements such as wit, irony, absurdity, or comedic timing.

### Input:
Young from the University of Montpellier, France, presented the lecture.


### Response:
",No
"Transkaryotic Therapies files for IPO.
",0,20504,"Below is an instruction that describes a sentiment analysis task.

### Instruction:
Given the following text, please determine if it should be classified as funny or not funny. Base your classification on humor elements such as wit, irony, absurdity, or comedic timing.

### Input:
Transkaryotic Therapies files for IPO.


### Response:
",No
"Thai tapioca exports down 0.8 pct in yr to Aug 15.
",0,28081,"Below is an instruction that describes a sentiment analysis task.

### Instruction:
Given the following text, please determine if it should be classified as funny or not funny. Base your classification on humor elements such as wit, irony, absurdity, or comedic timing.

### Input:
Thai tapioca exports down 0.8 pct in yr to Aug 15.


### Response:
",No
"Both WAVE and ABES studios are corporate members of WACC.
",0,18046,"Below is an instruction that describes a sentiment analysis task.

### Instruction:
Given the following text, please determine if it should be classified as funny or not funny. Base your classification on humor elements such as wit, irony, absurdity, or comedic timing.

### Input:
Both WAVE and ABES studios are corporate members of WACC.


### Response:
",No
"You know I could rent you out as a decoy for duck hunters?
",1,11562,"Below is an instruction that describes a sentiment analysis task.

### Instruction:
Given the following text, please determine if it should be classified as funny or not funny. Base your classification on humor elements such as wit, irony, absurdity, or comedic timing.

### Input:
You know I could rent you out as a decoy for duck hunters?


### Response:
",Yes
"When somebody's ""fixin"" to do something, it won't be long.
",1,8460,"Below is an instruction that describes a sentiment analysis task.

### Instruction:
Given the following text, please determine if it should be classified as funny or not funny. Base your classification on humor elements such as wit, irony, absurdity, or comedic timing.

### Input:
When somebody's ""fixin"" to do something, it won't be long.


### Response:
",No
"There is little point devising programmes that will appeal only to Britain's newly dispossessed.
",0,18199,"Below is an instruction that describes a sentiment analysis task.

### Instruction:
Given the following text, please determine if it should be classified as funny or not funny. Base your classification on humor elements such as wit, irony, absurdity, or comedic timing.

### Input:
There is little point devising programmes that will appeal only to Britain's newly dispossessed.


### Response:
",No
"You cannot shift an old tree without it dying.
",0,24915,"Below is an instruction that describes a sentiment analysis task.

### Instruction:
Given the following text, please determine if it should be classified as funny or not funny. Base your classification on humor elements such as wit, irony, absurdity, or comedic timing.

### Input:
You cannot shift an old tree without it dying.


### Response:
",No
"Where do the characters go when I use my backspace or delete key to delete them on my PC?
",1,7980,"Below is an instruction that describes a sentiment analysis task.

### Instruction:
Given the following text, please determine if it should be classified as funny or not funny. Base your classification on humor elements such as wit, irony, absurdity, or comedic timing.

### Input:
Where do the characters go when I use my backspace or delete key to delete them on my PC?


### Response:
",Yes
"Do not meddle in the affairs of dragons because, to them, you are crunchy and taste good with ketchup.
",1,5296,"Below is an instruction that describes a sentiment analysis task.

### Instruction:
Given the following text, please determine if it should be classified as funny or not funny. Base your classification on humor elements such as wit, irony, absurdity, or comedic timing.

### Input:
Do not meddle in the affairs of dragons because, to them, you are crunchy and taste good with ketchup.


### Response:
",Yes
"The longer the letter, the less chance of its being read.
",1,13986,"Below is an instruction that describes a sentiment analysis task.

### Instruction:
Given the following text, please determine if it should be classified as funny or not funny. Base your classification on humor elements such as wit, irony, absurdity, or comedic timing.

### Input:
The longer the letter, the less chance of its being read.


### Response:
",No
"IHC Caland first-half net profit falls.
",0,17596,"Below is an instruction that describes a sentiment analysis task.

### Instruction:
Given the following text, please determine if it should be classified as funny or not funny. Base your classification on humor elements such as wit, irony, absurdity, or comedic timing.

### Input:
IHC Caland first-half net profit falls.


### Response:
",No
"Desperate times call for desperate measures.
",0,29283,"Below is an instruction that describes a sentiment analysis task.

### Instruction:
Given the following text, please determine if it should be classified as funny or not funny. Base your classification on humor elements such as wit, irony, absurdity, or comedic timing.

### Input:
Desperate times call for desperate measures.


### Response:
",No
"Probably he was so successful in this field because he himself was an artist.
",0,23121,"Below is an instruction that describes a sentiment analysis task.

### Instruction:
Given the following text, please determine if it should be classified as funny or not funny. Base your classification on humor elements such as wit, irony, absurdity, or comedic timing.

### Input:
Probably he was so successful in this field because he himself was an artist.


### Response:
",No
"The trouble with political jokes is that they get elected.
",1,8566,"Below is an instruction that describes a sentiment analysis task.

### Instruction:
Given the following text, please determine if it should be classified as funny or not funny. Base your classification on humor elements such as wit, irony, absurdity, or comedic timing.

### Input:
The trouble with political jokes is that they get elected.


### Response:
",No
"Hungary to sign Romania treaty despite criticism.
",0,26508,"Below is an instruction that describes a sentiment analysis task.

### Instruction:
Given the following text, please determine if it should be classified as funny or not funny. Base your classification on humor elements such as wit, irony, absurdity, or comedic timing.

### Input:
Hungary to sign Romania treaty despite criticism.


### Response:
",No
"What are you doing?!? The message is over, GO AWAY!
",1,11288,"Below is an instruction that describes a sentiment analysis task.

### Instruction:
Given the following text, please determine if it should be classified as funny or not funny. Base your classification on humor elements such as wit, irony, absurdity, or comedic timing.

### Input:
What are you doing?!? The message is over, GO AWAY!


### Response:
",Yes
"It leadeth me in the paths of consciousness for its name's sake.
",1,1428,"Below is an instruction that describes a sentiment analysis task.

### Instruction:
Given the following text, please determine if it should be classified as funny or not funny. Base your classification on humor elements such as wit, irony, absurdity, or comedic timing.

### Input:
It leadeth me in the paths of consciousness for its name's sake.


### Response:
",Yes
"Nigger laughed, and told Terry about his burnt posterior episode.
",0,18154,"Below is an instruction that describes a sentiment analysis task.

### Instruction:
Given the following text, please determine if it should be classified as funny or not funny. Base your classification on humor elements such as wit, irony, absurdity, or comedic timing.

### Input:
Nigger laughed, and told Terry about his burnt posterior episode.


### Response:
",Yes
"They are always in hot water, they lack taste, and they need dough.
",1,13517,"Below is an instruction that describes a sentiment analysis task.

### Instruction:
Given the following text, please determine if it should be classified as funny or not funny. Base your classification on humor elements such as wit, irony, absurdity, or comedic timing.

### Input:
They are always in hot water, they lack taste, and they need dough.


### Response:
",No
"Sembawang Corp H1 net down 42.2 pct.
",0,23694,"Below is an instruction that describes a sentiment analysis task.

### Instruction:
Given the following text, please determine if it should be classified as funny or not funny. Base your classification on humor elements such as wit, irony, absurdity, or comedic timing.

### Input:
Sembawang Corp H1 net down 42.2 pct.


### Response:
",No
"Where honour grows a span, folly grows an ell.
",0,22880,"Below is an instruction that describes a sentiment analysis task.

### Instruction:
Given the following text, please determine if it should be classified as funny or not funny. Base your classification on humor elements such as wit, irony, absurdity, or comedic timing.

### Input:
Where honour grows a span, folly grows an ell.


### Response:
",No
"Never use a long word when a diminutive one will do.
",1,16,"Below is an instruction that describes a sentiment analysis task.

### Instruction:
Given the following text, please determine if it should be classified as funny or not funny. Base your classification on humor elements such as wit, irony, absurdity, or comedic timing.

### Input:
Never use a long word when a diminutive one will do.


### Response:
",No
"An awful lot of women have but aren't told so.
",0,27419,"Below is an instruction that describes a sentiment analysis task.

### Instruction:
Given the following text, please determine if it should be classified as funny or not funny. Base your classification on humor elements such as wit, irony, absurdity, or comedic timing.

### Input:
An awful lot of women have but aren't told so.


### Response:
",No
"Nowlan's Theory: He who hesitates is not only lost, but several miles from the next freeway exit.
",1,4123,"Below is an instruction that describes a sentiment analysis task.

### Instruction:
Given the following text, please determine if it should be classified as funny or not funny. Base your classification on humor elements such as wit, irony, absurdity, or comedic timing.

### Input:
Nowlan's Theory: He who hesitates is not only lost, but several miles from the next freeway exit.


### Response:
",Yes
"But the rebellion was further evidence of a military divided.
",0,25875,"Below is an instruction that describes a sentiment analysis task.

### Instruction:
Given the following text, please determine if it should be classified as funny or not funny. Base your classification on humor elements such as wit, irony, absurdity, or comedic timing.

### Input:
But the rebellion was further evidence of a military divided.


### Response:
",No
"U.S. Office Products receives credit line.
",0,30575,"Below is an instruction that describes a sentiment analysis task.

### Instruction:
Given the following text, please determine if it should be classified as funny or not funny. Base your classification on humor elements such as wit, irony, absurdity, or comedic timing.

### Input:
U.S. Office Products receives credit line.


### Response:
",No
"Third, don't always follow the crowd, because nobody goes there anymore. It's too crowded.
",1,6739,"Below is an instruction that describes a sentiment analysis task.

### Instruction:
Given the following text, please determine if it should be classified as funny or not funny. Base your classification on humor elements such as wit, irony, absurdity, or comedic timing.

### Input:
Third, don't always follow the crowd, because nobody goes there anymore. It's too crowded.


### Response:
",No
"Motto of the Bomb Squad: If you see us running, you better catch up.
",1,6545,"Below is an instruction that describes a sentiment analysis task.

### Instruction:
Given the following text, please determine if it should be classified as funny or not funny. Base your classification on humor elements such as wit, irony, absurdity, or comedic timing.

### Input:
Motto of the Bomb Squad: If you see us running, you better catch up.


### Response:
",Yes
"John Lewis weekly UK store sales up 21.0% yr/yr.
",0,29085,"Below is an instruction that describes a sentiment analysis task.

### Instruction:
Given the following text, please determine if it should be classified as funny or not funny. Base your classification on humor elements such as wit, irony, absurdity, or comedic timing.

### Input:
John Lewis weekly UK store sales up 21.0% yr/yr.


### Response:
",No
"Man can count the seeds in an apple, but only God can count the apples in a seed.
",1,10080,"Below is an instruction that describes a sentiment analysis task.

### Instruction:
Given the following text, please determine if it should be classified as funny or not funny. Base your classification on humor elements such as wit, irony, absurdity, or comedic timing.

### Input:
Man can count the seeds in an apple, but only God can count the apples in a seed.


### Response:
",Yes
"RESEARCH ALERT - Tiemco rated.
",0,31471,"Below is an instruction that describes a sentiment analysis task.

### Instruction:
Given the following text, please determine if it should be classified as funny or not funny. Base your classification on humor elements such as wit, irony, absurdity, or comedic timing.

### Input:
RESEARCH ALERT - Tiemco rated.


### Response:
",No
"Malaysia rubber closes up on Japanese trends.
",0,20595,"Below is an instruction that describes a sentiment analysis task.

### Instruction:
Given the following text, please determine if it should be classified as funny or not funny. Base your classification on humor elements such as wit, irony, absurdity, or comedic timing.

### Input:
Malaysia rubber closes up on Japanese trends.


### Response:
",No
"Russia Aug tax revenues meeting IMF goals-ministry.
",0,23265,"Below is an instruction that describes a sentiment analysis task.

### Instruction:
Given the following text, please determine if it should be classified as funny or not funny. Base your classification on humor elements such as wit, irony, absurdity, or comedic timing.

### Input:
Russia Aug tax revenues meeting IMF goals-ministry.


### Response:
",No
"on the blue bridge, watching six swans vanish
",0,19439,"Below is an instruction that describes a sentiment analysis task.

### Instruction:
Given the following text, please determine if it should be classified as funny or not funny. Base your classification on humor elements such as wit, irony, absurdity, or comedic timing.

### Input:
on the blue bridge, watching six swans vanish


### Response:
",No
"Cat: Proof that eating and sleeping isn't all bad.
",1,12484,"Below is an instruction that describes a sentiment analysis task.

### Instruction:
Given the following text, please determine if it should be classified as funny or not funny. Base your classification on humor elements such as wit, irony, absurdity, or comedic timing.

### Input:
Cat: Proof that eating and sleeping isn't all bad.


### Response:
",No
"THE EAST Somerset Railway will hold its annual Jazz Night on August 1st .
",0,22558,"Below is an instruction that describes a sentiment analysis task.

### Instruction:
Given the following text, please determine if it should be classified as funny or not funny. Base your classification on humor elements such as wit, irony, absurdity, or comedic timing.

### Input:
THE EAST Somerset Railway will hold its annual Jazz Night on August 1st .


### Response:
",No
"Look with suspicion on the flight of an enemy.
",0,31450,"Below is an instruction that describes a sentiment analysis task.

### Instruction:
Given the following text, please determine if it should be classified as funny or not funny. Base your classification on humor elements such as wit, irony, absurdity, or comedic timing.

### Input:
Look with suspicion on the flight of an enemy.


### Response:
",Yes
"You buy land, you buy stones; you buy meat, you buy bones.
",0,16066,"Below is an instruction that describes a sentiment analysis task.

### Instruction:
Given the following text, please determine if it should be classified as funny or not funny. Base your classification on humor elements such as wit, irony, absurdity, or comedic timing.

### Input:
You buy land, you buy stones; you buy meat, you buy bones.


### Response:
",No
"When all else fails, let a = 7. If that doesn't help, then read the manual.
",1,7497,"Below is an instruction that describes a sentiment analysis task.

### Instruction:
Given the following text, please determine if it should be classified as funny or not funny. Base your classification on humor elements such as wit, irony, absurdity, or comedic timing.

### Input:
When all else fails, let a = 7. If that doesn't help, then read the manual.


### Response:
",Yes
"Caution: In the absence of Wo, this element rapidly decomposes and begins to smell.
",1,50,"Below is an instruction that describes a sentiment analysis task.

### Instruction:
Given the following text, please determine if it should be classified as funny or not funny. Base your classification on humor elements such as wit, irony, absurdity, or comedic timing.

### Input:
Caution: In the absence of Wo, this element rapidly decomposes and begins to smell.


### Response:
",Yes
"If the probability of success is not almost one, it is damn near zero.
",1,8327,"Below is an instruction that describes a sentiment analysis task.

### Instruction:
Given the following text, please determine if it should be classified as funny or not funny. Base your classification on humor elements such as wit, irony, absurdity, or comedic timing.

### Input:
If the probability of success is not almost one, it is damn near zero.


### Response:
",No
"First silicon could be available by the end of the year.
",0,16394,"Below is an instruction that describes a sentiment analysis task.

### Instruction:
Given the following text, please determine if it should be classified as funny or not funny. Base your classification on humor elements such as wit, irony, absurdity, or comedic timing.

### Input:
First silicon could be available by the end of the year.


### Response:
",No
"The number you have dialled is imaginary. Please rotate your phone 90 degrees and try again.
",1,9591,"Below is an instruction that describes a sentiment analysis task.

### Instruction:
Given the following text, please determine if it should be classified as funny or not funny. Base your classification on humor elements such as wit, irony, absurdity, or comedic timing.

### Input:
The number you have dialled is imaginary. Please rotate your phone 90 degrees and try again.


### Response:
",Yes
"RTRS-Australia's Fahey says Telstra sale improves.
",0,29711,"Below is an instruction that describes a sentiment analysis task.

### Instruction:
Given the following text, please determine if it should be classified as funny or not funny. Base your classification on humor elements such as wit, irony, absurdity, or comedic timing.

### Input:
RTRS-Australia's Fahey says Telstra sale improves.


### Response:
",No
"Support your local Search and Rescue unit. Get lost.
",1,14748,"Below is an instruction that describes a sentiment analysis task.

### Instruction:
Given the following text, please determine if it should be classified as funny or not funny. Base your classification on humor elements such as wit, irony, absurdity, or comedic timing.

### Input:
Support your local Search and Rescue unit. Get lost.


### Response:
",Yes
"I've been looking for a sign like this for a long time: Unauthorized Vehicles Only.
",1,13792,"Below is an instruction that describes a sentiment analysis task.

### Instruction:
Given the following text, please determine if it should be classified as funny or not funny. Base your classification on humor elements such as wit, irony, absurdity, or comedic timing.

### Input:
I've been looking for a sign like this for a long time: Unauthorized Vehicles Only.


### Response:
",No
"Welcome to last year's meeting of the Procrastinators' Club.
",1,1135,"Below is an instruction that describes a sentiment analysis task.

### Instruction:
Given the following text, please determine if it should be classified as funny or not funny. Base your classification on humor elements such as wit, irony, absurdity, or comedic timing.

### Input:
Welcome to last year's meeting of the Procrastinators' Club.


### Response:
",Yes
"No man is an island, but some of us are long peninsulas.
",1,9281,"Below is an instruction that describes a sentiment analysis task.

### Instruction:
Given the following text, please determine if it should be classified as funny or not funny. Base your classification on humor elements such as wit, irony, absurdity, or comedic timing.

### Input:
No man is an island, but some of us are long peninsulas.


### Response:
",No
"One of the hardest secrets for a man to keep is his opinion of himself.
",1,11448,"Below is an instruction that describes a sentiment analysis task.

### Instruction:
Given the following text, please determine if it should be classified as funny or not funny. Base your classification on humor elements such as wit, irony, absurdity, or comedic timing.

### Input:
One of the hardest secrets for a man to keep is his opinion of himself.


### Response:
",No
"You can lead a horse to water, but you can't make it drink.
",1,11907,"Below is an instruction that describes a sentiment analysis task.

### Instruction:
Given the following text, please determine if it should be classified as funny or not funny. Base your classification on humor elements such as wit, irony, absurdity, or comedic timing.

### Input:
You can lead a horse to water, but you can't make it drink.


### Response:
",No
"The other day, I was walking my dog around my building--on the ledge.
",1,3678,"Below is an instruction that describes a sentiment analysis task.

### Instruction:
Given the following text, please determine if it should be classified as funny or not funny. Base your classification on humor elements such as wit, irony, absurdity, or comedic timing.

### Input:
The other day, I was walking my dog around my building--on the ledge.


### Response:
",Yes
"If you can't beat em', arrange to have them beaten.
",1,278,"Below is an instruction that describes a sentiment analysis task.

### Instruction:
Given the following text, please determine if it should be classified as funny or not funny. Base your classification on humor elements such as wit, irony, absurdity, or comedic timing.

### Input:
If you can't beat em', arrange to have them beaten.


### Response:
",No
"Let us so live that when we die even the undertaker will be sorry.
",1,1443,"Below is an instruction that describes a sentiment analysis task.

### Instruction:
Given the following text, please determine if it should be classified as funny or not funny. Base your classification on humor elements such as wit, irony, absurdity, or comedic timing.

### Input:
Let us so live that when we die even the undertaker will be sorry.


### Response:
",No
"My grandpa told me to remember two things in life. Look out for Number One, and remember your number.
",1,820,"Below is an instruction that describes a sentiment analysis task.

### Instruction:
Given the following text, please determine if it should be classified as funny or not funny. Base your classification on humor elements such as wit, irony, absurdity, or comedic timing.

### Input:
My grandpa told me to remember two things in life. Look out for Number One, and remember your number.


### Response:
",No
"Swiss launch three-month money market claims.
",0,21625,"Below is an instruction that describes a sentiment analysis task.

### Instruction:
Given the following text, please determine if it should be classified as funny or not funny. Base your classification on humor elements such as wit, irony, absurdity, or comedic timing.

### Input:
Swiss launch three-month money market claims.


### Response:
",No
"Yes I was very appreciative of that thank you.
",0,21055,"Below is an instruction that describes a sentiment analysis task.

### Instruction:
Given the following text, please determine if it should be classified as funny or not funny. Base your classification on humor elements such as wit, irony, absurdity, or comedic timing.

### Input:
Yes I was very appreciative of that thank you.


### Response:
",No
"Peoples Heritage deal approved by holders.
",0,25938,"Below is an instruction that describes a sentiment analysis task.

### Instruction:
Given the following text, please determine if it should be classified as funny or not funny. Base your classification on humor elements such as wit, irony, absurdity, or comedic timing.

### Input:
Peoples Heritage deal approved by holders.


### Response:
",No
"If you can keep your head while those around you are losing theirs, you may have misjudged the situation.
",1,14330,"Below is an instruction that describes a sentiment analysis task.

### Instruction:
Given the following text, please determine if it should be classified as funny or not funny. Base your classification on humor elements such as wit, irony, absurdity, or comedic timing.

### Input:
If you can keep your head while those around you are losing theirs, you may have misjudged the situation.


### Response:
",No
"To hang your sickle on another man's corn.
",0,31226,"Below is an instruction that describes a sentiment analysis task.

### Instruction:
Given the following text, please determine if it should be classified as funny or not funny. Base your classification on humor elements such as wit, irony, absurdity, or comedic timing.

### Input:
To hang your sickle on another man's corn.


### Response:
",Yes
"And that is the subject of the remaining chapters.
",0,25399,"Below is an instruction that describes a sentiment analysis task.

### Instruction:
Given the following text, please determine if it should be classified as funny or not funny. Base your classification on humor elements such as wit, irony, absurdity, or comedic timing.

### Input:
And that is the subject of the remaining chapters.


### Response:
",No
"TENNIS-WOODBRIDGE BEATS DOUBLES PARTNER WOODFORDE AT CANADIAN.
",0,27164,"Below is an instruction that describes a sentiment analysis task.

### Instruction:
Given the following text, please determine if it should be classified as funny or not funny. Base your classification on humor elements such as wit, irony, absurdity, or comedic timing.

### Input:
TENNIS-WOODBRIDGE BEATS DOUBLES PARTNER WOODFORDE AT CANADIAN.


### Response:
",No
"Sharon was employed on a part-time basis to care for the warden's two-year-old daughter.
",0,31632,"Below is an instruction that describes a sentiment analysis task.

### Instruction:
Given the following text, please determine if it should be classified as funny or not funny. Base your classification on humor elements such as wit, irony, absurdity, or comedic timing.

### Input:
Sharon was employed on a part-time basis to care for the warden's two-year-old daughter.


### Response:
",No
"Sleeping shrimp gets taken by the current.
",0,19534,"Below is an instruction that describes a sentiment analysis task.

### Instruction:
Given the following text, please determine if it should be classified as funny or not funny. Base your classification on humor elements such as wit, irony, absurdity, or comedic timing.

### Input:
Sleeping shrimp gets taken by the current.


### Response:
",Yes
"Show me where Stalin's buried, and I'll show you a communist plot.
",1,14574,"Below is an instruction that describes a sentiment analysis task.

### Instruction:
Given the following text, please determine if it should be classified as funny or not funny. Base your classification on humor elements such as wit, irony, absurdity, or comedic timing.

### Input:
Show me where Stalin's buried, and I'll show you a communist plot.


### Response:
",Yes
"RTRS-Australian budget saves A$3.9 bln in 1996/97.
",0,28188,"Below is an instruction that describes a sentiment analysis task.

### Instruction:
Given the following text, please determine if it should be classified as funny or not funny. Base your classification on humor elements such as wit, irony, absurdity, or comedic timing.

### Input:
RTRS-Australian budget saves A$3.9 bln in 1996/97.


### Response:
",No
"To the surprise of the boss, the small voice whispered, No..
",1,10293,"Below is an instruction that describes a sentiment analysis task.

### Instruction:
Given the following text, please determine if it should be classified as funny or not funny. Base your classification on humor elements such as wit, irony, absurdity, or comedic timing.

### Input:
To the surprise of the boss, the small voice whispered, No..


### Response:
",Yes
"Algeria tenders to buy cargo white sugar - traders.
",0,28970,"Below is an instruction that describes a sentiment analysis task.

### Instruction:
Given the following text, please determine if it should be classified as funny or not funny. Base your classification on humor elements such as wit, irony, absurdity, or comedic timing.

### Input:
Algeria tenders to buy cargo white sugar - traders.


### Response:
",No
"India questions Kazakh women carrying gold haul.
",0,20598,"Below is an instruction that describes a sentiment analysis task.

### Instruction:
Given the following text, please determine if it should be classified as funny or not funny. Base your classification on humor elements such as wit, irony, absurdity, or comedic timing.

### Input:
India questions Kazakh women carrying gold haul.


### Response:
",No
"The 1st blonde looks closely and says: Those are moose tracks.
",1,14802,"Below is an instruction that describes a sentiment analysis task.

### Instruction:
Given the following text, please determine if it should be classified as funny or not funny. Base your classification on humor elements such as wit, irony, absurdity, or comedic timing.

### Input:
The 1st blonde looks closely and says: Those are moose tracks.


### Response:
",Yes
"Last year I went fishing with Salvador Dali. He was using a dotted line. He caught every other fish.
",1,11772,"Below is an instruction that describes a sentiment analysis task.

### Instruction:
Given the following text, please determine if it should be classified as funny or not funny. Base your classification on humor elements such as wit, irony, absurdity, or comedic timing.

### Input:
Last year I went fishing with Salvador Dali. He was using a dotted line. He caught every other fish.


### Response:
",Yes
"CME live cattle close easier ahead of report.
",0,29878,"Below is an instruction that describes a sentiment analysis task.

### Instruction:
Given the following text, please determine if it should be classified as funny or not funny. Base your classification on humor elements such as wit, irony, absurdity, or comedic timing.

### Input:
CME live cattle close easier ahead of report.


### Response:
",No
"What do you call a boomerang that won't come back?
",1,8602,"Below is an instruction that describes a sentiment analysis task.

### Instruction:
Given the following text, please determine if it should be classified as funny or not funny. Base your classification on humor elements such as wit, irony, absurdity, or comedic timing.

### Input:
What do you call a boomerang that won't come back?


### Response:
",Yes
"Divorce - from the Latin word meaning to rip out a man's genitals through his wallet.
",1,10604,"Below is an instruction that describes a sentiment analysis task.

### Instruction:
Given the following text, please determine if it should be classified as funny or not funny. Base your classification on humor elements such as wit, irony, absurdity, or comedic timing.

### Input:
Divorce - from the Latin word meaning to rip out a man's genitals through his wallet.


### Response:
",Yes
"This might offer more opportunity for group work with relatives or residents.
",0,24502,"Below is an instruction that describes a sentiment analysis task.

### Instruction:
Given the following text, please determine if it should be classified as funny or not funny. Base your classification on humor elements such as wit, irony, absurdity, or comedic timing.

### Input:
This might offer more opportunity for group work with relatives or residents.


### Response:
",No
"He came time enough who was hung by candlelight.
",0,25812,"Below is an instruction that describes a sentiment analysis task.

### Instruction:
Given the following text, please determine if it should be classified as funny or not funny. Base your classification on humor elements such as wit, irony, absurdity, or comedic timing.

### Input:
He came time enough who was hung by candlelight.


### Response:
",No
"A person is just about as big as the things that make them angry.
",1,12577,"Below is an instruction that describes a sentiment analysis task.

### Instruction:
Given the following text, please determine if it should be classified as funny or not funny. Base your classification on humor elements such as wit, irony, absurdity, or comedic timing.

### Input:
A person is just about as big as the things that make them angry.


### Response:
",No
"INDICATORS - BULGARIA - UPDATED AUG 23.
",0,28952,"Below is an instruction that describes a sentiment analysis task.

### Instruction:
Given the following text, please determine if it should be classified as funny or not funny. Base your classification on humor elements such as wit, irony, absurdity, or comedic timing.

### Input:
INDICATORS - BULGARIA - UPDATED AUG 23.


### Response:
",No
"When the summer is winter, and the winter is summer, it is a sorry year.
",0,24883,"Below is an instruction that describes a sentiment analysis task.

### Instruction:
Given the following text, please determine if it should be classified as funny or not funny. Base your classification on humor elements such as wit, irony, absurdity, or comedic timing.

### Input:
When the summer is winter, and the winter is summer, it is a sorry year.


### Response:
",No
"The only difference between me and a madman is that I am not mad.
",1,11656,"Below is an instruction that describes a sentiment analysis task.

### Instruction:
Given the following text, please determine if it should be classified as funny or not funny. Base your classification on humor elements such as wit, irony, absurdity, or comedic timing.

### Input:
The only difference between me and a madman is that I am not mad.


### Response:
",No
"Looks like someone had an extra bowl of bitch flakes this morning!
",1,15288,"Below is an instruction that describes a sentiment analysis task.

### Instruction:
Given the following text, please determine if it should be classified as funny or not funny. Base your classification on humor elements such as wit, irony, absurdity, or comedic timing.

### Input:
Looks like someone had an extra bowl of bitch flakes this morning!


### Response:
",Yes
"An expert is the person who avoids the small errors while sweeping on to the grand fallacy.
",1,12601,"Below is an instruction that describes a sentiment analysis task.

### Instruction:
Given the following text, please determine if it should be classified as funny or not funny. Base your classification on humor elements such as wit, irony, absurdity, or comedic timing.

### Input:
An expert is the person who avoids the small errors while sweeping on to the grand fallacy.


### Response:
",Yes
"If only there was some indication that the universe was doing it on purpose.
",1,10974,"Below is an instruction that describes a sentiment analysis task.

### Instruction:
Given the following text, please determine if it should be classified as funny or not funny. Base your classification on humor elements such as wit, irony, absurdity, or comedic timing.

### Input:
If only there was some indication that the universe was doing it on purpose.


### Response:
",Yes
"What's the difference between an oral thermometer and a rectal thermometer?
",1,6734,"Below is an instruction that describes a sentiment analysis task.

### Instruction:
Given the following text, please determine if it should be classified as funny or not funny. Base your classification on humor elements such as wit, irony, absurdity, or comedic timing.

### Input:
What's the difference between an oral thermometer and a rectal thermometer?


### Response:
",No
"No investment contract may be sold or signed outside of an office place.
",0,18067,"Below is an instruction that describes a sentiment analysis task.

### Instruction:
Given the following text, please determine if it should be classified as funny or not funny. Base your classification on humor elements such as wit, irony, absurdity, or comedic timing.

### Input:
No investment contract may be sold or signed outside of an office place.


### Response:
",No
"Little by little as the cat ate the flickle.
",0,29738,"Below is an instruction that describes a sentiment analysis task.

### Instruction:
Given the following text, please determine if it should be classified as funny or not funny. Base your classification on humor elements such as wit, irony, absurdity, or comedic timing.

### Input:
Little by little as the cat ate the flickle.


### Response:
",Yes
"Never decide to buy something while listening to the salesman.
",1,974,"Below is an instruction that describes a sentiment analysis task.

### Instruction:
Given the following text, please determine if it should be classified as funny or not funny. Base your classification on humor elements such as wit, irony, absurdity, or comedic timing.

### Input:
Never decide to buy something while listening to the salesman.


### Response:
",Yes
"Besides, Adam said that he loved her.
",0,31671,"Below is an instruction that describes a sentiment analysis task.

### Instruction:
Given the following text, please determine if it should be classified as funny or not funny. Base your classification on humor elements such as wit, irony, absurdity, or comedic timing.

### Input:
Besides, Adam said that he loved her.


### Response:
",No
"Swiftest horse cannot overtake the word once spoken.
",0,17579,"Below is an instruction that describes a sentiment analysis task.

### Instruction:
Given the following text, please determine if it should be classified as funny or not funny. Base your classification on humor elements such as wit, irony, absurdity, or comedic timing.

### Input:
Swiftest horse cannot overtake the word once spoken.


### Response:
",Yes
"Julia - innocent face, don't trust her, she'll steal your wallet in five minutes.
",1,9296,"Below is an instruction that describes a sentiment analysis task.

### Instruction:
Given the following text, please determine if it should be classified as funny or not funny. Base your classification on humor elements such as wit, irony, absurdity, or comedic timing.

### Input:
Julia - innocent face, don't trust her, she'll steal your wallet in five minutes.


### Response:
",Yes
"Finally, advice for today ................ Remember, a truly wise man never plays leapfrog with a unicorn.
",1,6771,"Below is an instruction that describes a sentiment analysis task.

### Instruction:
Given the following text, please determine if it should be classified as funny or not funny. Base your classification on humor elements such as wit, irony, absurdity, or comedic timing.

### Input:
Finally, advice for today ................ Remember, a truly wise man never plays leapfrog with a unicorn.


### Response:
",Yes
"Now I feel that the French intellectuals are wrong.
",0,24820,"Below is an instruction that describes a sentiment analysis task.

### Instruction:
Given the following text, please determine if it should be classified as funny or not funny. Base your classification on humor elements such as wit, irony, absurdity, or comedic timing.

### Input:
Now I feel that the French intellectuals are wrong.


### Response:
",No
"Ecuador bank liquidity up 1.35 pct week to Aug 9.
",0,26231,"Below is an instruction that describes a sentiment analysis task.

### Instruction:
Given the following text, please determine if it should be classified as funny or not funny. Base your classification on humor elements such as wit, irony, absurdity, or comedic timing.

### Input:
Ecuador bank liquidity up 1.35 pct week to Aug 9.


### Response:
",No
"Behind every great man is a great woman, and behind every great woman is some guy staring at her ass!
",1,3420,"Below is an instruction that describes a sentiment analysis task.

### Instruction:
Given the following text, please determine if it should be classified as funny or not funny. Base your classification on humor elements such as wit, irony, absurdity, or comedic timing.

### Input:
Behind every great man is a great woman, and behind every great woman is some guy staring at her ass!


### Response:
",Yes
"Experience should be a guide post, but not a hitching post.
",1,11995,"Below is an instruction that describes a sentiment analysis task.

### Instruction:
Given the following text, please determine if it should be classified as funny or not funny. Base your classification on humor elements such as wit, irony, absurdity, or comedic timing.

### Input:
Experience should be a guide post, but not a hitching post.


### Response:
",No
"Foolproof operation: All parameters are hard coded.
",1,10569,"Below is an instruction that describes a sentiment analysis task.

### Instruction:
Given the following text, please determine if it should be classified as funny or not funny. Base your classification on humor elements such as wit, irony, absurdity, or comedic timing.

### Input:
Foolproof operation: All parameters are hard coded.


### Response:
",Yes
"Haiti television station attacked in latest violence.
",0,21079,"Below is an instruction that describes a sentiment analysis task.

### Instruction:
Given the following text, please determine if it should be classified as funny or not funny. Base your classification on humor elements such as wit, irony, absurdity, or comedic timing.

### Input:
Haiti television station attacked in latest violence.


### Response:
",No
"Widows' children turn out well.
",0,26034,"Below is an instruction that describes a sentiment analysis task.

### Instruction:
Given the following text, please determine if it should be classified as funny or not funny. Base your classification on humor elements such as wit, irony, absurdity, or comedic timing.

### Input:
Widows' children turn out well.


### Response:
",No
"HK 91-day bills average accepted yield 5.14 pct.
",0,26031,"Below is an instruction that describes a sentiment analysis task.

### Instruction:
Given the following text, please determine if it should be classified as funny or not funny. Base your classification on humor elements such as wit, irony, absurdity, or comedic timing.

### Input:
HK 91-day bills average accepted yield 5.14 pct.


### Response:
",No
"You've been asked if you are a Hindi, or if you speak Hindu.
",1,2890,"Below is an instruction that describes a sentiment analysis task.

### Instruction:
Given the following text, please determine if it should be classified as funny or not funny. Base your classification on humor elements such as wit, irony, absurdity, or comedic timing.

### Input:
You've been asked if you are a Hindi, or if you speak Hindu.


### Response:
",No
"Your doctor finds traces of blood in your alcohol stream.
",1,2119,"Below is an instruction that describes a sentiment analysis task.

### Instruction:
Given the following text, please determine if it should be classified as funny or not funny. Base your classification on humor elements such as wit, irony, absurdity, or comedic timing.

### Input:
Your doctor finds traces of blood in your alcohol stream.


### Response:
",Yes
"Respondeat superior Let the superior answer
",0,16729,"Below is an instruction that describes a sentiment analysis task.

### Instruction:
Given the following text, please determine if it should be classified as funny or not funny. Base your classification on humor elements such as wit, irony, absurdity, or comedic timing.

### Input:
Respondeat superior Let the superior answer


### Response:
",No
"Man is the only animal who can be skinned twice.
",0,20567,"Below is an instruction that describes a sentiment analysis task.

### Instruction:
Given the following text, please determine if it should be classified as funny or not funny. Base your classification on humor elements such as wit, irony, absurdity, or comedic timing.

### Input:
Man is the only animal who can be skinned twice.


### Response:
",Yes
"Surely I can hear voices inside the garden? he thought.
",0,22421,"Below is an instruction that describes a sentiment analysis task.

### Instruction:
Given the following text, please determine if it should be classified as funny or not funny. Base your classification on humor elements such as wit, irony, absurdity, or comedic timing.

### Input:
Surely I can hear voices inside the garden? he thought.


### Response:
",No
"A woman's advice is not worth much, but he who doesn't heed it is a fool.
",1,7375,"Below is an instruction that describes a sentiment analysis task.

### Instruction:
Given the following text, please determine if it should be classified as funny or not funny. Base your classification on humor elements such as wit, irony, absurdity, or comedic timing.

### Input:
A woman's advice is not worth much, but he who doesn't heed it is a fool.


### Response:
",No
"To find the person you can truly trust, look no further than the nearest mirror.
",1,11278,"Below is an instruction that describes a sentiment analysis task.

### Instruction:
Given the following text, please determine if it should be classified as funny or not funny. Base your classification on humor elements such as wit, irony, absurdity, or comedic timing.

### Input:
To find the person you can truly trust, look no further than the nearest mirror.


### Response:
",No
"Smoke dope, dodge the draft, cheat on your wife, become President, It's the new American way.
",1,790,"Below is an instruction that describes a sentiment analysis task.

### Instruction:
Given the following text, please determine if it should be classified as funny or not funny. Base your classification on humor elements such as wit, irony, absurdity, or comedic timing.

### Input:
Smoke dope, dodge the draft, cheat on your wife, become President, It's the new American way.


### Response:
",Yes
"Jesus paid for our sins... now lets get our money's worth.
",1,311,"Below is an instruction that describes a sentiment analysis task.

### Instruction:
Given the following text, please determine if it should be classified as funny or not funny. Base your classification on humor elements such as wit, irony, absurdity, or comedic timing.

### Input:
Jesus paid for our sins... now lets get our money's worth.


### Response:
",No
"A leading authority is someone lucky who guessed right.
",1,14814,"Below is an instruction that describes a sentiment analysis task.

### Instruction:
Given the following text, please determine if it should be classified as funny or not funny. Base your classification on humor elements such as wit, irony, absurdity, or comedic timing.

### Input:
A leading authority is someone lucky who guessed right.


### Response:
",Yes
"What is too high, that let fly.
",0,29560,"Below is an instruction that describes a sentiment analysis task.

### Instruction:
Given the following text, please determine if it should be classified as funny or not funny. Base your classification on humor elements such as wit, irony, absurdity, or comedic timing.

### Input:
What is too high, that let fly.


### Response:
",No
"What Happened to the fly on the toilet seat? He got pissed off!
",1,8432,"Below is an instruction that describes a sentiment analysis task.

### Instruction:
Given the following text, please determine if it should be classified as funny or not funny. Base your classification on humor elements such as wit, irony, absurdity, or comedic timing.

### Input:
What Happened to the fly on the toilet seat? He got pissed off!


### Response:
",Yes
"What happened when the dog went to the flea circus ? He stole the show !
",1,13678,"Below is an instruction that describes a sentiment analysis task.

### Instruction:
Given the following text, please determine if it should be classified as funny or not funny. Base your classification on humor elements such as wit, irony, absurdity, or comedic timing.

### Input:
What happened when the dog went to the flea circus ? He stole the show !


### Response:
",No
"It will run on an AViiON 4300 file server and Unix-capable PCs.
",0,22938,"Below is an instruction that describes a sentiment analysis task.

### Instruction:
Given the following text, please determine if it should be classified as funny or not funny. Base your classification on humor elements such as wit, irony, absurdity, or comedic timing.

### Input:
It will run on an AViiON 4300 file server and Unix-capable PCs.


### Response:
",No
"Those who in quarrels interpose, must often wipe a bloody nose.
",1,3025,"Below is an instruction that describes a sentiment analysis task.

### Instruction:
Given the following text, please determine if it should be classified as funny or not funny. Base your classification on humor elements such as wit, irony, absurdity, or comedic timing.

### Input:
Those who in quarrels interpose, must often wipe a bloody nose.


### Response:
",No
"The Lottery is a tax on people who are bad at maths.
",1,6537,"Below is an instruction that describes a sentiment analysis task.

### Instruction:
Given the following text, please determine if it should be classified as funny or not funny. Base your classification on humor elements such as wit, irony, absurdity, or comedic timing.

### Input:
The Lottery is a tax on people who are bad at maths.


### Response:
",No
"A girl asks her boyfriend to come over Friday night and have dinner with her parents.
",1,6688,"Below is an instruction that describes a sentiment analysis task.

### Instruction:
Given the following text, please determine if it should be classified as funny or not funny. Base your classification on humor elements such as wit, irony, absurdity, or comedic timing.

### Input:
A girl asks her boyfriend to come over Friday night and have dinner with her parents.


### Response:
",No
"Important letters that contain no errors will develop errors on the way to the printer.
",1,15540,"Below is an instruction that describes a sentiment analysis task.

### Instruction:
Given the following text, please determine if it should be classified as funny or not funny. Base your classification on humor elements such as wit, irony, absurdity, or comedic timing.

### Input:
Important letters that contain no errors will develop errors on the way to the printer.


### Response:
",Yes
"If you're going home, you don't get wet.
",0,19643,"Below is an instruction that describes a sentiment analysis task.

### Instruction:
Given the following text, please determine if it should be classified as funny or not funny. Base your classification on humor elements such as wit, irony, absurdity, or comedic timing.

### Input:
If you're going home, you don't get wet.


### Response:
",No
"A good Jack makes a good Jill.
",0,19413,"Below is an instruction that describes a sentiment analysis task.

### Instruction:
Given the following text, please determine if it should be classified as funny or not funny. Base your classification on humor elements such as wit, irony, absurdity, or comedic timing.

### Input:
A good Jack makes a good Jill.


### Response:
",No
"Most active stocks in Nasdaq trading.
",0,30884,"Below is an instruction that describes a sentiment analysis task.

### Instruction:
Given the following text, please determine if it should be classified as funny or not funny. Base your classification on humor elements such as wit, irony, absurdity, or comedic timing.

### Input:
Most active stocks in Nasdaq trading.


### Response:
",No
"Don't drink and drive, you might spill your drink.
",1,910,"Below is an instruction that describes a sentiment analysis task.

### Instruction:
Given the following text, please determine if it should be classified as funny or not funny. Base your classification on humor elements such as wit, irony, absurdity, or comedic timing.

### Input:
Don't drink and drive, you might spill your drink.


### Response:
",Yes
"Some gorges may once have been underground caverns, the roofs of which have collapsed.
",0,28746,"Below is an instruction that describes a sentiment analysis task.

### Instruction:
Given the following text, please determine if it should be classified as funny or not funny. Base your classification on humor elements such as wit, irony, absurdity, or comedic timing.

### Input:
Some gorges may once have been underground caverns, the roofs of which have collapsed.


### Response:
",No
"Could it be that all those trick-or-treaters wearing sheets aren't going as ghosts - but as mattresses?
",1,10950,"Below is an instruction that describes a sentiment analysis task.

### Instruction:
Given the following text, please determine if it should be classified as funny or not funny. Base your classification on humor elements such as wit, irony, absurdity, or comedic timing.

### Input:
Could it be that all those trick-or-treaters wearing sheets aren't going as ghosts - but as mattresses?


### Response:
",Yes
"The thing you are saying about
",0,29511,"Below is an instruction that describes a sentiment analysis task.

### Instruction:
Given the following text, please determine if it should be classified as funny or not funny. Base your classification on humor elements such as wit, irony, absurdity, or comedic timing.

### Input:
The thing you are saying about


### Response:
",No
"Brent/Dubai narrows in Asia as Dubai spreads widen.
",0,18668,"Below is an instruction that describes a sentiment analysis task.

### Instruction:
Given the following text, please determine if it should be classified as funny or not funny. Base your classification on humor elements such as wit, irony, absurdity, or comedic timing.

### Input:
Brent/Dubai narrows in Asia as Dubai spreads widen.


### Response:
",No
"Get your FREE, full-color business cards from VistaPrint.com!
",1,4786,"Below is an instruction that describes a sentiment analysis task.

### Instruction:
Given the following text, please determine if it should be classified as funny or not funny. Base your classification on humor elements such as wit, irony, absurdity, or comedic timing.

### Input:
Get your FREE, full-color business cards from VistaPrint.com!


### Response:
",No
"There was a wobbly moment, concedes the unflappable young Mogg, frowning at the memory.
",0,17479,"Below is an instruction that describes a sentiment analysis task.

### Instruction:
Given the following text, please determine if it should be classified as funny or not funny. Base your classification on humor elements such as wit, irony, absurdity, or comedic timing.

### Input:
There was a wobbly moment, concedes the unflappable young Mogg, frowning at the memory.


### Response:
",No
"When I turn around, people throw me a welcome back party.
",1,7588,"Below is an instruction that describes a sentiment analysis task.

### Instruction:
Given the following text, please determine if it should be classified as funny or not funny. Base your classification on humor elements such as wit, irony, absurdity, or comedic timing.

### Input:
When I turn around, people throw me a welcome back party.


### Response:
",No
"Steffi - closet lesbian, maintains heterosexual relationship for effect.
",1,8283,"Below is an instruction that describes a sentiment analysis task.

### Instruction:
Given the following text, please determine if it should be classified as funny or not funny. Base your classification on humor elements such as wit, irony, absurdity, or comedic timing.

### Input:
Steffi - closet lesbian, maintains heterosexual relationship for effect.


### Response:
",Yes
"She took a ruler to bed to see how long she slept.
",1,11838,"Below is an instruction that describes a sentiment analysis task.

### Instruction:
Given the following text, please determine if it should be classified as funny or not funny. Base your classification on humor elements such as wit, irony, absurdity, or comedic timing.

### Input:
She took a ruler to bed to see how long she slept.


### Response:
",No
"Some mornings it is not worth chewing thru the leather straps....
",1,5317,"Below is an instruction that describes a sentiment analysis task.

### Instruction:
Given the following text, please determine if it should be classified as funny or not funny. Base your classification on humor elements such as wit, irony, absurdity, or comedic timing.

### Input:
Some mornings it is not worth chewing thru the leather straps....


### Response:
",Yes
"You are an example of why some animals eat their young.
",1,14710,"Below is an instruction that describes a sentiment analysis task.

### Instruction:
Given the following text, please determine if it should be classified as funny or not funny. Base your classification on humor elements such as wit, irony, absurdity, or comedic timing.

### Input:
You are an example of why some animals eat their young.


### Response:
",Yes
"I Don't Know Whether To Kill Myself Or Go Bowling.
",1,13797,"Below is an instruction that describes a sentiment analysis task.

### Instruction:
Given the following text, please determine if it should be classified as funny or not funny. Base your classification on humor elements such as wit, irony, absurdity, or comedic timing.

### Input:
I Don't Know Whether To Kill Myself Or Go Bowling.


### Response:
",Yes
"He who pledges or promises runs in debt.
",0,27214,"Below is an instruction that describes a sentiment analysis task.

### Instruction:
Given the following text, please determine if it should be classified as funny or not funny. Base your classification on humor elements such as wit, irony, absurdity, or comedic timing.

### Input:
He who pledges or promises runs in debt.


### Response:
",No
"Wildlife in the Soviet Union is exploited in all manner of ways.
",0,20063,"Below is an instruction that describes a sentiment analysis task.

### Instruction:
Given the following text, please determine if it should be classified as funny or not funny. Base your classification on humor elements such as wit, irony, absurdity, or comedic timing.

### Input:
Wildlife in the Soviet Union is exploited in all manner of ways.


### Response:
",No
"Why do you always find something in the last place you look?
",1,11336,"Below is an instruction that describes a sentiment analysis task.

### Instruction:
Given the following text, please determine if it should be classified as funny or not funny. Base your classification on humor elements such as wit, irony, absurdity, or comedic timing.

### Input:
Why do you always find something in the last place you look?


### Response:
",No
"Dinosaurs aren't extinct. They've just learned to hide in the trees.
",1,693,"Below is an instruction that describes a sentiment analysis task.

### Instruction:
Given the following text, please determine if it should be classified as funny or not funny. Base your classification on humor elements such as wit, irony, absurdity, or comedic timing.

### Input:
Dinosaurs aren't extinct. They've just learned to hide in the trees.


### Response:
",No
"Booze may not be the answer, but it helps you forget the question.
",1,4929,"Below is an instruction that describes a sentiment analysis task.

### Instruction:
Given the following text, please determine if it should be classified as funny or not funny. Base your classification on humor elements such as wit, irony, absurdity, or comedic timing.

### Input:
Booze may not be the answer, but it helps you forget the question.


### Response:
",No
"Buzzard Theory: Patience nothing, let's go kill something!
",1,11885,"Below is an instruction that describes a sentiment analysis task.

### Instruction:
Given the following text, please determine if it should be classified as funny or not funny. Base your classification on humor elements such as wit, irony, absurdity, or comedic timing.

### Input:
Buzzard Theory: Patience nothing, let's go kill something!


### Response:
",Yes
"A man is leaning out the window of his apartment.
",1,8491,"Below is an instruction that describes a sentiment analysis task.

### Instruction:
Given the following text, please determine if it should be classified as funny or not funny. Base your classification on humor elements such as wit, irony, absurdity, or comedic timing.

### Input:
A man is leaning out the window of his apartment.


### Response:
",No
"It's hard to believe that even his friends like him.
",1,4911,"Below is an instruction that describes a sentiment analysis task.

### Instruction:
Given the following text, please determine if it should be classified as funny or not funny. Base your classification on humor elements such as wit, irony, absurdity, or comedic timing.

### Input:
It's hard to believe that even his friends like him.


### Response:
",No
"It is not that I disagree with you, it is just that I'm not in full accord.
",1,15008,"Below is an instruction that describes a sentiment analysis task.

### Instruction:
Given the following text, please determine if it should be classified as funny or not funny. Base your classification on humor elements such as wit, irony, absurdity, or comedic timing.

### Input:
It is not that I disagree with you, it is just that I'm not in full accord.


### Response:
",No
"What's the difference between a Trumpet player and the rear end of a horse?
",1,1621,"Below is an instruction that describes a sentiment analysis task.

### Instruction:
Given the following text, please determine if it should be classified as funny or not funny. Base your classification on humor elements such as wit, irony, absurdity, or comedic timing.

### Input:
What's the difference between a Trumpet player and the rear end of a horse?


### Response:
",Yes
"Always keep your words soft and sweet, just in case you have to eat them.
",1,155,"Below is an instruction that describes a sentiment analysis task.

### Instruction:
Given the following text, please determine if it should be classified as funny or not funny. Base your classification on humor elements such as wit, irony, absurdity, or comedic timing.

### Input:
Always keep your words soft and sweet, just in case you have to eat them.


### Response:
",No
"The Prior, solemn-faced, heard him out.
",0,24876,"Below is an instruction that describes a sentiment analysis task.

### Instruction:
Given the following text, please determine if it should be classified as funny or not funny. Base your classification on humor elements such as wit, irony, absurdity, or comedic timing.

### Input:
The Prior, solemn-faced, heard him out.


### Response:
",No
"The more specific a title is, the less you will be able to apply it later.
",1,12943,"Below is an instruction that describes a sentiment analysis task.

### Instruction:
Given the following text, please determine if it should be classified as funny or not funny. Base your classification on humor elements such as wit, irony, absurdity, or comedic timing.

### Input:
The more specific a title is, the less you will be able to apply it later.


### Response:
",No
"RTRS-Australis suspended pending news.
",0,30980,"Below is an instruction that describes a sentiment analysis task.

### Instruction:
Given the following text, please determine if it should be classified as funny or not funny. Base your classification on humor elements such as wit, irony, absurdity, or comedic timing.

### Input:
RTRS-Australis suspended pending news.


### Response:
",Yes
"As soon as the stewardess serves the coffee, the airline encounters turbulence.
",1,265,"Below is an instruction that describes a sentiment analysis task.

### Instruction:
Given the following text, please determine if it should be classified as funny or not funny. Base your classification on humor elements such as wit, irony, absurdity, or comedic timing.

### Input:
As soon as the stewardess serves the coffee, the airline encounters turbulence.


### Response:
",Yes
"Hard to figure out and never have enough memory.
",1,2886,"Below is an instruction that describes a sentiment analysis task.

### Instruction:
Given the following text, please determine if it should be classified as funny or not funny. Base your classification on humor elements such as wit, irony, absurdity, or comedic timing.

### Input:
Hard to figure out and never have enough memory.


### Response:
",Yes
"The third cowboy remained silent, slowly stirring the coals with his penis...
",1,3911,"Below is an instruction that describes a sentiment analysis task.

### Instruction:
Given the following text, please determine if it should be classified as funny or not funny. Base your classification on humor elements such as wit, irony, absurdity, or comedic timing.

### Input:
The third cowboy remained silent, slowly stirring the coals with his penis...


### Response:
",Yes
"Silver's law: If Murphy's law can go wrong it will.
",1,9918,"Below is an instruction that describes a sentiment analysis task.

### Instruction:
Given the following text, please determine if it should be classified as funny or not funny. Base your classification on humor elements such as wit, irony, absurdity, or comedic timing.

### Input:
Silver's law: If Murphy's law can go wrong it will.


### Response:
",No
"You will be called into work on your day off when your family has planned a party at the lake.
",1,6079,"Below is an instruction that describes a sentiment analysis task.

### Instruction:
Given the following text, please determine if it should be classified as funny or not funny. Base your classification on humor elements such as wit, irony, absurdity, or comedic timing.

### Input:
You will be called into work on your day off when your family has planned a party at the lake.


### Response:
",No
"Basketball, Football, Baseball... RODEO: Bring yer own BALLS!
",1,574,"Below is an instruction that describes a sentiment analysis task.

### Instruction:
Given the following text, please determine if it should be classified as funny or not funny. Base your classification on humor elements such as wit, irony, absurdity, or comedic timing.

### Input:
Basketball, Football, Baseball... RODEO: Bring yer own BALLS!


### Response:
",Yes
"What you cannot avoid, welcome.
",0,25309,"Below is an instruction that describes a sentiment analysis task.

### Instruction:
Given the following text, please determine if it should be classified as funny or not funny. Base your classification on humor elements such as wit, irony, absurdity, or comedic timing.

### Input:
What you cannot avoid, welcome.


### Response:
",No
"London shares hit high after German rate cut.
",0,19803,"Below is an instruction that describes a sentiment analysis task.

### Instruction:
Given the following text, please determine if it should be classified as funny or not funny. Base your classification on humor elements such as wit, irony, absurdity, or comedic timing.

### Input:
London shares hit high after German rate cut.


### Response:
",No
"Better a dinner of herbs than a stalled ox where hate is.
",0,23859,"Below is an instruction that describes a sentiment analysis task.

### Instruction:
Given the following text, please determine if it should be classified as funny or not funny. Base your classification on humor elements such as wit, irony, absurdity, or comedic timing.

### Input:
Better a dinner of herbs than a stalled ox where hate is.


### Response:
",No
"NOTICE OF SALE - Bristol, Conn..
",0,31769,"Below is an instruction that describes a sentiment analysis task.

### Instruction:
Given the following text, please determine if it should be classified as funny or not funny. Base your classification on humor elements such as wit, irony, absurdity, or comedic timing.

### Input:
NOTICE OF SALE - Bristol, Conn..


### Response:
",No
"Despite my car having windows, it still isn't mouse driven !
",1,15180,"Below is an instruction that describes a sentiment analysis task.

### Instruction:
Given the following text, please determine if it should be classified as funny or not funny. Base your classification on humor elements such as wit, irony, absurdity, or comedic timing.

### Input:
Despite my car having windows, it still isn't mouse driven !


### Response:
",Yes
"Restaurant open for breakfast, lunch and dinner.
",0,31629,"Below is an instruction that describes a sentiment analysis task.

### Instruction:
Given the following text, please determine if it should be classified as funny or not funny. Base your classification on humor elements such as wit, irony, absurdity, or comedic timing.

### Input:
Restaurant open for breakfast, lunch and dinner.


### Response:
",Yes
"He who would succeed at court, must lie sometimes low, sometimes high.
",0,30129,"Below is an instruction that describes a sentiment analysis task.

### Instruction:
Given the following text, please determine if it should be classified as funny or not funny. Base your classification on humor elements such as wit, irony, absurdity, or comedic timing.

### Input:
He who would succeed at court, must lie sometimes low, sometimes high.


### Response:
",No
"BALANCE - Seminole County, Fla., at $7.1 mln.
",0,23331,"Below is an instruction that describes a sentiment analysis task.

### Instruction:
Given the following text, please determine if it should be classified as funny or not funny. Base your classification on humor elements such as wit, irony, absurdity, or comedic timing.

### Input:
BALANCE - Seminole County, Fla., at $7.1 mln.


### Response:
",No
"VIRGIN: A young innocent who in former times was sacrificed to the gods but who now merely lives in disgrace.
",1,9118,"Below is an instruction that describes a sentiment analysis task.

### Instruction:
Given the following text, please determine if it should be classified as funny or not funny. Base your classification on humor elements such as wit, irony, absurdity, or comedic timing.

### Input:
VIRGIN: A young innocent who in former times was sacrificed to the gods but who now merely lives in disgrace.


### Response:
",Yes
"Sow with the hand, and not with the whole sack.
",0,17307,"Below is an instruction that describes a sentiment analysis task.

### Instruction:
Given the following text, please determine if it should be classified as funny or not funny. Base your classification on humor elements such as wit, irony, absurdity, or comedic timing.

### Input:
Sow with the hand, and not with the whole sack.


### Response:
",No
"U.S. court to issue Lloyd's ruling at 1400 EDT.
",0,19761,"Below is an instruction that describes a sentiment analysis task.

### Instruction:
Given the following text, please determine if it should be classified as funny or not funny. Base your classification on humor elements such as wit, irony, absurdity, or comedic timing.

### Input:
U.S. court to issue Lloyd's ruling at 1400 EDT.


### Response:
",No
"I like this one, even if I don't agree with all of these.
",1,15982,"Below is an instruction that describes a sentiment analysis task.

### Instruction:
Given the following text, please determine if it should be classified as funny or not funny. Base your classification on humor elements such as wit, irony, absurdity, or comedic timing.

### Input:
I like this one, even if I don't agree with all of these.


### Response:
",No
"This Tagline was filmed before a live studio audience.
",1,4111,"Below is an instruction that describes a sentiment analysis task.

### Instruction:
Given the following text, please determine if it should be classified as funny or not funny. Base your classification on humor elements such as wit, irony, absurdity, or comedic timing.

### Input:
This Tagline was filmed before a live studio audience.


### Response:
",No
"Children and fools speak the truth.
",0,26913,"Below is an instruction that describes a sentiment analysis task.

### Instruction:
Given the following text, please determine if it should be classified as funny or not funny. Base your classification on humor elements such as wit, irony, absurdity, or comedic timing.

### Input:
Children and fools speak the truth.


### Response:
",No
"MOTOR RACING-SCHUMACHER WINS BELGIAN GRAND PRIX.
",0,19356,"Below is an instruction that describes a sentiment analysis task.

### Instruction:
Given the following text, please determine if it should be classified as funny or not funny. Base your classification on humor elements such as wit, irony, absurdity, or comedic timing.

### Input:
MOTOR RACING-SCHUMACHER WINS BELGIAN GRAND PRIX.


### Response:
",No
"Coupons always expire before you have a chance to use them.
",1,6914,"Below is an instruction that describes a sentiment analysis task.

### Instruction:
Given the following text, please determine if it should be classified as funny or not funny. Base your classification on humor elements such as wit, irony, absurdity, or comedic timing.

### Input:
Coupons always expire before you have a chance to use them.


### Response:
",Yes
"Never expect your friends to do for you that which you can yourself accomplish.
",0,21512,"Below is an instruction that describes a sentiment analysis task.

### Instruction:
Given the following text, please determine if it should be classified as funny or not funny. Base your classification on humor elements such as wit, irony, absurdity, or comedic timing.

### Input:
Never expect your friends to do for you that which you can yourself accomplish.


### Response:
",No
"Moments when saying nothing might have worked out better...
",1,13703,"Below is an instruction that describes a sentiment analysis task.

### Instruction:
Given the following text, please determine if it should be classified as funny or not funny. Base your classification on humor elements such as wit, irony, absurdity, or comedic timing.

### Input:
Moments when saying nothing might have worked out better...


### Response:
",Yes
"Do what you ought, come what may.
",0,30385,"Below is an instruction that describes a sentiment analysis task.

### Instruction:
Given the following text, please determine if it should be classified as funny or not funny. Base your classification on humor elements such as wit, irony, absurdity, or comedic timing.

### Input:
Do what you ought, come what may.


### Response:
",No
"He who doesn't risk never gets to drink champagne.
",0,21417,"Below is an instruction that describes a sentiment analysis task.

### Instruction:
Given the following text, please determine if it should be classified as funny or not funny. Base your classification on humor elements such as wit, irony, absurdity, or comedic timing.

### Input:
He who doesn't risk never gets to drink champagne.


### Response:
",No
"INTERVIEW - Smallest U.S. banks seen less relevant.
",0,29323,"Below is an instruction that describes a sentiment analysis task.

### Instruction:
Given the following text, please determine if it should be classified as funny or not funny. Base your classification on humor elements such as wit, irony, absurdity, or comedic timing.

### Input:
INTERVIEW - Smallest U.S. banks seen less relevant.


### Response:
",No
"So plans were laid to do it.
",0,25268,"Below is an instruction that describes a sentiment analysis task.

### Instruction:
Given the following text, please determine if it should be classified as funny or not funny. Base your classification on humor elements such as wit, irony, absurdity, or comedic timing.

### Input:
So plans were laid to do it.


### Response:
",No
"Legal aid taxation of appellants' costs.
",0,25566,"Below is an instruction that describes a sentiment analysis task.

### Instruction:
Given the following text, please determine if it should be classified as funny or not funny. Base your classification on humor elements such as wit, irony, absurdity, or comedic timing.

### Input:
Legal aid taxation of appellants' costs.


### Response:
",No
"Wall Street stocks open steady to higher.
",0,26950,"Below is an instruction that describes a sentiment analysis task.

### Instruction:
Given the following text, please determine if it should be classified as funny or not funny. Base your classification on humor elements such as wit, irony, absurdity, or comedic timing.

### Input:
Wall Street stocks open steady to higher.


### Response:
",No
"If an experiment works, you must be using the wrong equipment.
",1,2020,"Below is an instruction that describes a sentiment analysis task.

### Instruction:
Given the following text, please determine if it should be classified as funny or not funny. Base your classification on humor elements such as wit, irony, absurdity, or comedic timing.

### Input:
If an experiment works, you must be using the wrong equipment.


### Response:
",No
"Squirt the Bird - To transmit a signal to a satellite.
",1,10852,"Below is an instruction that describes a sentiment analysis task.

### Instruction:
Given the following text, please determine if it should be classified as funny or not funny. Base your classification on humor elements such as wit, irony, absurdity, or comedic timing.

### Input:
Squirt the Bird - To transmit a signal to a satellite.


### Response:
",Yes
"Indonesia's Megawati may have deal with government.
",0,28322,"Below is an instruction that describes a sentiment analysis task.

### Instruction:
Given the following text, please determine if it should be classified as funny or not funny. Base your classification on humor elements such as wit, irony, absurdity, or comedic timing.

### Input:
Indonesia's Megawati may have deal with government.


### Response:
",No
"How do you double the value of a Pinto? Fill the tank.
",1,4676,"Below is an instruction that describes a sentiment analysis task.

### Instruction:
Given the following text, please determine if it should be classified as funny or not funny. Base your classification on humor elements such as wit, irony, absurdity, or comedic timing.

### Input:
How do you double the value of a Pinto? Fill the tank.


### Response:
",Yes
"I didn't hurt you too much, did I?
",0,19272,"Below is an instruction that describes a sentiment analysis task.

### Instruction:
Given the following text, please determine if it should be classified as funny or not funny. Base your classification on humor elements such as wit, irony, absurdity, or comedic timing.

### Input:
I didn't hurt you too much, did I?


### Response:
",Yes
"This is the place for jokes, 1 liners, quotes, stories, all kinds of good clean humor.
",1,528,"Below is an instruction that describes a sentiment analysis task.

### Instruction:
Given the following text, please determine if it should be classified as funny or not funny. Base your classification on humor elements such as wit, irony, absurdity, or comedic timing.

### Input:
This is the place for jokes, 1 liners, quotes, stories, all kinds of good clean humor.


### Response:
",No
"If you make it over 100, you become a little kid again.
",1,10868,"Below is an instruction that describes a sentiment analysis task.

### Instruction:
Given the following text, please determine if it should be classified as funny or not funny. Base your classification on humor elements such as wit, irony, absurdity, or comedic timing.

### Input:
If you make it over 100, you become a little kid again.


### Response:
",No
"He notices, however, that they are copying copies, not the original books.
",1,14911,"Below is an instruction that describes a sentiment analysis task.

### Instruction:
Given the following text, please determine if it should be classified as funny or not funny. Base your classification on humor elements such as wit, irony, absurdity, or comedic timing.

### Input:
He notices, however, that they are copying copies, not the original books.


### Response:
",No
"The Hiatt's brochure contains no reference to leg cuffs.
",0,23880,"Below is an instruction that describes a sentiment analysis task.

### Instruction:
Given the following text, please determine if it should be classified as funny or not funny. Base your classification on humor elements such as wit, irony, absurdity, or comedic timing.

### Input:
The Hiatt's brochure contains no reference to leg cuffs.


### Response:
",Yes
"Foods used for medicinal purposes have no calories.
",1,15136,"Below is an instruction that describes a sentiment analysis task.

### Instruction:
Given the following text, please determine if it should be classified as funny or not funny. Base your classification on humor elements such as wit, irony, absurdity, or comedic timing.

### Input:
Foods used for medicinal purposes have no calories.


### Response:
",Yes
"If you listen to dogs barking, you'll go deaf and never learn much.
",0,24956,"Below is an instruction that describes a sentiment analysis task.

### Instruction:
Given the following text, please determine if it should be classified as funny or not funny. Base your classification on humor elements such as wit, irony, absurdity, or comedic timing.

### Input:
If you listen to dogs barking, you'll go deaf and never learn much.


### Response:
",No
"In the coldest flint there is hot fire.
",0,21542,"Below is an instruction that describes a sentiment analysis task.

### Instruction:
Given the following text, please determine if it should be classified as funny or not funny. Base your classification on humor elements such as wit, irony, absurdity, or comedic timing.

### Input:
In the coldest flint there is hot fire.


### Response:
",No
"Support your local police force; your life may one day depend on it.
",1,3671,"Below is an instruction that describes a sentiment analysis task.

### Instruction:
Given the following text, please determine if it should be classified as funny or not funny. Base your classification on humor elements such as wit, irony, absurdity, or comedic timing.

### Input:
Support your local police force; your life may one day depend on it.


### Response:
",No
"FOCUS - Advanced Medical buying IVAC Medical.
",0,29307,"Below is an instruction that describes a sentiment analysis task.

### Instruction:
Given the following text, please determine if it should be classified as funny or not funny. Base your classification on humor elements such as wit, irony, absurdity, or comedic timing.

### Input:
FOCUS - Advanced Medical buying IVAC Medical.


### Response:
",No
"Beware bin Laden! Real women don't have hot flashes, they have power surges.
",1,3350,"Below is an instruction that describes a sentiment analysis task.

### Instruction:
Given the following text, please determine if it should be classified as funny or not funny. Base your classification on humor elements such as wit, irony, absurdity, or comedic timing.

### Input:
Beware bin Laden! Real women don't have hot flashes, they have power surges.


### Response:
",Yes
"After eating an entire bull, a mountain lion felt so good he started roaring.
",1,13266,"Below is an instruction that describes a sentiment analysis task.

### Instruction:
Given the following text, please determine if it should be classified as funny or not funny. Base your classification on humor elements such as wit, irony, absurdity, or comedic timing.

### Input:
After eating an entire bull, a mountain lion felt so good he started roaring.


### Response:
",No
"PRESS DIGEST - Denmark - Aug 21.
",0,25576,"Below is an instruction that describes a sentiment analysis task.

### Instruction:
Given the following text, please determine if it should be classified as funny or not funny. Base your classification on humor elements such as wit, irony, absurdity, or comedic timing.

### Input:
PRESS DIGEST - Denmark - Aug 21.


### Response:
",No
"She would be out for an hour.
",0,25069,"Below is an instruction that describes a sentiment analysis task.

### Instruction:
Given the following text, please determine if it should be classified as funny or not funny. Base your classification on humor elements such as wit, irony, absurdity, or comedic timing.

### Input:
She would be out for an hour.


### Response:
",No
"It is better to give than to receive.
",0,17443,"Below is an instruction that describes a sentiment analysis task.

### Instruction:
Given the following text, please determine if it should be classified as funny or not funny. Base your classification on humor elements such as wit, irony, absurdity, or comedic timing.

### Input:
It is better to give than to receive.


### Response:
",No
"Kimberley - wants to be a bloke, drinks like a bloke, farts like a bloke and wears a wig.
",1,15125,"Below is an instruction that describes a sentiment analysis task.

### Instruction:
Given the following text, please determine if it should be classified as funny or not funny. Base your classification on humor elements such as wit, irony, absurdity, or comedic timing.

### Input:
Kimberley - wants to be a bloke, drinks like a bloke, farts like a bloke and wears a wig.


### Response:
",Yes
"He will die before he's old who's wise before his time.
",0,30250,"Below is an instruction that describes a sentiment analysis task.

### Instruction:
Given the following text, please determine if it should be classified as funny or not funny. Base your classification on humor elements such as wit, irony, absurdity, or comedic timing.

### Input:
He will die before he's old who's wise before his time.


### Response:
",No
"I thought we were gonna a new Queen
",0,21954,"Below is an instruction that describes a sentiment analysis task.

### Instruction:
Given the following text, please determine if it should be classified as funny or not funny. Base your classification on humor elements such as wit, irony, absurdity, or comedic timing.

### Input:
I thought we were gonna a new Queen


### Response:
",Yes
"Don't get stuck in a closet -- wear yourself out.
",1,5469,"Below is an instruction that describes a sentiment analysis task.

### Instruction:
Given the following text, please determine if it should be classified as funny or not funny. Base your classification on humor elements such as wit, irony, absurdity, or comedic timing.

### Input:
Don't get stuck in a closet -- wear yourself out.


### Response:
",No
"Single Brent cargo kept and then sold - trade.
",0,22157,"Below is an instruction that describes a sentiment analysis task.

### Instruction:
Given the following text, please determine if it should be classified as funny or not funny. Base your classification on humor elements such as wit, irony, absurdity, or comedic timing.

### Input:
Single Brent cargo kept and then sold - trade.


### Response:
",Yes
"Exercise v. To walk up and down a mall, occasionally resting to make a purchase.
",1,7926,"Below is an instruction that describes a sentiment analysis task.

### Instruction:
Given the following text, please determine if it should be classified as funny or not funny. Base your classification on humor elements such as wit, irony, absurdity, or comedic timing.

### Input:
Exercise v. To walk up and down a mall, occasionally resting to make a purchase.


### Response:
",Yes
"Designed to bring out hair's natural movement, it emphasises curl shape and formation.
",0,29818,"Below is an instruction that describes a sentiment analysis task.

### Instruction:
Given the following text, please determine if it should be classified as funny or not funny. Base your classification on humor elements such as wit, irony, absurdity, or comedic timing.

### Input:
Designed to bring out hair's natural movement, it emphasises curl shape and formation.


### Response:
",No
"Men know that cats are evil and cannot be trusted.
",1,1124,"Below is an instruction that describes a sentiment analysis task.

### Instruction:
Given the following text, please determine if it should be classified as funny or not funny. Base your classification on humor elements such as wit, irony, absurdity, or comedic timing.

### Input:
Men know that cats are evil and cannot be trusted.


### Response:
",No
"Looking for funny inspirational quotes? You'll find lots of inspiring quotes in our 'Top 10' List of Favorites...
",1,10438,"Below is an instruction that describes a sentiment analysis task.

### Instruction:
Given the following text, please determine if it should be classified as funny or not funny. Base your classification on humor elements such as wit, irony, absurdity, or comedic timing.

### Input:
Looking for funny inspirational quotes? You'll find lots of inspiring quotes in our 'Top 10' List of Favorites...


### Response:
",No
"One screw in the wrong place and the whole cabinet falls apart.
",1,9832,"Below is an instruction that describes a sentiment analysis task.

### Instruction:
Given the following text, please determine if it should be classified as funny or not funny. Base your classification on humor elements such as wit, irony, absurdity, or comedic timing.

### Input:
One screw in the wrong place and the whole cabinet falls apart.


### Response:
",No
"Trespassers will be shot, survivors will be shot again!
",1,15313,"Below is an instruction that describes a sentiment analysis task.

### Instruction:
Given the following text, please determine if it should be classified as funny or not funny. Base your classification on humor elements such as wit, irony, absurdity, or comedic timing.

### Input:
Trespassers will be shot, survivors will be shot again!


### Response:
",Yes
"So much, then, for their enriched marriage!
",0,21058,"Below is an instruction that describes a sentiment analysis task.

### Instruction:
Given the following text, please determine if it should be classified as funny or not funny. Base your classification on humor elements such as wit, irony, absurdity, or comedic timing.

### Input:
So much, then, for their enriched marriage!


### Response:
",No
"Wall St indices closing - Aug 21.
",0,28196,"Below is an instruction that describes a sentiment analysis task.

### Instruction:
Given the following text, please determine if it should be classified as funny or not funny. Base your classification on humor elements such as wit, irony, absurdity, or comedic timing.

### Input:
Wall St indices closing - Aug 21.


### Response:
",No
"Dorothy had not often felt more regret than she did that day.
",0,19383,"Below is an instruction that describes a sentiment analysis task.

### Instruction:
Given the following text, please determine if it should be classified as funny or not funny. Base your classification on humor elements such as wit, irony, absurdity, or comedic timing.

### Input:
Dorothy had not often felt more regret than she did that day.


### Response:
",No
"Why then should the trade unions have settled for something less?
",0,24386,"Below is an instruction that describes a sentiment analysis task.

### Instruction:
Given the following text, please determine if it should be classified as funny or not funny. Base your classification on humor elements such as wit, irony, absurdity, or comedic timing.

### Input:
Why then should the trade unions have settled for something less?


### Response:
",No
"you've heard a lot of wisdom on this programme tonight
",0,16335,"Below is an instruction that describes a sentiment analysis task.

### Instruction:
Given the following text, please determine if it should be classified as funny or not funny. Base your classification on humor elements such as wit, irony, absurdity, or comedic timing.

### Input:
you've heard a lot of wisdom on this programme tonight


### Response:
",No
"Agenda Brugge is a useful free guide to what's on each month.
",0,29907,"Below is an instruction that describes a sentiment analysis task.

### Instruction:
Given the following text, please determine if it should be classified as funny or not funny. Base your classification on humor elements such as wit, irony, absurdity, or comedic timing.

### Input:
Agenda Brugge is a useful free guide to what's on each month.


### Response:
",No
"Why do bachelors like smart women? Opposites attract.
",1,12256,"Below is an instruction that describes a sentiment analysis task.

### Instruction:
Given the following text, please determine if it should be classified as funny or not funny. Base your classification on humor elements such as wit, irony, absurdity, or comedic timing.

### Input:
Why do bachelors like smart women? Opposites attract.


### Response:
",No
"It never rains but it pours.
",0,18662,"Below is an instruction that describes a sentiment analysis task.

### Instruction:
Given the following text, please determine if it should be classified as funny or not funny. Base your classification on humor elements such as wit, irony, absurdity, or comedic timing.

### Input:
It never rains but it pours.


### Response:
",No
"and cross t's and dot i's!
",0,22726,"Below is an instruction that describes a sentiment analysis task.

### Instruction:
Given the following text, please determine if it should be classified as funny or not funny. Base your classification on humor elements such as wit, irony, absurdity, or comedic timing.

### Input:
and cross t's and dot i's!


### Response:
",No
"Users : Keep them dry and don't feed them after midnight.
",1,4001,"Below is an instruction that describes a sentiment analysis task.

### Instruction:
Given the following text, please determine if it should be classified as funny or not funny. Base your classification on humor elements such as wit, irony, absurdity, or comedic timing.

### Input:
Users : Keep them dry and don't feed them after midnight.


### Response:
",Yes
"What do you have in common with your husband.?..................We were both married on the same day.
",1,2151,"Below is an instruction that describes a sentiment analysis task.

### Instruction:
Given the following text, please determine if it should be classified as funny or not funny. Base your classification on humor elements such as wit, irony, absurdity, or comedic timing.

### Input:
What do you have in common with your husband.?..................We were both married on the same day.


### Response:
",Yes
"A man said he had breathed for ages and felt nothing.
",0,27675,"Below is an instruction that describes a sentiment analysis task.

### Instruction:
Given the following text, please determine if it should be classified as funny or not funny. Base your classification on humor elements such as wit, irony, absurdity, or comedic timing.

### Input:
A man said he had breathed for ages and felt nothing.


### Response:
",No
"I met some crazy people. They made me their leader...
",1,3291,"Below is an instruction that describes a sentiment analysis task.

### Instruction:
Given the following text, please determine if it should be classified as funny or not funny. Base your classification on humor elements such as wit, irony, absurdity, or comedic timing.

### Input:
I met some crazy people. They made me their leader...


### Response:
",No
"If sour milk is used to make Yogurt, how do you know when Yogurt is bad?
",1,1112,"Below is an instruction that describes a sentiment analysis task.

### Instruction:
Given the following text, please determine if it should be classified as funny or not funny. Base your classification on humor elements such as wit, irony, absurdity, or comedic timing.

### Input:
If sour milk is used to make Yogurt, how do you know when Yogurt is bad?


### Response:
",No
"Will health care be any different in the next century?
",1,15565,"Below is an instruction that describes a sentiment analysis task.

### Instruction:
Given the following text, please determine if it should be classified as funny or not funny. Base your classification on humor elements such as wit, irony, absurdity, or comedic timing.

### Input:
Will health care be any different in the next century?


### Response:
",No
"Bristol, Conn., $4.26 million deal A1 by Moody's.
",0,18081,"Below is an instruction that describes a sentiment analysis task.

### Instruction:
Given the following text, please determine if it should be classified as funny or not funny. Base your classification on humor elements such as wit, irony, absurdity, or comedic timing.

### Input:
Bristol, Conn., $4.26 million deal A1 by Moody's.


### Response:
",No
"What lies at the bottom of the ocean and twitches?
",1,13756,"Below is an instruction that describes a sentiment analysis task.

### Instruction:
Given the following text, please determine if it should be classified as funny or not funny. Base your classification on humor elements such as wit, irony, absurdity, or comedic timing.

### Input:
What lies at the bottom of the ocean and twitches?


### Response:
",Yes
"Don't try to analyse the motives and thoughts of the rest of us.
",0,27544,"Below is an instruction that describes a sentiment analysis task.

### Instruction:
Given the following text, please determine if it should be classified as funny or not funny. Base your classification on humor elements such as wit, irony, absurdity, or comedic timing.

### Input:
Don't try to analyse the motives and thoughts of the rest of us.


### Response:
",No
"Pakistan bank auctions 6.9bln rupees bonds, repos.
",0,31237,"Below is an instruction that describes a sentiment analysis task.

### Instruction:
Given the following text, please determine if it should be classified as funny or not funny. Base your classification on humor elements such as wit, irony, absurdity, or comedic timing.

### Input:
Pakistan bank auctions 6.9bln rupees bonds, repos.


### Response:
",No
"I don't think nostalgia is as good as it used to be.
",1,7798,"Below is an instruction that describes a sentiment analysis task.

### Instruction:
Given the following text, please determine if it should be classified as funny or not funny. Base your classification on humor elements such as wit, irony, absurdity, or comedic timing.

### Input:
I don't think nostalgia is as good as it used to be.


### Response:
",No
"My idea of roughing it is when room service is late!
",1,14649,"Below is an instruction that describes a sentiment analysis task.

### Instruction:
Given the following text, please determine if it should be classified as funny or not funny. Base your classification on humor elements such as wit, irony, absurdity, or comedic timing.

### Input:
My idea of roughing it is when room service is late!


### Response:
",No
"The soldier is well paid for doing mischief.
",0,24948,"Below is an instruction that describes a sentiment analysis task.

### Instruction:
Given the following text, please determine if it should be classified as funny or not funny. Base your classification on humor elements such as wit, irony, absurdity, or comedic timing.

### Input:
The soldier is well paid for doing mischief.


### Response:
",No
"Murphy's Law: If it's good, they will stop making it.
",1,3326,"Below is an instruction that describes a sentiment analysis task.

### Instruction:
Given the following text, please determine if it should be classified as funny or not funny. Base your classification on humor elements such as wit, irony, absurdity, or comedic timing.

### Input:
Murphy's Law: If it's good, they will stop making it.


### Response:
",No
"If it were truly the thought that counted, more women would be pregnant.
",1,14021,"Below is an instruction that describes a sentiment analysis task.

### Instruction:
Given the following text, please determine if it should be classified as funny or not funny. Base your classification on humor elements such as wit, irony, absurdity, or comedic timing.

### Input:
If it were truly the thought that counted, more women would be pregnant.


### Response:
",No
"Oh, if you're going all psychological! snorted Breeze, and Gay laughed.
",0,19828,"Below is an instruction that describes a sentiment analysis task.

### Instruction:
Given the following text, please determine if it should be classified as funny or not funny. Base your classification on humor elements such as wit, irony, absurdity, or comedic timing.

### Input:
Oh, if you're going all psychological! snorted Breeze, and Gay laughed.


### Response:
",Yes
"You always hear about them but you never see them.
",1,7456,"Below is an instruction that describes a sentiment analysis task.

### Instruction:
Given the following text, please determine if it should be classified as funny or not funny. Base your classification on humor elements such as wit, irony, absurdity, or comedic timing.

### Input:
You always hear about them but you never see them.


### Response:
",No
"Another song: I wish I were Oscar Meyer, you wiener.
",1,11247,"Below is an instruction that describes a sentiment analysis task.

### Instruction:
Given the following text, please determine if it should be classified as funny or not funny. Base your classification on humor elements such as wit, irony, absurdity, or comedic timing.

### Input:
Another song: I wish I were Oscar Meyer, you wiener.


### Response:
",Yes
"An open box tempts an honest man.
",0,20775,"Below is an instruction that describes a sentiment analysis task.

### Instruction:
Given the following text, please determine if it should be classified as funny or not funny. Base your classification on humor elements such as wit, irony, absurdity, or comedic timing.

### Input:
An open box tempts an honest man.


### Response:
",No
"I busted a mirror and got seven years bad luck, but my lawyer thinks he can get me five.
",1,8631,"Below is an instruction that describes a sentiment analysis task.

### Instruction:
Given the following text, please determine if it should be classified as funny or not funny. Base your classification on humor elements such as wit, irony, absurdity, or comedic timing.

### Input:
I busted a mirror and got seven years bad luck, but my lawyer thinks he can get me five.


### Response:
",Yes
"Isn't there a statute of limitations on stupidity?
",1,12076,"Below is an instruction that describes a sentiment analysis task.

### Instruction:
Given the following text, please determine if it should be classified as funny or not funny. Base your classification on humor elements such as wit, irony, absurdity, or comedic timing.

### Input:
Isn't there a statute of limitations on stupidity?


### Response:
",Yes
"Let me present a medley of these edifying yarns.
",0,17129,"Below is an instruction that describes a sentiment analysis task.

### Instruction:
Given the following text, please determine if it should be classified as funny or not funny. Base your classification on humor elements such as wit, irony, absurdity, or comedic timing.

### Input:
Let me present a medley of these edifying yarns.


### Response:
",No
"Couldn't pour water out of a boot with instructions on the heel.
",1,8019,"Below is an instruction that describes a sentiment analysis task.

### Instruction:
Given the following text, please determine if it should be classified as funny or not funny. Base your classification on humor elements such as wit, irony, absurdity, or comedic timing.

### Input:
Couldn't pour water out of a boot with instructions on the heel.


### Response:
",Yes
"She held the tape recorder in the air triumphantly.
",0,16219,"Below is an instruction that describes a sentiment analysis task.

### Instruction:
Given the following text, please determine if it should be classified as funny or not funny. Base your classification on humor elements such as wit, irony, absurdity, or comedic timing.

### Input:
She held the tape recorder in the air triumphantly.


### Response:
",No
"Astra is nearing 18,000 miles with little trouble
",0,24095,"Below is an instruction that describes a sentiment analysis task.

### Instruction:
Given the following text, please determine if it should be classified as funny or not funny. Base your classification on humor elements such as wit, irony, absurdity, or comedic timing.

### Input:
Astra is nearing 18,000 miles with little trouble


### Response:
",No
"Plan A never works. Plan B almost never works. No one ever has a Plan C.
",1,10488,"Below is an instruction that describes a sentiment analysis task.

### Instruction:
Given the following text, please determine if it should be classified as funny or not funny. Base your classification on humor elements such as wit, irony, absurdity, or comedic timing.

### Input:
Plan A never works. Plan B almost never works. No one ever has a Plan C.


### Response:
",No
"Give never the wolf the wether to keep.
",0,31165,"Below is an instruction that describes a sentiment analysis task.

### Instruction:
Given the following text, please determine if it should be classified as funny or not funny. Base your classification on humor elements such as wit, irony, absurdity, or comedic timing.

### Input:
Give never the wolf the wether to keep.


### Response:
",No
"Forgiveness is a free gift, but you must accept it.
",1,15583,"Below is an instruction that describes a sentiment analysis task.

### Instruction:
Given the following text, please determine if it should be classified as funny or not funny. Base your classification on humor elements such as wit, irony, absurdity, or comedic timing.

### Input:
Forgiveness is a free gift, but you must accept it.


### Response:
",No
"ONE ROMANIAN DIES IN BUS CRASH IN BULGARIA.
",0,24304,"Below is an instruction that describes a sentiment analysis task.

### Instruction:
Given the following text, please determine if it should be classified as funny or not funny. Base your classification on humor elements such as wit, irony, absurdity, or comedic timing.

### Input:
ONE ROMANIAN DIES IN BUS CRASH IN BULGARIA.


### Response:
",No
"Great talkers are great liars.
",0,17526,"Below is an instruction that describes a sentiment analysis task.

### Instruction:
Given the following text, please determine if it should be classified as funny or not funny. Base your classification on humor elements such as wit, irony, absurdity, or comedic timing.

### Input:
Great talkers are great liars.


### Response:
",No
"Everyone should carve out their own niche. And if you've got a niche, scratch it.
",1,6206,"Below is an instruction that describes a sentiment analysis task.

### Instruction:
Given the following text, please determine if it should be classified as funny or not funny. Base your classification on humor elements such as wit, irony, absurdity, or comedic timing.

### Input:
Everyone should carve out their own niche. And if you've got a niche, scratch it.


### Response:
",No
"Confucius say...Man who leap off cliff jump to conclusion.
",1,6342,"Below is an instruction that describes a sentiment analysis task.

### Instruction:
Given the following text, please determine if it should be classified as funny or not funny. Base your classification on humor elements such as wit, irony, absurdity, or comedic timing.

### Input:
Confucius say...Man who leap off cliff jump to conclusion.


### Response:
",Yes
"General Magnaplate sets $0.07 payout.
",0,25203,"Below is an instruction that describes a sentiment analysis task.

### Instruction:
Given the following text, please determine if it should be classified as funny or not funny. Base your classification on humor elements such as wit, irony, absurdity, or comedic timing.

### Input:
General Magnaplate sets $0.07 payout.


### Response:
",Yes
"There is hope from the sea, but none from the grave.
",0,16266,"Below is an instruction that describes a sentiment analysis task.

### Instruction:
Given the following text, please determine if it should be classified as funny or not funny. Base your classification on humor elements such as wit, irony, absurdity, or comedic timing.

### Input:
There is hope from the sea, but none from the grave.


### Response:
",No
"The problem with reality is the lack of background music.
",1,10528,"Below is an instruction that describes a sentiment analysis task.

### Instruction:
Given the following text, please determine if it should be classified as funny or not funny. Base your classification on humor elements such as wit, irony, absurdity, or comedic timing.

### Input:
The problem with reality is the lack of background music.


### Response:
",No
"It's not whether you win or lose. What counts is whether I win or lose.
",1,7411,"Below is an instruction that describes a sentiment analysis task.

### Instruction:
Given the following text, please determine if it should be classified as funny or not funny. Base your classification on humor elements such as wit, irony, absurdity, or comedic timing.

### Input:
It's not whether you win or lose. What counts is whether I win or lose.


### Response:
",Yes
"Japan buys 140,000 tonne wheat, 40,000 tonne barley.
",0,21001,"Below is an instruction that describes a sentiment analysis task.

### Instruction:
Given the following text, please determine if it should be classified as funny or not funny. Base your classification on humor elements such as wit, irony, absurdity, or comedic timing.

### Input:
Japan buys 140,000 tonne wheat, 40,000 tonne barley.


### Response:
",No
"Overall: 1 Blush; 2 Fraggle; 3 Carronade.
",0,21240,"Below is an instruction that describes a sentiment analysis task.

### Instruction:
Given the following text, please determine if it should be classified as funny or not funny. Base your classification on humor elements such as wit, irony, absurdity, or comedic timing.

### Input:
Overall: 1 Blush; 2 Fraggle; 3 Carronade.


### Response:
",No
"Constant use will wear out anything... especially friends.
",1,6283,"Below is an instruction that describes a sentiment analysis task.

### Instruction:
Given the following text, please determine if it should be classified as funny or not funny. Base your classification on humor elements such as wit, irony, absurdity, or comedic timing.

### Input:
Constant use will wear out anything... especially friends.


### Response:
",Yes
"February fill dyke, be it black or be it white.
",0,29867,"Below is an instruction that describes a sentiment analysis task.

### Instruction:
Given the following text, please determine if it should be classified as funny or not funny. Base your classification on humor elements such as wit, irony, absurdity, or comedic timing.

### Input:
February fill dyke, be it black or be it white.


### Response:
",Yes
"Sandro was to die fighting in the Resistance.
",0,17748,"Below is an instruction that describes a sentiment analysis task.

### Instruction:
Given the following text, please determine if it should be classified as funny or not funny. Base your classification on humor elements such as wit, irony, absurdity, or comedic timing.

### Input:
Sandro was to die fighting in the Resistance.


### Response:
",No
"Better be poor than wicked.
",0,30948,"Below is an instruction that describes a sentiment analysis task.

### Instruction:
Given the following text, please determine if it should be classified as funny or not funny. Base your classification on humor elements such as wit, irony, absurdity, or comedic timing.

### Input:
Better be poor than wicked.


### Response:
",No
"IB Joffe in talks, shareholders cautioned.
",0,31008,"Below is an instruction that describes a sentiment analysis task.

### Instruction:
Given the following text, please determine if it should be classified as funny or not funny. Base your classification on humor elements such as wit, irony, absurdity, or comedic timing.

### Input:
IB Joffe in talks, shareholders cautioned.


### Response:
",No
"To: Monsignor Mark Swaby National Director A.P.F.
",0,22429,"Below is an instruction that describes a sentiment analysis task.

### Instruction:
Given the following text, please determine if it should be classified as funny or not funny. Base your classification on humor elements such as wit, irony, absurdity, or comedic timing.

### Input:
To: Monsignor Mark Swaby National Director A.P.F.


### Response:
",No
"Horse, don't die yet, grass is coming.
",0,30873,"Below is an instruction that describes a sentiment analysis task.

### Instruction:
Given the following text, please determine if it should be classified as funny or not funny. Base your classification on humor elements such as wit, irony, absurdity, or comedic timing.

### Input:
Horse, don't die yet, grass is coming.


### Response:
",Yes
"The 4 Food Groups: Coffee, Ice Cream, Beer, and Pizza.
",1,13403,"Below is an instruction that describes a sentiment analysis task.

### Instruction:
Given the following text, please determine if it should be classified as funny or not funny. Base your classification on humor elements such as wit, irony, absurdity, or comedic timing.

### Input:
The 4 Food Groups: Coffee, Ice Cream, Beer, and Pizza.


### Response:
",No
"Eagles catch no flies.
",0,18151,"Below is an instruction that describes a sentiment analysis task.

### Instruction:
Given the following text, please determine if it should be classified as funny or not funny. Base your classification on humor elements such as wit, irony, absurdity, or comedic timing.

### Input:
Eagles catch no flies.


### Response:
",Yes
"If you cannot bite, never show your teeth.
",0,30252,"Below is an instruction that describes a sentiment analysis task.

### Instruction:
Given the following text, please determine if it should be classified as funny or not funny. Base your classification on humor elements such as wit, irony, absurdity, or comedic timing.

### Input:
If you cannot bite, never show your teeth.


### Response:
",No
"You cannot tell how deep a puddle is until you step in it.
",1,2039,"Below is an instruction that describes a sentiment analysis task.

### Instruction:
Given the following text, please determine if it should be classified as funny or not funny. Base your classification on humor elements such as wit, irony, absurdity, or comedic timing.

### Input:
You cannot tell how deep a puddle is until you step in it.


### Response:
",No
"Whoever follows a crowd will never be followed by a crowd.
",1,15157,"Below is an instruction that describes a sentiment analysis task.

### Instruction:
Given the following text, please determine if it should be classified as funny or not funny. Base your classification on humor elements such as wit, irony, absurdity, or comedic timing.

### Input:
Whoever follows a crowd will never be followed by a crowd.


### Response:
",No
"National U.S. avg prices for farmer-owned reserve.
",0,18439,"Below is an instruction that describes a sentiment analysis task.

### Instruction:
Given the following text, please determine if it should be classified as funny or not funny. Base your classification on humor elements such as wit, irony, absurdity, or comedic timing.

### Input:
National U.S. avg prices for farmer-owned reserve.


### Response:
",No
"No man can swim ashore and carry his baggage with him.
",0,19181,"Below is an instruction that describes a sentiment analysis task.

### Instruction:
Given the following text, please determine if it should be classified as funny or not funny. Base your classification on humor elements such as wit, irony, absurdity, or comedic timing.

### Input:
No man can swim ashore and carry his baggage with him.


### Response:
",Yes
"Kevin Power has less luck with the gauchely conceived part of the boilerman.
",0,22520,"Below is an instruction that describes a sentiment analysis task.

### Instruction:
Given the following text, please determine if it should be classified as funny or not funny. Base your classification on humor elements such as wit, irony, absurdity, or comedic timing.

### Input:
Kevin Power has less luck with the gauchely conceived part of the boilerman.


### Response:
",Yes
"I keep telling myself that I am a pathological liar, but I am not sure if I believe it.
",1,11470,"Below is an instruction that describes a sentiment analysis task.

### Instruction:
Given the following text, please determine if it should be classified as funny or not funny. Base your classification on humor elements such as wit, irony, absurdity, or comedic timing.

### Input:
I keep telling myself that I am a pathological liar, but I am not sure if I believe it.


### Response:
",No
"You only buy Christmas cards after Christmas, when they are 50% off.
",1,4418,"Below is an instruction that describes a sentiment analysis task.

### Instruction:
Given the following text, please determine if it should be classified as funny or not funny. Base your classification on humor elements such as wit, irony, absurdity, or comedic timing.

### Input:
You only buy Christmas cards after Christmas, when they are 50% off.


### Response:
",Yes
"The more I learn, the more I realize I have to learn.
",1,7385,"Below is an instruction that describes a sentiment analysis task.

### Instruction:
Given the following text, please determine if it should be classified as funny or not funny. Base your classification on humor elements such as wit, irony, absurdity, or comedic timing.

### Input:
The more I learn, the more I realize I have to learn.


### Response:
",No
"Jane, you must have been asleep.
",0,30621,"Below is an instruction that describes a sentiment analysis task.

### Instruction:
Given the following text, please determine if it should be classified as funny or not funny. Base your classification on humor elements such as wit, irony, absurdity, or comedic timing.

### Input:
Jane, you must have been asleep.


### Response:
",Yes
"Disassembly of a major component will invariably include a seized bolt.
",1,8430,"Below is an instruction that describes a sentiment analysis task.

### Instruction:
Given the following text, please determine if it should be classified as funny or not funny. Base your classification on humor elements such as wit, irony, absurdity, or comedic timing.

### Input:
Disassembly of a major component will invariably include a seized bolt.


### Response:
",No
"Looks are but a layer of skin covering one's soul.
",1,6551,"Below is an instruction that describes a sentiment analysis task.

### Instruction:
Given the following text, please determine if it should be classified as funny or not funny. Base your classification on humor elements such as wit, irony, absurdity, or comedic timing.

### Input:
Looks are but a layer of skin covering one's soul.


### Response:
",No
"German industry urges Bonn to tone down tax debate.
",0,31801,"Below is an instruction that describes a sentiment analysis task.

### Instruction:
Given the following text, please determine if it should be classified as funny or not funny. Base your classification on humor elements such as wit, irony, absurdity, or comedic timing.

### Input:
German industry urges Bonn to tone down tax debate.


### Response:
",No
"Diplomacy: The art of saying ""Nice doggie!"" until you can find a rock.
",1,965,"Below is an instruction that describes a sentiment analysis task.

### Instruction:
Given the following text, please determine if it should be classified as funny or not funny. Base your classification on humor elements such as wit, irony, absurdity, or comedic timing.

### Input:
Diplomacy: The art of saying ""Nice doggie!"" until you can find a rock.


### Response:
",Yes
"APEC told energy key to Asia-Pacific future growth.
",0,27305,"Below is an instruction that describes a sentiment analysis task.

### Instruction:
Given the following text, please determine if it should be classified as funny or not funny. Base your classification on humor elements such as wit, irony, absurdity, or comedic timing.

### Input:
APEC told energy key to Asia-Pacific future growth.


### Response:
",No
"Virus check complete. All viruses functioning normally.
",1,220,"Below is an instruction that describes a sentiment analysis task.

### Instruction:
Given the following text, please determine if it should be classified as funny or not funny. Base your classification on humor elements such as wit, irony, absurdity, or comedic timing.

### Input:
Virus check complete. All viruses functioning normally.


### Response:
",Yes
"Stocks rise as tech shares, bonds rally.
",0,28012,"Below is an instruction that describes a sentiment analysis task.

### Instruction:
Given the following text, please determine if it should be classified as funny or not funny. Base your classification on humor elements such as wit, irony, absurdity, or comedic timing.

### Input:
Stocks rise as tech shares, bonds rally.


### Response:
",No
"The fat sow knows not what the hungry sow suffers.
",0,29102,"Below is an instruction that describes a sentiment analysis task.

### Instruction:
Given the following text, please determine if it should be classified as funny or not funny. Base your classification on humor elements such as wit, irony, absurdity, or comedic timing.

### Input:
The fat sow knows not what the hungry sow suffers.


### Response:
",No
"Malaysia Powertek at premium ahead of listing.
",0,25294,"Below is an instruction that describes a sentiment analysis task.

### Instruction:
Given the following text, please determine if it should be classified as funny or not funny. Base your classification on humor elements such as wit, irony, absurdity, or comedic timing.

### Input:
Malaysia Powertek at premium ahead of listing.


### Response:
",No
"He smiled at her and gave her a little wink.
",0,18462,"Below is an instruction that describes a sentiment analysis task.

### Instruction:
Given the following text, please determine if it should be classified as funny or not funny. Base your classification on humor elements such as wit, irony, absurdity, or comedic timing.

### Input:
He smiled at her and gave her a little wink.


### Response:
",No
"PhyMatrix buys rest of Physician's Choice.
",0,17478,"Below is an instruction that describes a sentiment analysis task.

### Instruction:
Given the following text, please determine if it should be classified as funny or not funny. Base your classification on humor elements such as wit, irony, absurdity, or comedic timing.

### Input:
PhyMatrix buys rest of Physician's Choice.


### Response:
",Yes
"The most magnificent thing about any task is the spirit in which it is done.
",1,14329,"Below is an instruction that describes a sentiment analysis task.

### Instruction:
Given the following text, please determine if it should be classified as funny or not funny. Base your classification on humor elements such as wit, irony, absurdity, or comedic timing.

### Input:
The most magnificent thing about any task is the spirit in which it is done.


### Response:
",No
"Ridicule is the test of truth.
",0,28355,"Below is an instruction that describes a sentiment analysis task.

### Instruction:
Given the following text, please determine if it should be classified as funny or not funny. Base your classification on humor elements such as wit, irony, absurdity, or comedic timing.

### Input:
Ridicule is the test of truth.


### Response:
",No
"The worst pig gets the best pear.
",0,19870,"Below is an instruction that describes a sentiment analysis task.

### Instruction:
Given the following text, please determine if it should be classified as funny or not funny. Base your classification on humor elements such as wit, irony, absurdity, or comedic timing.

### Input:
The worst pig gets the best pear.


### Response:
",No
"Why don't we say why instead of how come?
",1,12947,"Below is an instruction that describes a sentiment analysis task.

### Instruction:
Given the following text, please determine if it should be classified as funny or not funny. Base your classification on humor elements such as wit, irony, absurdity, or comedic timing.

### Input:
Why don't we say why instead of how come?


### Response:
",No
"COBOL programmers understand why women hate periods.
",1,6142,"Below is an instruction that describes a sentiment analysis task.

### Instruction:
Given the following text, please determine if it should be classified as funny or not funny. Base your classification on humor elements such as wit, irony, absurdity, or comedic timing.

### Input:
COBOL programmers understand why women hate periods.


### Response:
",Yes
"When you go for a job interview, don't forget to ask if they press charges.
",1,14376,"Below is an instruction that describes a sentiment analysis task.

### Instruction:
Given the following text, please determine if it should be classified as funny or not funny. Base your classification on humor elements such as wit, irony, absurdity, or comedic timing.

### Input:
When you go for a job interview, don't forget to ask if they press charges.


### Response:
",Yes
"INDICATORS - SOUTH AFRICA - AUGUST 23.
",0,28480,"Below is an instruction that describes a sentiment analysis task.

### Instruction:
Given the following text, please determine if it should be classified as funny or not funny. Base your classification on humor elements such as wit, irony, absurdity, or comedic timing.

### Input:
INDICATORS - SOUTH AFRICA - AUGUST 23.


### Response:
",No
"What you are, not what you have, is what makes you rich.
",1,14079,"Below is an instruction that describes a sentiment analysis task.

### Instruction:
Given the following text, please determine if it should be classified as funny or not funny. Base your classification on humor elements such as wit, irony, absurdity, or comedic timing.

### Input:
What you are, not what you have, is what makes you rich.


### Response:
",No
"Tokyo Electron lower after forecast revised down.
",0,19471,"Below is an instruction that describes a sentiment analysis task.

### Instruction:
Given the following text, please determine if it should be classified as funny or not funny. Base your classification on humor elements such as wit, irony, absurdity, or comedic timing.

### Input:
Tokyo Electron lower after forecast revised down.


### Response:
",No
"The branch is seldom better than the stem.
",0,29647,"Below is an instruction that describes a sentiment analysis task.

### Instruction:
Given the following text, please determine if it should be classified as funny or not funny. Base your classification on humor elements such as wit, irony, absurdity, or comedic timing.

### Input:
The branch is seldom better than the stem.


### Response:
",No
"My wife said I never listen to her. At least I think that's what she said.
",1,13334,"Below is an instruction that describes a sentiment analysis task.

### Instruction:
Given the following text, please determine if it should be classified as funny or not funny. Base your classification on humor elements such as wit, irony, absurdity, or comedic timing.

### Input:
My wife said I never listen to her. At least I think that's what she said.


### Response:
",Yes
"It is never too late to ask what time it is.
",0,30242,"Below is an instruction that describes a sentiment analysis task.

### Instruction:
Given the following text, please determine if it should be classified as funny or not funny. Base your classification on humor elements such as wit, irony, absurdity, or comedic timing.

### Input:
It is never too late to ask what time it is.


### Response:
",No
"An authority knows lots of things you don't care about.
",1,4962,"Below is an instruction that describes a sentiment analysis task.

### Instruction:
Given the following text, please determine if it should be classified as funny or not funny. Base your classification on humor elements such as wit, irony, absurdity, or comedic timing.

### Input:
An authority knows lots of things you don't care about.


### Response:
",No
"Jaq felt profoundly glad that he had never studied in the school of Assassins.
",0,19222,"Below is an instruction that describes a sentiment analysis task.

### Instruction:
Given the following text, please determine if it should be classified as funny or not funny. Base your classification on humor elements such as wit, irony, absurdity, or comedic timing.

### Input:
Jaq felt profoundly glad that he had never studied in the school of Assassins.


### Response:
",Yes
"When you are there alone, everyone will come and they will be impatient.
",1,10535,"Below is an instruction that describes a sentiment analysis task.

### Instruction:
Given the following text, please determine if it should be classified as funny or not funny. Base your classification on humor elements such as wit, irony, absurdity, or comedic timing.

### Input:
When you are there alone, everyone will come and they will be impatient.


### Response:
",No
"You need your work at the moment to keep you sane and normal!
",0,26917,"Below is an instruction that describes a sentiment analysis task.

### Instruction:
Given the following text, please determine if it should be classified as funny or not funny. Base your classification on humor elements such as wit, irony, absurdity, or comedic timing.

### Input:
You need your work at the moment to keep you sane and normal!


### Response:
",No
"There were notably few clashes over elections in the south-west.
",0,25184,"Below is an instruction that describes a sentiment analysis task.

### Instruction:
Given the following text, please determine if it should be classified as funny or not funny. Base your classification on humor elements such as wit, irony, absurdity, or comedic timing.

### Input:
There were notably few clashes over elections in the south-west.


### Response:
",No
"Banco de Mexico daily monetary base figures.
",0,31166,"Below is an instruction that describes a sentiment analysis task.

### Instruction:
Given the following text, please determine if it should be classified as funny or not funny. Base your classification on humor elements such as wit, irony, absurdity, or comedic timing.

### Input:
Banco de Mexico daily monetary base figures.


### Response:
",No
"MICROPORT UNIX V.4 SUPPORTS COROLLARY DESIGNS
",0,30328,"Below is an instruction that describes a sentiment analysis task.

### Instruction:
Given the following text, please determine if it should be classified as funny or not funny. Base your classification on humor elements such as wit, irony, absurdity, or comedic timing.

### Input:
MICROPORT UNIX V.4 SUPPORTS COROLLARY DESIGNS


### Response:
",Yes
"Peer's Law: The solution to the problem only changes the problem.
",1,13789,"Below is an instruction that describes a sentiment analysis task.

### Instruction:
Given the following text, please determine if it should be classified as funny or not funny. Base your classification on humor elements such as wit, irony, absurdity, or comedic timing.

### Input:
Peer's Law: The solution to the problem only changes the problem.


### Response:
",No
"Ingratitude is the world's reward.
",0,30327,"Below is an instruction that describes a sentiment analysis task.

### Instruction:
Given the following text, please determine if it should be classified as funny or not funny. Base your classification on humor elements such as wit, irony, absurdity, or comedic timing.

### Input:
Ingratitude is the world's reward.


### Response:
",No
"What everybody says must be true.
",0,30995,"Below is an instruction that describes a sentiment analysis task.

### Instruction:
Given the following text, please determine if it should be classified as funny or not funny. Base your classification on humor elements such as wit, irony, absurdity, or comedic timing.

### Input:
What everybody says must be true.


### Response:
",No
"Recent research reveals the importance of kinship and lineage in non-human primates.
",0,25282,"Below is an instruction that describes a sentiment analysis task.

### Instruction:
Given the following text, please determine if it should be classified as funny or not funny. Base your classification on humor elements such as wit, irony, absurdity, or comedic timing.

### Input:
Recent research reveals the importance of kinship and lineage in non-human primates.


### Response:
",No
"The statement following is true. The statement prior is false.
",1,6978,"Below is an instruction that describes a sentiment analysis task.

### Instruction:
Given the following text, please determine if it should be classified as funny or not funny. Base your classification on humor elements such as wit, irony, absurdity, or comedic timing.

### Input:
The statement following is true. The statement prior is false.


### Response:
",No
"Let him bear the prize, who has deserved it.
",0,31760,"Below is an instruction that describes a sentiment analysis task.

### Instruction:
Given the following text, please determine if it should be classified as funny or not funny. Base your classification on humor elements such as wit, irony, absurdity, or comedic timing.

### Input:
Let him bear the prize, who has deserved it.


### Response:
",No
"Mind yer, it's only rumour really.
",0,18434,"Below is an instruction that describes a sentiment analysis task.

### Instruction:
Given the following text, please determine if it should be classified as funny or not funny. Base your classification on humor elements such as wit, irony, absurdity, or comedic timing.

### Input:
Mind yer, it's only rumour really.


### Response:
",No
"Every command which can be misunderstood, will be.
",1,8046,"Below is an instruction that describes a sentiment analysis task.

### Instruction:
Given the following text, please determine if it should be classified as funny or not funny. Base your classification on humor elements such as wit, irony, absurdity, or comedic timing.

### Input:
Every command which can be misunderstood, will be.


### Response:
",Yes
"You don't have to leave the room to make emergency crotch adjustments.
",1,14919,"Below is an instruction that describes a sentiment analysis task.

### Instruction:
Given the following text, please determine if it should be classified as funny or not funny. Base your classification on humor elements such as wit, irony, absurdity, or comedic timing.

### Input:
You don't have to leave the room to make emergency crotch adjustments.


### Response:
",No
"This car is rust free - the dealer didn't charge for it.
",1,15925,"Below is an instruction that describes a sentiment analysis task.

### Instruction:
Given the following text, please determine if it should be classified as funny or not funny. Base your classification on humor elements such as wit, irony, absurdity, or comedic timing.

### Input:
This car is rust free - the dealer didn't charge for it.


### Response:
",Yes
"F.O. LICHT - Daily sugar report.
",0,17023,"Below is an instruction that describes a sentiment analysis task.

### Instruction:
Given the following text, please determine if it should be classified as funny or not funny. Base your classification on humor elements such as wit, irony, absurdity, or comedic timing.

### Input:
F.O. LICHT - Daily sugar report.


### Response:
",No
"The warranty: Bold print giveth and fine print taketh away.
",1,4937,"Below is an instruction that describes a sentiment analysis task.

### Instruction:
Given the following text, please determine if it should be classified as funny or not funny. Base your classification on humor elements such as wit, irony, absurdity, or comedic timing.

### Input:
The warranty: Bold print giveth and fine print taketh away.


### Response:
",No
"Security Bancorp increases regular payout.
",0,21618,"Below is an instruction that describes a sentiment analysis task.

### Instruction:
Given the following text, please determine if it should be classified as funny or not funny. Base your classification on humor elements such as wit, irony, absurdity, or comedic timing.

### Input:
Security Bancorp increases regular payout.


### Response:
",No
"Wyse is looking for value added resellers in the UK.
",0,28398,"Below is an instruction that describes a sentiment analysis task.

### Instruction:
Given the following text, please determine if it should be classified as funny or not funny. Base your classification on humor elements such as wit, irony, absurdity, or comedic timing.

### Input:
Wyse is looking for value added resellers in the UK.


### Response:
",No
"The last person that quit or was fired will be held responsible for everything that goes wrong.
",1,9712,"Below is an instruction that describes a sentiment analysis task.

### Instruction:
Given the following text, please determine if it should be classified as funny or not funny. Base your classification on humor elements such as wit, irony, absurdity, or comedic timing.

### Input:
The last person that quit or was fired will be held responsible for everything that goes wrong.


### Response:
",Yes
"At 6.40am the men are woken; by seven they are up.
",0,27353,"Below is an instruction that describes a sentiment analysis task.

### Instruction:
Given the following text, please determine if it should be classified as funny or not funny. Base your classification on humor elements such as wit, irony, absurdity, or comedic timing.

### Input:
At 6.40am the men are woken; by seven they are up.


### Response:
",No
"It was just the right size to cover up the hole in the front wall.
",1,5109,"Below is an instruction that describes a sentiment analysis task.

### Instruction:
Given the following text, please determine if it should be classified as funny or not funny. Base your classification on humor elements such as wit, irony, absurdity, or comedic timing.

### Input:
It was just the right size to cover up the hole in the front wall.


### Response:
",Yes
"It's always a good idea to keep the pointy end going forward as much as possible.
",1,2607,"Below is an instruction that describes a sentiment analysis task.

### Instruction:
Given the following text, please determine if it should be classified as funny or not funny. Base your classification on humor elements such as wit, irony, absurdity, or comedic timing.

### Input:
It's always a good idea to keep the pointy end going forward as much as possible.


### Response:
",No
"Toy store for the children of literate parents: Toys-Are-We.
",1,2347,"Below is an instruction that describes a sentiment analysis task.

### Instruction:
Given the following text, please determine if it should be classified as funny or not funny. Base your classification on humor elements such as wit, irony, absurdity, or comedic timing.

### Input:
Toy store for the children of literate parents: Toys-Are-We.


### Response:
",Yes
"You should not throw baseballs up when the ceiling fan is on.
",1,3803,"Below is an instruction that describes a sentiment analysis task.

### Instruction:
Given the following text, please determine if it should be classified as funny or not funny. Base your classification on humor elements such as wit, irony, absurdity, or comedic timing.

### Input:
You should not throw baseballs up when the ceiling fan is on.


### Response:
",Yes
"If youth knew what age would crave, It would both get and save.
",0,20772,"Below is an instruction that describes a sentiment analysis task.

### Instruction:
Given the following text, please determine if it should be classified as funny or not funny. Base your classification on humor elements such as wit, irony, absurdity, or comedic timing.

### Input:
If youth knew what age would crave, It would both get and save.


### Response:
",No
"This website may not be reproduced, in whole or in part, without the express written consent of the owner.
",1,13084,"Below is an instruction that describes a sentiment analysis task.

### Instruction:
Given the following text, please determine if it should be classified as funny or not funny. Base your classification on humor elements such as wit, irony, absurdity, or comedic timing.

### Input:
This website may not be reproduced, in whole or in part, without the express written consent of the owner.


### Response:
",No
"Treachery lurks in honeyed words.
",0,27916,"Below is an instruction that describes a sentiment analysis task.

### Instruction:
Given the following text, please determine if it should be classified as funny or not funny. Base your classification on humor elements such as wit, irony, absurdity, or comedic timing.

### Input:
Treachery lurks in honeyed words.


### Response:
",No
"A miser is ever in want.
",0,19187,"Below is an instruction that describes a sentiment analysis task.

### Instruction:
Given the following text, please determine if it should be classified as funny or not funny. Base your classification on humor elements such as wit, irony, absurdity, or comedic timing.

### Input:
A miser is ever in want.


### Response:
",No
"The treason is loved, the traitor hated.
",0,31478,"Below is an instruction that describes a sentiment analysis task.

### Instruction:
Given the following text, please determine if it should be classified as funny or not funny. Base your classification on humor elements such as wit, irony, absurdity, or comedic timing.

### Input:
The treason is loved, the traitor hated.


### Response:
",No
"Of course I'm Drunk ... Do I Look like a Bloody Stunt Driver?
",1,393,"Below is an instruction that describes a sentiment analysis task.

### Instruction:
Given the following text, please determine if it should be classified as funny or not funny. Base your classification on humor elements such as wit, irony, absurdity, or comedic timing.

### Input:
Of course I'm Drunk ... Do I Look like a Bloody Stunt Driver?


### Response:
",No
"Even the dullest candle burns brightly in the dark.
",1,10143,"Below is an instruction that describes a sentiment analysis task.

### Instruction:
Given the following text, please determine if it should be classified as funny or not funny. Base your classification on humor elements such as wit, irony, absurdity, or comedic timing.

### Input:
Even the dullest candle burns brightly in the dark.


### Response:
",No
"London coal/ore fixtures.
",0,24286,"Below is an instruction that describes a sentiment analysis task.

### Instruction:
Given the following text, please determine if it should be classified as funny or not funny. Base your classification on humor elements such as wit, irony, absurdity, or comedic timing.

### Input:
London coal/ore fixtures.


### Response:
",No
"If all the girls in Australia were laid end to end, I wouldn't be at all surprised.
",1,9328,"Below is an instruction that describes a sentiment analysis task.

### Instruction:
Given the following text, please determine if it should be classified as funny or not funny. Base your classification on humor elements such as wit, irony, absurdity, or comedic timing.

### Input:
If all the girls in Australia were laid end to end, I wouldn't be at all surprised.


### Response:
",No
"SWEETHEART: I see. Well, I want you anyway. Would you like to screw?
",1,4527,"Below is an instruction that describes a sentiment analysis task.

### Instruction:
Given the following text, please determine if it should be classified as funny or not funny. Base your classification on humor elements such as wit, irony, absurdity, or comedic timing.

### Input:
SWEETHEART: I see. Well, I want you anyway. Would you like to screw?


### Response:
",Yes
"I suppose with Easter most people do stay I mean
",0,22219,"Below is an instruction that describes a sentiment analysis task.

### Instruction:
Given the following text, please determine if it should be classified as funny or not funny. Base your classification on humor elements such as wit, irony, absurdity, or comedic timing.

### Input:
I suppose with Easter most people do stay I mean


### Response:
",No
"Habit becomes second nature.
",0,28139,"Below is an instruction that describes a sentiment analysis task.

### Instruction:
Given the following text, please determine if it should be classified as funny or not funny. Base your classification on humor elements such as wit, irony, absurdity, or comedic timing.

### Input:
Habit becomes second nature.


### Response:
",No
"Shibuya Kogyo shares up on earnings upgrade.
",0,30897,"Below is an instruction that describes a sentiment analysis task.

### Instruction:
Given the following text, please determine if it should be classified as funny or not funny. Base your classification on humor elements such as wit, irony, absurdity, or comedic timing.

### Input:
Shibuya Kogyo shares up on earnings upgrade.


### Response:
",No
"How many divorced men does it take to replace a light bulb?
",1,3205,"Below is an instruction that describes a sentiment analysis task.

### Instruction:
Given the following text, please determine if it should be classified as funny or not funny. Base your classification on humor elements such as wit, irony, absurdity, or comedic timing.

### Input:
How many divorced men does it take to replace a light bulb?


### Response:
",Yes
"Yet in the 1870s, Batty Green was the centre of animated activity.
",0,25488,"Below is an instruction that describes a sentiment analysis task.

### Instruction:
Given the following text, please determine if it should be classified as funny or not funny. Base your classification on humor elements such as wit, irony, absurdity, or comedic timing.

### Input:
Yet in the 1870s, Batty Green was the centre of animated activity.


### Response:
",No
"Shanghai rice closes down on profit-taking.
",0,21292,"Below is an instruction that describes a sentiment analysis task.

### Instruction:
Given the following text, please determine if it should be classified as funny or not funny. Base your classification on humor elements such as wit, irony, absurdity, or comedic timing.

### Input:
Shanghai rice closes down on profit-taking.


### Response:
",No
"National Finance H1 net down 26 percent.
",0,24649,"Below is an instruction that describes a sentiment analysis task.

### Instruction:
Given the following text, please determine if it should be classified as funny or not funny. Base your classification on humor elements such as wit, irony, absurdity, or comedic timing.

### Input:
National Finance H1 net down 26 percent.


### Response:
",No
"The worst case scenario is that you may have to buy it.
",1,14773,"Below is an instruction that describes a sentiment analysis task.

### Instruction:
Given the following text, please determine if it should be classified as funny or not funny. Base your classification on humor elements such as wit, irony, absurdity, or comedic timing.

### Input:
The worst case scenario is that you may have to buy it.


### Response:
",No
"Who loves not women, wine, and song, remains a fool his whole life long.
",0,31676,"Below is an instruction that describes a sentiment analysis task.

### Instruction:
Given the following text, please determine if it should be classified as funny or not funny. Base your classification on humor elements such as wit, irony, absurdity, or comedic timing.

### Input:
Who loves not women, wine, and song, remains a fool his whole life long.


### Response:
",No
"A baby sitter is a teenager acting like an adult while the adults are out acting like teenagers.
",1,8911,"Below is an instruction that describes a sentiment analysis task.

### Instruction:
Given the following text, please determine if it should be classified as funny or not funny. Base your classification on humor elements such as wit, irony, absurdity, or comedic timing.

### Input:
A baby sitter is a teenager acting like an adult while the adults are out acting like teenagers.


### Response:
",No
"The problem with the gene pool is that there is no life guard.
",1,15513,"Below is an instruction that describes a sentiment analysis task.

### Instruction:
Given the following text, please determine if it should be classified as funny or not funny. Base your classification on humor elements such as wit, irony, absurdity, or comedic timing.

### Input:
The problem with the gene pool is that there is no life guard.


### Response:
",Yes
"Men never moan over the opportunities lost to do good, only the opportunities to be bad.
",0,26158,"Below is an instruction that describes a sentiment analysis task.

### Instruction:
Given the following text, please determine if it should be classified as funny or not funny. Base your classification on humor elements such as wit, irony, absurdity, or comedic timing.

### Input:
Men never moan over the opportunities lost to do good, only the opportunities to be bad.


### Response:
",No
"Save money on expensive personalised car number plates by simply changing your name to match your existing plate.
",1,11806,"Below is an instruction that describes a sentiment analysis task.

### Instruction:
Given the following text, please determine if it should be classified as funny or not funny. Base your classification on humor elements such as wit, irony, absurdity, or comedic timing.

### Input:
Save money on expensive personalised car number plates by simply changing your name to match your existing plate.


### Response:
",Yes
"There is no answer for God out of my house, and What have you to do with my wife?
",0,18169,"Below is an instruction that describes a sentiment analysis task.

### Instruction:
Given the following text, please determine if it should be classified as funny or not funny. Base your classification on humor elements such as wit, irony, absurdity, or comedic timing.

### Input:
There is no answer for God out of my house, and What have you to do with my wife?


### Response:
",No
"Smile; you may meet a person who will play with your life.
",1,4241,"Below is an instruction that describes a sentiment analysis task.

### Instruction:
Given the following text, please determine if it should be classified as funny or not funny. Base your classification on humor elements such as wit, irony, absurdity, or comedic timing.

### Input:
Smile; you may meet a person who will play with your life.


### Response:
",No
"You can tell it's a full moon without ever looking outside.
",1,6353,"Below is an instruction that describes a sentiment analysis task.

### Instruction:
Given the following text, please determine if it should be classified as funny or not funny. Base your classification on humor elements such as wit, irony, absurdity, or comedic timing.

### Input:
You can tell it's a full moon without ever looking outside.


### Response:
",No
"For Sale: Dresser by woman with big drawers and carved legs.
",1,809,"Below is an instruction that describes a sentiment analysis task.

### Instruction:
Given the following text, please determine if it should be classified as funny or not funny. Base your classification on humor elements such as wit, irony, absurdity, or comedic timing.

### Input:
For Sale: Dresser by woman with big drawers and carved legs.


### Response:
",Yes
"and you should be the Woman of the House?
",0,25371,"Below is an instruction that describes a sentiment analysis task.

### Instruction:
Given the following text, please determine if it should be classified as funny or not funny. Base your classification on humor elements such as wit, irony, absurdity, or comedic timing.

### Input:
and you should be the Woman of the House?


### Response:
",No
"Who holds his peace and gathers stones, will find a time to throw them.
",0,29555,"Below is an instruction that describes a sentiment analysis task.

### Instruction:
Given the following text, please determine if it should be classified as funny or not funny. Base your classification on humor elements such as wit, irony, absurdity, or comedic timing.

### Input:
Who holds his peace and gathers stones, will find a time to throw them.


### Response:
",No
"Cimpor rises on BFE price hopes.
",0,25534,"Below is an instruction that describes a sentiment analysis task.

### Instruction:
Given the following text, please determine if it should be classified as funny or not funny. Base your classification on humor elements such as wit, irony, absurdity, or comedic timing.

### Input:
Cimpor rises on BFE price hopes.


### Response:
",No
"The inner heartwood matures into a slightly darker golden brown.
",0,31826,"Below is an instruction that describes a sentiment analysis task.

### Instruction:
Given the following text, please determine if it should be classified as funny or not funny. Base your classification on humor elements such as wit, irony, absurdity, or comedic timing.

### Input:
The inner heartwood matures into a slightly darker golden brown.


### Response:
",No
"So we may well ask: can there be morality without religion?
",0,27237,"Below is an instruction that describes a sentiment analysis task.

### Instruction:
Given the following text, please determine if it should be classified as funny or not funny. Base your classification on humor elements such as wit, irony, absurdity, or comedic timing.

### Input:
So we may well ask: can there be morality without religion?


### Response:
",No
"Of course, there was no evidence for this.
",0,30713,"Below is an instruction that describes a sentiment analysis task.

### Instruction:
Given the following text, please determine if it should be classified as funny or not funny. Base your classification on humor elements such as wit, irony, absurdity, or comedic timing.

### Input:
Of course, there was no evidence for this.


### Response:
",No
"One good thing about forgetting is that you can no longer worry about what ever it was you forgot.
",1,14014,"Below is an instruction that describes a sentiment analysis task.

### Instruction:
Given the following text, please determine if it should be classified as funny or not funny. Base your classification on humor elements such as wit, irony, absurdity, or comedic timing.

### Input:
One good thing about forgetting is that you can no longer worry about what ever it was you forgot.


### Response:
",No
"One Step Beyond The Night Gallery into The Outer Limits of The Twilight Zone.
",1,12311,"Below is an instruction that describes a sentiment analysis task.

### Instruction:
Given the following text, please determine if it should be classified as funny or not funny. Base your classification on humor elements such as wit, irony, absurdity, or comedic timing.

### Input:
One Step Beyond The Night Gallery into The Outer Limits of The Twilight Zone.


### Response:
",No
"Copyright  1996-2004 Friendfinder, Inc. All rights reserved.
",1,15031,"Below is an instruction that describes a sentiment analysis task.

### Instruction:
Given the following text, please determine if it should be classified as funny or not funny. Base your classification on humor elements such as wit, irony, absurdity, or comedic timing.

### Input:
Copyright  1996-2004 Friendfinder, Inc. All rights reserved.


### Response:
",No
"Beggars breed and rich men feed.
",0,20439,"Below is an instruction that describes a sentiment analysis task.

### Instruction:
Given the following text, please determine if it should be classified as funny or not funny. Base your classification on humor elements such as wit, irony, absurdity, or comedic timing.

### Input:
Beggars breed and rich men feed.


### Response:
",Yes
"Not every wood will make wooden shoes.
",0,17837,"Below is an instruction that describes a sentiment analysis task.

### Instruction:
Given the following text, please determine if it should be classified as funny or not funny. Base your classification on humor elements such as wit, irony, absurdity, or comedic timing.

### Input:
Not every wood will make wooden shoes.


### Response:
",No
"IF EVERTHING IS COMING YOUR WAY, you're in the wrong lane!
",1,6699,"Below is an instruction that describes a sentiment analysis task.

### Instruction:
Given the following text, please determine if it should be classified as funny or not funny. Base your classification on humor elements such as wit, irony, absurdity, or comedic timing.

### Input:
IF EVERTHING IS COMING YOUR WAY, you're in the wrong lane!


### Response:
",No
"French insurance unit posts big half year loss.
",0,29774,"Below is an instruction that describes a sentiment analysis task.

### Instruction:
Given the following text, please determine if it should be classified as funny or not funny. Base your classification on humor elements such as wit, irony, absurdity, or comedic timing.

### Input:
French insurance unit posts big half year loss.


### Response:
",No
"French broker drops Seita from buy list.
",0,29005,"Below is an instruction that describes a sentiment analysis task.

### Instruction:
Given the following text, please determine if it should be classified as funny or not funny. Base your classification on humor elements such as wit, irony, absurdity, or comedic timing.

### Input:
French broker drops Seita from buy list.


### Response:
",No
"Friday pretexts for not fasting (meaning pleas of indisposition for not eating fish.)
",0,21449,"Below is an instruction that describes a sentiment analysis task.

### Instruction:
Given the following text, please determine if it should be classified as funny or not funny. Base your classification on humor elements such as wit, irony, absurdity, or comedic timing.

### Input:
Friday pretexts for not fasting (meaning pleas of indisposition for not eating fish.)


### Response:
",Yes
"Experience is what a comb gives you after you lose your hair.
",1,7747,"Below is an instruction that describes a sentiment analysis task.

### Instruction:
Given the following text, please determine if it should be classified as funny or not funny. Base your classification on humor elements such as wit, irony, absurdity, or comedic timing.

### Input:
Experience is what a comb gives you after you lose your hair.


### Response:
",Yes
"The usefulness of any meeting is in inverse proportion to the attendance.
",1,8719,"Below is an instruction that describes a sentiment analysis task.

### Instruction:
Given the following text, please determine if it should be classified as funny or not funny. Base your classification on humor elements such as wit, irony, absurdity, or comedic timing.

### Input:
The usefulness of any meeting is in inverse proportion to the attendance.


### Response:
",Yes
"Amplicon Q4 net rises.
",0,21480,"Below is an instruction that describes a sentiment analysis task.

### Instruction:
Given the following text, please determine if it should be classified as funny or not funny. Base your classification on humor elements such as wit, irony, absurdity, or comedic timing.

### Input:
Amplicon Q4 net rises.


### Response:
",No
"my my complaint is that mostly
",0,27385,"Below is an instruction that describes a sentiment analysis task.

### Instruction:
Given the following text, please determine if it should be classified as funny or not funny. Base your classification on humor elements such as wit, irony, absurdity, or comedic timing.

### Input:
my my complaint is that mostly


### Response:
",No
"Everything is always okay in the end, if it's not okay, then it's not the end.
",1,13869,"Below is an instruction that describes a sentiment analysis task.

### Instruction:
Given the following text, please determine if it should be classified as funny or not funny. Base your classification on humor elements such as wit, irony, absurdity, or comedic timing.

### Input:
Everything is always okay in the end, if it's not okay, then it's not the end.


### Response:
",No
"It's 11:00 p.m., do you know what your cats are shredding?
",1,15977,"Below is an instruction that describes a sentiment analysis task.

### Instruction:
Given the following text, please determine if it should be classified as funny or not funny. Base your classification on humor elements such as wit, irony, absurdity, or comedic timing.

### Input:
It's 11:00 p.m., do you know what your cats are shredding?


### Response:
",No
"With built-in UV, the units are known as the Ultraclear.
",0,26218,"Below is an instruction that describes a sentiment analysis task.

### Instruction:
Given the following text, please determine if it should be classified as funny or not funny. Base your classification on humor elements such as wit, irony, absurdity, or comedic timing.

### Input:
With built-in UV, the units are known as the Ultraclear.


### Response:
",No
"They build houses but shall not inhabit them.
",0,16364,"Below is an instruction that describes a sentiment analysis task.

### Instruction:
Given the following text, please determine if it should be classified as funny or not funny. Base your classification on humor elements such as wit, irony, absurdity, or comedic timing.

### Input:
They build houses but shall not inhabit them.


### Response:
",No
"Christians protest as Manila, rebels finalise deal.
",0,26116,"Below is an instruction that describes a sentiment analysis task.

### Instruction:
Given the following text, please determine if it should be classified as funny or not funny. Base your classification on humor elements such as wit, irony, absurdity, or comedic timing.

### Input:
Christians protest as Manila, rebels finalise deal.


### Response:
",No
"There will be an intensive service of trains all weekend .
",0,17782,"Below is an instruction that describes a sentiment analysis task.

### Instruction:
Given the following text, please determine if it should be classified as funny or not funny. Base your classification on humor elements such as wit, irony, absurdity, or comedic timing.

### Input:
There will be an intensive service of trains all weekend .


### Response:
",No
"Going to church doesn't make you a Christian any more than going to a garage makes you a mechanic.
",1,5368,"Below is an instruction that describes a sentiment analysis task.

### Instruction:
Given the following text, please determine if it should be classified as funny or not funny. Base your classification on humor elements such as wit, irony, absurdity, or comedic timing.

### Input:
Going to church doesn't make you a Christian any more than going to a garage makes you a mechanic.


### Response:
",No
"Sarcasm helps keep you from telling people what you really think of them.
",1,10468,"Below is an instruction that describes a sentiment analysis task.

### Instruction:
Given the following text, please determine if it should be classified as funny or not funny. Base your classification on humor elements such as wit, irony, absurdity, or comedic timing.

### Input:
Sarcasm helps keep you from telling people what you really think of them.


### Response:
",No
"Bitter pills may have wholesome effects.
",0,22960,"Below is an instruction that describes a sentiment analysis task.

### Instruction:
Given the following text, please determine if it should be classified as funny or not funny. Base your classification on humor elements such as wit, irony, absurdity, or comedic timing.

### Input:
Bitter pills may have wholesome effects.


### Response:
",No
"Day 172: New schedule: We now expect delivery in three months.
",1,13639,"Below is an instruction that describes a sentiment analysis task.

### Instruction:
Given the following text, please determine if it should be classified as funny or not funny. Base your classification on humor elements such as wit, irony, absurdity, or comedic timing.

### Input:
Day 172: New schedule: We now expect delivery in three months.


### Response:
",Yes
"Rover launches its new car, the 200, to the world at Motorfair.
",0,21350,"Below is an instruction that describes a sentiment analysis task.

### Instruction:
Given the following text, please determine if it should be classified as funny or not funny. Base your classification on humor elements such as wit, irony, absurdity, or comedic timing.

### Input:
Rover launches its new car, the 200, to the world at Motorfair.


### Response:
",No
"Top UK union sees Labour phasing in minimum wage.
",0,26020,"Below is an instruction that describes a sentiment analysis task.

### Instruction:
Given the following text, please determine if it should be classified as funny or not funny. Base your classification on humor elements such as wit, irony, absurdity, or comedic timing.

### Input:
Top UK union sees Labour phasing in minimum wage.


### Response:
",No
"Houseguests, like fish, stink after the third day.
",1,254,"Below is an instruction that describes a sentiment analysis task.

### Instruction:
Given the following text, please determine if it should be classified as funny or not funny. Base your classification on humor elements such as wit, irony, absurdity, or comedic timing.

### Input:
Houseguests, like fish, stink after the third day.


### Response:
",Yes
"The best things are the first to perish.
",0,28226,"Below is an instruction that describes a sentiment analysis task.

### Instruction:
Given the following text, please determine if it should be classified as funny or not funny. Base your classification on humor elements such as wit, irony, absurdity, or comedic timing.

### Input:
The best things are the first to perish.


### Response:
",No
"Poverty and hunger have many learned disciples.
",0,16391,"Below is an instruction that describes a sentiment analysis task.

### Instruction:
Given the following text, please determine if it should be classified as funny or not funny. Base your classification on humor elements such as wit, irony, absurdity, or comedic timing.

### Input:
Poverty and hunger have many learned disciples.


### Response:
",No
"He still went in and showed his pages.
",0,24006,"Below is an instruction that describes a sentiment analysis task.

### Instruction:
Given the following text, please determine if it should be classified as funny or not funny. Base your classification on humor elements such as wit, irony, absurdity, or comedic timing.

### Input:
He still went in and showed his pages.


### Response:
",No
"Killing for peace is like screwing for virginity.
",1,8191,"Below is an instruction that describes a sentiment analysis task.

### Instruction:
Given the following text, please determine if it should be classified as funny or not funny. Base your classification on humor elements such as wit, irony, absurdity, or comedic timing.

### Input:
Killing for peace is like screwing for virginity.


### Response:
",Yes
"US late spot LPGs narrowly mixed in sleepy trade.
",0,25269,"Below is an instruction that describes a sentiment analysis task.

### Instruction:
Given the following text, please determine if it should be classified as funny or not funny. Base your classification on humor elements such as wit, irony, absurdity, or comedic timing.

### Input:
US late spot LPGs narrowly mixed in sleepy trade.


### Response:
",No
"My wife can't wrestle, but you should see her box.
",1,5045,"Below is an instruction that describes a sentiment analysis task.

### Instruction:
Given the following text, please determine if it should be classified as funny or not funny. Base your classification on humor elements such as wit, irony, absurdity, or comedic timing.

### Input:
My wife can't wrestle, but you should see her box.


### Response:
",No
"Do not lend your money to a great man.
",0,22240,"Below is an instruction that describes a sentiment analysis task.

### Instruction:
Given the following text, please determine if it should be classified as funny or not funny. Base your classification on humor elements such as wit, irony, absurdity, or comedic timing.

### Input:
Do not lend your money to a great man.


### Response:
",No
"Last night I played a blank tape at full blast. The mime next door went nuts.
",1,4914,"Below is an instruction that describes a sentiment analysis task.

### Instruction:
Given the following text, please determine if it should be classified as funny or not funny. Base your classification on humor elements such as wit, irony, absurdity, or comedic timing.

### Input:
Last night I played a blank tape at full blast. The mime next door went nuts.


### Response:
",Yes
"If a man with multiple personalities threatens to kill himself, would it be considered a hostage situation?
",1,7267,"Below is an instruction that describes a sentiment analysis task.

### Instruction:
Given the following text, please determine if it should be classified as funny or not funny. Base your classification on humor elements such as wit, irony, absurdity, or comedic timing.

### Input:
If a man with multiple personalities threatens to kill himself, would it be considered a hostage situation?


### Response:
",Yes
"And I think much more discourse is required.
",0,16432,"Below is an instruction that describes a sentiment analysis task.

### Instruction:
Given the following text, please determine if it should be classified as funny or not funny. Base your classification on humor elements such as wit, irony, absurdity, or comedic timing.

### Input:
And I think much more discourse is required.


### Response:
",No
"Ekeus in Baghdad to discuss dispute over access.
",0,24497,"Below is an instruction that describes a sentiment analysis task.

### Instruction:
Given the following text, please determine if it should be classified as funny or not funny. Base your classification on humor elements such as wit, irony, absurdity, or comedic timing.

### Input:
Ekeus in Baghdad to discuss dispute over access.


### Response:
",No
"Time stands still for no one, except a woman in her late thirties.
",1,4194,"Below is an instruction that describes a sentiment analysis task.

### Instruction:
Given the following text, please determine if it should be classified as funny or not funny. Base your classification on humor elements such as wit, irony, absurdity, or comedic timing.

### Input:
Time stands still for no one, except a woman in her late thirties.


### Response:
",Yes
"From trifling causes great results arise.
",0,26693,"Below is an instruction that describes a sentiment analysis task.

### Instruction:
Given the following text, please determine if it should be classified as funny or not funny. Base your classification on humor elements such as wit, irony, absurdity, or comedic timing.

### Input:
From trifling causes great results arise.


### Response:
",No
"An empty vessel makes the most sound.
",0,31009,"Below is an instruction that describes a sentiment analysis task.

### Instruction:
Given the following text, please determine if it should be classified as funny or not funny. Base your classification on humor elements such as wit, irony, absurdity, or comedic timing.

### Input:
An empty vessel makes the most sound.


### Response:
",No
"One of the opossums was St. Matthew who was also a taximan.
",1,6418,"Below is an instruction that describes a sentiment analysis task.

### Instruction:
Given the following text, please determine if it should be classified as funny or not funny. Base your classification on humor elements such as wit, irony, absurdity, or comedic timing.

### Input:
One of the opossums was St. Matthew who was also a taximan.


### Response:
",Yes
"It is only at the tree loaded with fruit that people throw stones.
",0,24442,"Below is an instruction that describes a sentiment analysis task.

### Instruction:
Given the following text, please determine if it should be classified as funny or not funny. Base your classification on humor elements such as wit, irony, absurdity, or comedic timing.

### Input:
It is only at the tree loaded with fruit that people throw stones.


### Response:
",No
"Doing a thing wrong for a long period of time gives it the superficial appearance of being right.
",1,3976,"Below is an instruction that describes a sentiment analysis task.

### Instruction:
Given the following text, please determine if it should be classified as funny or not funny. Base your classification on humor elements such as wit, irony, absurdity, or comedic timing.

### Input:
Doing a thing wrong for a long period of time gives it the superficial appearance of being right.


### Response:
",Yes
"He that makes a thing too fine breaks it.
",0,28253,"Below is an instruction that describes a sentiment analysis task.

### Instruction:
Given the following text, please determine if it should be classified as funny or not funny. Base your classification on humor elements such as wit, irony, absurdity, or comedic timing.

### Input:
He that makes a thing too fine breaks it.


### Response:
",No
"RESEARCH ALERT - Acesita neutral rating maintained.
",0,23656,"Below is an instruction that describes a sentiment analysis task.

### Instruction:
Given the following text, please determine if it should be classified as funny or not funny. Base your classification on humor elements such as wit, irony, absurdity, or comedic timing.

### Input:
RESEARCH ALERT - Acesita neutral rating maintained.


### Response:
",No
"He's dead, Jim. Of course he's dead ... I killed him.
",1,12238,"Below is an instruction that describes a sentiment analysis task.

### Instruction:
Given the following text, please determine if it should be classified as funny or not funny. Base your classification on humor elements such as wit, irony, absurdity, or comedic timing.

### Input:
He's dead, Jim. Of course he's dead ... I killed him.


### Response:
",Yes
"Error 13: Illegal brain function. Process terminated.
",1,3050,"Below is an instruction that describes a sentiment analysis task.

### Instruction:
Given the following text, please determine if it should be classified as funny or not funny. Base your classification on humor elements such as wit, irony, absurdity, or comedic timing.

### Input:
Error 13: Illegal brain function. Process terminated.


### Response:
",Yes
"HK Parkview year net loss HK$48.22 mln.
",0,20210,"Below is an instruction that describes a sentiment analysis task.

### Instruction:
Given the following text, please determine if it should be classified as funny or not funny. Base your classification on humor elements such as wit, irony, absurdity, or comedic timing.

### Input:
HK Parkview year net loss HK$48.22 mln.


### Response:
",No
"Are you working on the solution or are you part of the problem.
",1,12563,"Below is an instruction that describes a sentiment analysis task.

### Instruction:
Given the following text, please determine if it should be classified as funny or not funny. Base your classification on humor elements such as wit, irony, absurdity, or comedic timing.

### Input:
Are you working on the solution or are you part of the problem.


### Response:
",No
"He who sows courtesy reaps friendship, and he who plants kindness gathers love.
",0,26096,"Below is an instruction that describes a sentiment analysis task.

### Instruction:
Given the following text, please determine if it should be classified as funny or not funny. Base your classification on humor elements such as wit, irony, absurdity, or comedic timing.

### Input:
He who sows courtesy reaps friendship, and he who plants kindness gathers love.


### Response:
",No
"Don't burden him with chores, as this could further his stress.
",1,2526,"Below is an instruction that describes a sentiment analysis task.

### Instruction:
Given the following text, please determine if it should be classified as funny or not funny. Base your classification on humor elements such as wit, irony, absurdity, or comedic timing.

### Input:
Don't burden him with chores, as this could further his stress.


### Response:
",Yes
"Gift card. Choose between Target or Wal-mart cards Submit your email NOW !
",1,10809,"Below is an instruction that describes a sentiment analysis task.

### Instruction:
Given the following text, please determine if it should be classified as funny or not funny. Base your classification on humor elements such as wit, irony, absurdity, or comedic timing.

### Input:
Gift card. Choose between Target or Wal-mart cards Submit your email NOW !


### Response:
",No
"How can I stand up and do that?
",0,29184,"Below is an instruction that describes a sentiment analysis task.

### Instruction:
Given the following text, please determine if it should be classified as funny or not funny. Base your classification on humor elements such as wit, irony, absurdity, or comedic timing.

### Input:
How can I stand up and do that?


### Response:
",No
"Take it easy, and if you get it easy take it twice.
",1,7404,"Below is an instruction that describes a sentiment analysis task.

### Instruction:
Given the following text, please determine if it should be classified as funny or not funny. Base your classification on humor elements such as wit, irony, absurdity, or comedic timing.

### Input:
Take it easy, and if you get it easy take it twice.


### Response:
",No
"Dwell not upon thy weariness, thy strength shall be according to the measure of thy desire.
",0,23928,"Below is an instruction that describes a sentiment analysis task.

### Instruction:
Given the following text, please determine if it should be classified as funny or not funny. Base your classification on humor elements such as wit, irony, absurdity, or comedic timing.

### Input:
Dwell not upon thy weariness, thy strength shall be according to the measure of thy desire.


### Response:
",No
"Woman who pounce on dead rooster go down on limp cock.
",1,5727,"Below is an instruction that describes a sentiment analysis task.

### Instruction:
Given the following text, please determine if it should be classified as funny or not funny. Base your classification on humor elements such as wit, irony, absurdity, or comedic timing.

### Input:
Woman who pounce on dead rooster go down on limp cock.


### Response:
",Yes
"It is not with saying, ""Honey,"" ""Honey,"" that sweetness will come into the mouth.
",0,16446,"Below is an instruction that describes a sentiment analysis task.

### Instruction:
Given the following text, please determine if it should be classified as funny or not funny. Base your classification on humor elements such as wit, irony, absurdity, or comedic timing.

### Input:
It is not with saying, ""Honey,"" ""Honey,"" that sweetness will come into the mouth.


### Response:
",No
"Medtronic sees FY97 EPS near $2.27 a share.
",0,22721,"Below is an instruction that describes a sentiment analysis task.

### Instruction:
Given the following text, please determine if it should be classified as funny or not funny. Base your classification on humor elements such as wit, irony, absurdity, or comedic timing.

### Input:
Medtronic sees FY97 EPS near $2.27 a share.


### Response:
",No
"Winter and wedlock tames man and beast.
",0,30773,"Below is an instruction that describes a sentiment analysis task.

### Instruction:
Given the following text, please determine if it should be classified as funny or not funny. Base your classification on humor elements such as wit, irony, absurdity, or comedic timing.

### Input:
Winter and wedlock tames man and beast.


### Response:
",No
"Well, can I get coverage for my pre-existing conditions?
",1,4692,"Below is an instruction that describes a sentiment analysis task.

### Instruction:
Given the following text, please determine if it should be classified as funny or not funny. Base your classification on humor elements such as wit, irony, absurdity, or comedic timing.

### Input:
Well, can I get coverage for my pre-existing conditions?


### Response:
",No
"He that is ashamed to eat is ashamed to live.
",0,29754,"Below is an instruction that describes a sentiment analysis task.

### Instruction:
Given the following text, please determine if it should be classified as funny or not funny. Base your classification on humor elements such as wit, irony, absurdity, or comedic timing.

### Input:
He that is ashamed to eat is ashamed to live.


### Response:
",No
"The thing that takes up the least amount of time and causes the most amount of trouble is sex.
",1,15568,"Below is an instruction that describes a sentiment analysis task.

### Instruction:
Given the following text, please determine if it should be classified as funny or not funny. Base your classification on humor elements such as wit, irony, absurdity, or comedic timing.

### Input:
The thing that takes up the least amount of time and causes the most amount of trouble is sex.


### Response:
",No
"God above, you're using horrible-long words, Deirdre laughed.
",0,28594,"Below is an instruction that describes a sentiment analysis task.

### Instruction:
Given the following text, please determine if it should be classified as funny or not funny. Base your classification on humor elements such as wit, irony, absurdity, or comedic timing.

### Input:
God above, you're using horrible-long words, Deirdre laughed.


### Response:
",Yes
"You have two cows. You reengineer them so they live for 100 years, eat once a month, and milk themselves.
",1,7675,"Below is an instruction that describes a sentiment analysis task.

### Instruction:
Given the following text, please determine if it should be classified as funny or not funny. Base your classification on humor elements such as wit, irony, absurdity, or comedic timing.

### Input:
You have two cows. You reengineer them so they live for 100 years, eat once a month, and milk themselves.


### Response:
",Yes
"Women organise for media development in Papua New Guinea
",0,26579,"Below is an instruction that describes a sentiment analysis task.

### Instruction:
Given the following text, please determine if it should be classified as funny or not funny. Base your classification on humor elements such as wit, irony, absurdity, or comedic timing.

### Input:
Women organise for media development in Papua New Guinea


### Response:
",No
"When a musician hath forgotten his note, He makes as though a crumb stuck in his throat.
",0,31696,"Below is an instruction that describes a sentiment analysis task.

### Instruction:
Given the following text, please determine if it should be classified as funny or not funny. Base your classification on humor elements such as wit, irony, absurdity, or comedic timing.

### Input:
When a musician hath forgotten his note, He makes as though a crumb stuck in his throat.


### Response:
",Yes
"Who goes softly goes safely, and he that goes safely goes far.
",0,28890,"Below is an instruction that describes a sentiment analysis task.

### Instruction:
Given the following text, please determine if it should be classified as funny or not funny. Base your classification on humor elements such as wit, irony, absurdity, or comedic timing.

### Input:
Who goes softly goes safely, and he that goes safely goes far.


### Response:
",No
"You know, like the cavalry in one of the old Westerns.
",0,22737,"Below is an instruction that describes a sentiment analysis task.

### Instruction:
Given the following text, please determine if it should be classified as funny or not funny. Base your classification on humor elements such as wit, irony, absurdity, or comedic timing.

### Input:
You know, like the cavalry in one of the old Westerns.


### Response:
",Yes
"Trevor - sweet and funny but sometimes untrustworthy.
",1,4204,"Below is an instruction that describes a sentiment analysis task.

### Instruction:
Given the following text, please determine if it should be classified as funny or not funny. Base your classification on humor elements such as wit, irony, absurdity, or comedic timing.

### Input:
Trevor - sweet and funny but sometimes untrustworthy.


### Response:
",No
"Those we hurt the most are often those we love the most.
",1,10077,"Below is an instruction that describes a sentiment analysis task.

### Instruction:
Given the following text, please determine if it should be classified as funny or not funny. Base your classification on humor elements such as wit, irony, absurdity, or comedic timing.

### Input:
Those we hurt the most are often those we love the most.


### Response:
",No
"The words are worth one last look.
",0,22369,"Below is an instruction that describes a sentiment analysis task.

### Instruction:
Given the following text, please determine if it should be classified as funny or not funny. Base your classification on humor elements such as wit, irony, absurdity, or comedic timing.

### Input:
The words are worth one last look.


### Response:
",No
"Don't worry about life; you're not going to survive it, anyway.
",1,4522,"Below is an instruction that describes a sentiment analysis task.

### Instruction:
Given the following text, please determine if it should be classified as funny or not funny. Base your classification on humor elements such as wit, irony, absurdity, or comedic timing.

### Input:
Don't worry about life; you're not going to survive it, anyway.


### Response:
",No
"U.S. coffee imports - Commerce.
",0,22742,"Below is an instruction that describes a sentiment analysis task.

### Instruction:
Given the following text, please determine if it should be classified as funny or not funny. Base your classification on humor elements such as wit, irony, absurdity, or comedic timing.

### Input:
U.S. coffee imports - Commerce.


### Response:
",No
"It was only now that appreciate what nature has known all along.
",0,17385,"Below is an instruction that describes a sentiment analysis task.

### Instruction:
Given the following text, please determine if it should be classified as funny or not funny. Base your classification on humor elements such as wit, irony, absurdity, or comedic timing.

### Input:
It was only now that appreciate what nature has known all along.


### Response:
",No
"The death that will kill a man begins as an appetite.
",0,26630,"Below is an instruction that describes a sentiment analysis task.

### Instruction:
Given the following text, please determine if it should be classified as funny or not funny. Base your classification on humor elements such as wit, irony, absurdity, or comedic timing.

### Input:
The death that will kill a man begins as an appetite.


### Response:
",No
"Ask my companion if I be a thief.
",0,31965,"Below is an instruction that describes a sentiment analysis task.

### Instruction:
Given the following text, please determine if it should be classified as funny or not funny. Base your classification on humor elements such as wit, irony, absurdity, or comedic timing.

### Input:
Ask my companion if I be a thief.


### Response:
",Yes
"He who tries to pick all the flowers is sure to get some poison ivy.
",1,6884,"Below is an instruction that describes a sentiment analysis task.

### Instruction:
Given the following text, please determine if it should be classified as funny or not funny. Base your classification on humor elements such as wit, irony, absurdity, or comedic timing.

### Input:
He who tries to pick all the flowers is sure to get some poison ivy.


### Response:
",No
"If Oprah Winfrey married Depak Chopra, shed be Oprah Chopra.
",1,12821,"Below is an instruction that describes a sentiment analysis task.

### Instruction:
Given the following text, please determine if it should be classified as funny or not funny. Base your classification on humor elements such as wit, irony, absurdity, or comedic timing.

### Input:
If Oprah Winfrey married Depak Chopra, shed be Oprah Chopra.


### Response:
",No
"Might knows no right.
",0,24358,"Below is an instruction that describes a sentiment analysis task.

### Instruction:
Given the following text, please determine if it should be classified as funny or not funny. Base your classification on humor elements such as wit, irony, absurdity, or comedic timing.

### Input:
Might knows no right.


### Response:
",No
"I used to live in the real world, but I got evicted.
",1,6518,"Below is an instruction that describes a sentiment analysis task.

### Instruction:
Given the following text, please determine if it should be classified as funny or not funny. Base your classification on humor elements such as wit, irony, absurdity, or comedic timing.

### Input:
I used to live in the real world, but I got evicted.


### Response:
",No
"Time is God's and ours.
",0,25331,"Below is an instruction that describes a sentiment analysis task.

### Instruction:
Given the following text, please determine if it should be classified as funny or not funny. Base your classification on humor elements such as wit, irony, absurdity, or comedic timing.

### Input:
Time is God's and ours.


### Response:
",No
"Modern Zen for the US Military ::: Military humor  jokes.
",1,15463,"Below is an instruction that describes a sentiment analysis task.

### Instruction:
Given the following text, please determine if it should be classified as funny or not funny. Base your classification on humor elements such as wit, irony, absurdity, or comedic timing.

### Input:
Modern Zen for the US Military ::: Military humor  jokes.


### Response:
",No
"If you're the good guy, draw second and shoot first.
",1,14844,"Below is an instruction that describes a sentiment analysis task.

### Instruction:
Given the following text, please determine if it should be classified as funny or not funny. Base your classification on humor elements such as wit, irony, absurdity, or comedic timing.

### Input:
If you're the good guy, draw second and shoot first.


### Response:
",No
"Merrill wants higher &quot;supermarket&quot; fees - WSJ.
",0,30704,"Below is an instruction that describes a sentiment analysis task.

### Instruction:
Given the following text, please determine if it should be classified as funny or not funny. Base your classification on humor elements such as wit, irony, absurdity, or comedic timing.

### Input:
Merrill wants higher &quot;supermarket&quot; fees - WSJ.


### Response:
",No
"Happiness comes through doors you didn't even know you left open.
",1,8087,"Below is an instruction that describes a sentiment analysis task.

### Instruction:
Given the following text, please determine if it should be classified as funny or not funny. Base your classification on humor elements such as wit, irony, absurdity, or comedic timing.

### Input:
Happiness comes through doors you didn't even know you left open.


### Response:
",No
"If rabbits' feet are so lucky, then what happened to the rabbit?
",1,4350,"Below is an instruction that describes a sentiment analysis task.

### Instruction:
Given the following text, please determine if it should be classified as funny or not funny. Base your classification on humor elements such as wit, irony, absurdity, or comedic timing.

### Input:
If rabbits' feet are so lucky, then what happened to the rabbit?


### Response:
",No
"Bad luck is being run over by the welcome wagon.
",1,3861,"Below is an instruction that describes a sentiment analysis task.

### Instruction:
Given the following text, please determine if it should be classified as funny or not funny. Base your classification on humor elements such as wit, irony, absurdity, or comedic timing.

### Input:
Bad luck is being run over by the welcome wagon.


### Response:
",No
"Red sky at night, sailor's delight. Red sky at morning, sailors take warning.
",0,31737,"Below is an instruction that describes a sentiment analysis task.

### Instruction:
Given the following text, please determine if it should be classified as funny or not funny. Base your classification on humor elements such as wit, irony, absurdity, or comedic timing.

### Input:
Red sky at night, sailor's delight. Red sky at morning, sailors take warning.


### Response:
",No
"If you think the problem is bad now, just wait until we've solved it.
",1,8643,"Below is an instruction that describes a sentiment analysis task.

### Instruction:
Given the following text, please determine if it should be classified as funny or not funny. Base your classification on humor elements such as wit, irony, absurdity, or comedic timing.

### Input:
If you think the problem is bad now, just wait until we've solved it.


### Response:
",No
"There are more ways of killing a cat than choking it with cream.
",0,27310,"Below is an instruction that describes a sentiment analysis task.

### Instruction:
Given the following text, please determine if it should be classified as funny or not funny. Base your classification on humor elements such as wit, irony, absurdity, or comedic timing.

### Input:
There are more ways of killing a cat than choking it with cream.


### Response:
",No
"In the fight between you and the world, back the world.
",1,11548,"Below is an instruction that describes a sentiment analysis task.

### Instruction:
Given the following text, please determine if it should be classified as funny or not funny. Base your classification on humor elements such as wit, irony, absurdity, or comedic timing.

### Input:
In the fight between you and the world, back the world.


### Response:
",No
"Live long enough to become a problem to your kids.
",1,7453,"Below is an instruction that describes a sentiment analysis task.

### Instruction:
Given the following text, please determine if it should be classified as funny or not funny. Base your classification on humor elements such as wit, irony, absurdity, or comedic timing.

### Input:
Live long enough to become a problem to your kids.


### Response:
",No
"You often meet your fate on the road you take to avoid it.
",0,22910,"Below is an instruction that describes a sentiment analysis task.

### Instruction:
Given the following text, please determine if it should be classified as funny or not funny. Base your classification on humor elements such as wit, irony, absurdity, or comedic timing.

### Input:
You often meet your fate on the road you take to avoid it.


### Response:
",No
"Old McDonald had an agricultural real estate tax abatement.
",1,11775,"Below is an instruction that describes a sentiment analysis task.

### Instruction:
Given the following text, please determine if it should be classified as funny or not funny. Base your classification on humor elements such as wit, irony, absurdity, or comedic timing.

### Input:
Old McDonald had an agricultural real estate tax abatement.


### Response:
",Yes
"Court refuses to block Recoton-Jensen deal.
",0,28400,"Below is an instruction that describes a sentiment analysis task.

### Instruction:
Given the following text, please determine if it should be classified as funny or not funny. Base your classification on humor elements such as wit, irony, absurdity, or comedic timing.

### Input:
Court refuses to block Recoton-Jensen deal.


### Response:
",No
"Where there is a will, there is an Inheritance Tax.
",1,189,"Below is an instruction that describes a sentiment analysis task.

### Instruction:
Given the following text, please determine if it should be classified as funny or not funny. Base your classification on humor elements such as wit, irony, absurdity, or comedic timing.

### Input:
Where there is a will, there is an Inheritance Tax.


### Response:
",No
"Now we're going to see what happens
",0,22209,"Below is an instruction that describes a sentiment analysis task.

### Instruction:
Given the following text, please determine if it should be classified as funny or not funny. Base your classification on humor elements such as wit, irony, absurdity, or comedic timing.

### Input:
Now we're going to see what happens


### Response:
",No
"When money talks, nobody pays any attention to the grammar.
",1,6716,"Below is an instruction that describes a sentiment analysis task.

### Instruction:
Given the following text, please determine if it should be classified as funny or not funny. Base your classification on humor elements such as wit, irony, absurdity, or comedic timing.

### Input:
When money talks, nobody pays any attention to the grammar.


### Response:
",No
"In Constanta alone there are over 550 children with AIDS.
",0,18622,"Below is an instruction that describes a sentiment analysis task.

### Instruction:
Given the following text, please determine if it should be classified as funny or not funny. Base your classification on humor elements such as wit, irony, absurdity, or comedic timing.

### Input:
In Constanta alone there are over 550 children with AIDS.


### Response:
",No
"If you stay up all night wondering where the sun is, it will dawn on you.
",1,6045,"Below is an instruction that describes a sentiment analysis task.

### Instruction:
Given the following text, please determine if it should be classified as funny or not funny. Base your classification on humor elements such as wit, irony, absurdity, or comedic timing.

### Input:
If you stay up all night wondering where the sun is, it will dawn on you.


### Response:
",No
"They that will not be counselled cannot be helped.
",0,20408,"Below is an instruction that describes a sentiment analysis task.

### Instruction:
Given the following text, please determine if it should be classified as funny or not funny. Base your classification on humor elements such as wit, irony, absurdity, or comedic timing.

### Input:
They that will not be counselled cannot be helped.


### Response:
",No
"Mexico same-day peso closes weaker on lower rates.
",0,17799,"Below is an instruction that describes a sentiment analysis task.

### Instruction:
Given the following text, please determine if it should be classified as funny or not funny. Base your classification on humor elements such as wit, irony, absurdity, or comedic timing.

### Input:
Mexico same-day peso closes weaker on lower rates.


### Response:
",No
"If you have multiple personalities, please press 3, 4, 5, and 6.
",1,7655,"Below is an instruction that describes a sentiment analysis task.

### Instruction:
Given the following text, please determine if it should be classified as funny or not funny. Base your classification on humor elements such as wit, irony, absurdity, or comedic timing.

### Input:
If you have multiple personalities, please press 3, 4, 5, and 6.


### Response:
",Yes
"America is like a melting pot. The people at the bottom get burned, and the scum floats to the top.
",1,9224,"Below is an instruction that describes a sentiment analysis task.

### Instruction:
Given the following text, please determine if it should be classified as funny or not funny. Base your classification on humor elements such as wit, irony, absurdity, or comedic timing.

### Input:
America is like a melting pot. The people at the bottom get burned, and the scum floats to the top.


### Response:
",No
"Just because I live in a house doesn't mean I'll clean it!
",1,9701,"Below is an instruction that describes a sentiment analysis task.

### Instruction:
Given the following text, please determine if it should be classified as funny or not funny. Base your classification on humor elements such as wit, irony, absurdity, or comedic timing.

### Input:
Just because I live in a house doesn't mean I'll clean it!


### Response:
",No
"When it's you against the world, bet on the world.
",1,14168,"Below is an instruction that describes a sentiment analysis task.

### Instruction:
Given the following text, please determine if it should be classified as funny or not funny. Base your classification on humor elements such as wit, irony, absurdity, or comedic timing.

### Input:
When it's you against the world, bet on the world.


### Response:
",No
"By the time a man realises that his father was right, he has a son who thinks he's wrong.
",1,15951,"Below is an instruction that describes a sentiment analysis task.

### Instruction:
Given the following text, please determine if it should be classified as funny or not funny. Base your classification on humor elements such as wit, irony, absurdity, or comedic timing.

### Input:
By the time a man realises that his father was right, he has a son who thinks he's wrong.


### Response:
",No
"If I'd wanted your opinion I'd have asked you to fill out the necessary forms.
",1,15888,"Below is an instruction that describes a sentiment analysis task.

### Instruction:
Given the following text, please determine if it should be classified as funny or not funny. Base your classification on humor elements such as wit, irony, absurdity, or comedic timing.

### Input:
If I'd wanted your opinion I'd have asked you to fill out the necessary forms.


### Response:
",Yes
"Caught masturbating on my wedding day  how low class!
",1,15371,"Below is an instruction that describes a sentiment analysis task.

### Instruction:
Given the following text, please determine if it should be classified as funny or not funny. Base your classification on humor elements such as wit, irony, absurdity, or comedic timing.

### Input:
Caught masturbating on my wedding day  how low class!


### Response:
",Yes
"Fall is when the leaves slowly turn from green to gold to work.
",1,10629,"Below is an instruction that describes a sentiment analysis task.

### Instruction:
Given the following text, please determine if it should be classified as funny or not funny. Base your classification on humor elements such as wit, irony, absurdity, or comedic timing.

### Input:
Fall is when the leaves slowly turn from green to gold to work.


### Response:
",Yes
"One's prog does not clog.
",0,31969,"Below is an instruction that describes a sentiment analysis task.

### Instruction:
Given the following text, please determine if it should be classified as funny or not funny. Base your classification on humor elements such as wit, irony, absurdity, or comedic timing.

### Input:
One's prog does not clog.


### Response:
",Yes
"INDICATORS - SLOVAKIA - UPDATED AUG 27.
",0,26509,"Below is an instruction that describes a sentiment analysis task.

### Instruction:
Given the following text, please determine if it should be classified as funny or not funny. Base your classification on humor elements such as wit, irony, absurdity, or comedic timing.

### Input:
INDICATORS - SLOVAKIA - UPDATED AUG 27.


### Response:
",No
"Halifax aims for 40 pct cost/income ratio.
",0,26442,"Below is an instruction that describes a sentiment analysis task.

### Instruction:
Given the following text, please determine if it should be classified as funny or not funny. Base your classification on humor elements such as wit, irony, absurdity, or comedic timing.

### Input:
Halifax aims for 40 pct cost/income ratio.


### Response:
",No
"GETTING the Government's message across is all very well.
",0,23823,"Below is an instruction that describes a sentiment analysis task.

### Instruction:
Given the following text, please determine if it should be classified as funny or not funny. Base your classification on humor elements such as wit, irony, absurdity, or comedic timing.

### Input:
GETTING the Government's message across is all very well.


### Response:
",No
"If you keep anything long enough, you can throw it away.
",1,15229,"Below is an instruction that describes a sentiment analysis task.

### Instruction:
Given the following text, please determine if it should be classified as funny or not funny. Base your classification on humor elements such as wit, irony, absurdity, or comedic timing.

### Input:
If you keep anything long enough, you can throw it away.


### Response:
",No
"Czech stats bureau sees higher 1996 sugar harvest.
",0,22532,"Below is an instruction that describes a sentiment analysis task.

### Instruction:
Given the following text, please determine if it should be classified as funny or not funny. Base your classification on humor elements such as wit, irony, absurdity, or comedic timing.

### Input:
Czech stats bureau sees higher 1996 sugar harvest.


### Response:
",No
"If a computer can have only one vacuum tube, it might as well be a really big one.
",1,8328,"Below is an instruction that describes a sentiment analysis task.

### Instruction:
Given the following text, please determine if it should be classified as funny or not funny. Base your classification on humor elements such as wit, irony, absurdity, or comedic timing.

### Input:
If a computer can have only one vacuum tube, it might as well be a really big one.


### Response:
",No
"Africa's poor - new life abroad or shattered dream.
",0,20476,"Below is an instruction that describes a sentiment analysis task.

### Instruction:
Given the following text, please determine if it should be classified as funny or not funny. Base your classification on humor elements such as wit, irony, absurdity, or comedic timing.

### Input:
Africa's poor - new life abroad or shattered dream.


### Response:
",No
"Johnston Press H1 pre-tax profits rise.
",0,28658,"Below is an instruction that describes a sentiment analysis task.

### Instruction:
Given the following text, please determine if it should be classified as funny or not funny. Base your classification on humor elements such as wit, irony, absurdity, or comedic timing.

### Input:
Johnston Press H1 pre-tax profits rise.


### Response:
",No
"On a package of Fisherman's Friend throat lozenges: Not meant as substitute for human companionship.
",1,3777,"Below is an instruction that describes a sentiment analysis task.

### Instruction:
Given the following text, please determine if it should be classified as funny or not funny. Base your classification on humor elements such as wit, irony, absurdity, or comedic timing.

### Input:
On a package of Fisherman's Friend throat lozenges: Not meant as substitute for human companionship.


### Response:
",Yes
"Be patient with a bad neighbor: he may move or face misfortune.
",0,27265,"Below is an instruction that describes a sentiment analysis task.

### Instruction:
Given the following text, please determine if it should be classified as funny or not funny. Base your classification on humor elements such as wit, irony, absurdity, or comedic timing.

### Input:
Be patient with a bad neighbor: he may move or face misfortune.


### Response:
",No
"If a turtle loses his shell, is it naked or homeless?
",1,15629,"Below is an instruction that describes a sentiment analysis task.

### Instruction:
Given the following text, please determine if it should be classified as funny or not funny. Base your classification on humor elements such as wit, irony, absurdity, or comedic timing.

### Input:
If a turtle loses his shell, is it naked or homeless?


### Response:
",Yes
"Nurture is above nature.
",0,31452,"Below is an instruction that describes a sentiment analysis task.

### Instruction:
Given the following text, please determine if it should be classified as funny or not funny. Base your classification on humor elements such as wit, irony, absurdity, or comedic timing.

### Input:
Nurture is above nature.


### Response:
",No
"Singapore shares open firmer on speculative stocks.
",0,23445,"Below is an instruction that describes a sentiment analysis task.

### Instruction:
Given the following text, please determine if it should be classified as funny or not funny. Base your classification on humor elements such as wit, irony, absurdity, or comedic timing.

### Input:
Singapore shares open firmer on speculative stocks.


### Response:
",No
"If most car accidents occur within five miles of home, why doesn't everyone just move 10 miles?
",1,4484,"Below is an instruction that describes a sentiment analysis task.

### Instruction:
Given the following text, please determine if it should be classified as funny or not funny. Base your classification on humor elements such as wit, irony, absurdity, or comedic timing.

### Input:
If most car accidents occur within five miles of home, why doesn't everyone just move 10 miles?


### Response:
",Yes
"No matter how bleak it looks, there's always a rainbow on the horizon.
",1,14028,"Below is an instruction that describes a sentiment analysis task.

### Instruction:
Given the following text, please determine if it should be classified as funny or not funny. Base your classification on humor elements such as wit, irony, absurdity, or comedic timing.

### Input:
No matter how bleak it looks, there's always a rainbow on the horizon.


### Response:
",No
"Anne's non-verbal bit-part as Mrs Dega was not even credited.
",0,25027,"Below is an instruction that describes a sentiment analysis task.

### Instruction:
Given the following text, please determine if it should be classified as funny or not funny. Base your classification on humor elements such as wit, irony, absurdity, or comedic timing.

### Input:
Anne's non-verbal bit-part as Mrs Dega was not even credited.


### Response:
",No
"If you would be a good judge, hear what every one says.
",0,25577,"Below is an instruction that describes a sentiment analysis task.

### Instruction:
Given the following text, please determine if it should be classified as funny or not funny. Base your classification on humor elements such as wit, irony, absurdity, or comedic timing.

### Input:
If you would be a good judge, hear what every one says.


### Response:
",No
"Then it'll fit on very easily.
",0,25748,"Below is an instruction that describes a sentiment analysis task.

### Instruction:
Given the following text, please determine if it should be classified as funny or not funny. Base your classification on humor elements such as wit, irony, absurdity, or comedic timing.

### Input:
Then it'll fit on very easily.


### Response:
",No
"This could occur at all levels.
",0,25373,"Below is an instruction that describes a sentiment analysis task.

### Instruction:
Given the following text, please determine if it should be classified as funny or not funny. Base your classification on humor elements such as wit, irony, absurdity, or comedic timing.

### Input:
This could occur at all levels.


### Response:
",No
"Brazil real ends off 0.06 pct in calm trading.
",0,22601,"Below is an instruction that describes a sentiment analysis task.

### Instruction:
Given the following text, please determine if it should be classified as funny or not funny. Base your classification on humor elements such as wit, irony, absurdity, or comedic timing.

### Input:
Brazil real ends off 0.06 pct in calm trading.


### Response:
",No
"Daughter-in-law hates mother-in-law.
",0,22229,"Below is an instruction that describes a sentiment analysis task.

### Instruction:
Given the following text, please determine if it should be classified as funny or not funny. Base your classification on humor elements such as wit, irony, absurdity, or comedic timing.

### Input:
Daughter-in-law hates mother-in-law.


### Response:
",Yes
"When I got home last night, my girlfriend demanded that I take her out to some place expensive.
",1,9174,"Below is an instruction that describes a sentiment analysis task.

### Instruction:
Given the following text, please determine if it should be classified as funny or not funny. Base your classification on humor elements such as wit, irony, absurdity, or comedic timing.

### Input:
When I got home last night, my girlfriend demanded that I take her out to some place expensive.


### Response:
",No
"South Africa yet to hear from apartheid enforcers.
",0,30231,"Below is an instruction that describes a sentiment analysis task.

### Instruction:
Given the following text, please determine if it should be classified as funny or not funny. Base your classification on humor elements such as wit, irony, absurdity, or comedic timing.

### Input:
South Africa yet to hear from apartheid enforcers.


### Response:
",No
"Australian high-flier Elliott acquitted of fraud.
",0,19281,"Below is an instruction that describes a sentiment analysis task.

### Instruction:
Given the following text, please determine if it should be classified as funny or not funny. Base your classification on humor elements such as wit, irony, absurdity, or comedic timing.

### Input:
Australian high-flier Elliott acquitted of fraud.


### Response:
",No
"When it comes to getting a suntan, ignorance is blister.
",1,12615,"Below is an instruction that describes a sentiment analysis task.

### Instruction:
Given the following text, please determine if it should be classified as funny or not funny. Base your classification on humor elements such as wit, irony, absurdity, or comedic timing.

### Input:
When it comes to getting a suntan, ignorance is blister.


### Response:
",No
"Why do they put Braille in the drive-through bank machines?
",1,11017,"Below is an instruction that describes a sentiment analysis task.

### Instruction:
Given the following text, please determine if it should be classified as funny or not funny. Base your classification on humor elements such as wit, irony, absurdity, or comedic timing.

### Input:
Why do they put Braille in the drive-through bank machines?


### Response:
",Yes
"WARNING: Alcohol consumption may actually CAUSE pregnancy.
",1,3192,"Below is an instruction that describes a sentiment analysis task.

### Instruction:
Given the following text, please determine if it should be classified as funny or not funny. Base your classification on humor elements such as wit, irony, absurdity, or comedic timing.

### Input:
WARNING: Alcohol consumption may actually CAUSE pregnancy.


### Response:
",Yes
"INDIA-Primary dealers quotes on securities Aug 26.
",0,24326,"Below is an instruction that describes a sentiment analysis task.

### Instruction:
Given the following text, please determine if it should be classified as funny or not funny. Base your classification on humor elements such as wit, irony, absurdity, or comedic timing.

### Input:
INDIA-Primary dealers quotes on securities Aug 26.


### Response:
",No
"The little boy quickly snatches his hand away and thanks his lucky stars he didn't get bit.
",1,9049,"Below is an instruction that describes a sentiment analysis task.

### Instruction:
Given the following text, please determine if it should be classified as funny or not funny. Base your classification on humor elements such as wit, irony, absurdity, or comedic timing.

### Input:
The little boy quickly snatches his hand away and thanks his lucky stars he didn't get bit.


### Response:
",No
"He described September's bombing as unjust, merciless, brutal and cowardly.
",0,21335,"Below is an instruction that describes a sentiment analysis task.

### Instruction:
Given the following text, please determine if it should be classified as funny or not funny. Base your classification on humor elements such as wit, irony, absurdity, or comedic timing.

### Input:
He described September's bombing as unjust, merciless, brutal and cowardly.


### Response:
",No
"Tobacco stock rally seen overshadowing Democratic meet.
",0,17253,"Below is an instruction that describes a sentiment analysis task.

### Instruction:
Given the following text, please determine if it should be classified as funny or not funny. Base your classification on humor elements such as wit, irony, absurdity, or comedic timing.

### Input:
Tobacco stock rally seen overshadowing Democratic meet.


### Response:
",No
"Complete with the stereotypes that made this country great.
",1,5831,"Below is an instruction that describes a sentiment analysis task.

### Instruction:
Given the following text, please determine if it should be classified as funny or not funny. Base your classification on humor elements such as wit, irony, absurdity, or comedic timing.

### Input:
Complete with the stereotypes that made this country great.


### Response:
",Yes
"SOYBEANS -- Brazil mulls proposed end to export tax.
",0,31131,"Below is an instruction that describes a sentiment analysis task.

### Instruction:
Given the following text, please determine if it should be classified as funny or not funny. Base your classification on humor elements such as wit, irony, absurdity, or comedic timing.

### Input:
SOYBEANS -- Brazil mulls proposed end to export tax.


### Response:
",No
"Even if the grass is greener on the other side: they, like you, still have to cut it.
",1,7451,"Below is an instruction that describes a sentiment analysis task.

### Instruction:
Given the following text, please determine if it should be classified as funny or not funny. Base your classification on humor elements such as wit, irony, absurdity, or comedic timing.

### Input:
Even if the grass is greener on the other side: they, like you, still have to cut it.


### Response:
",No
"Pain and suffering are inevitable but misery is optional.
",1,3820,"Below is an instruction that describes a sentiment analysis task.

### Instruction:
Given the following text, please determine if it should be classified as funny or not funny. Base your classification on humor elements such as wit, irony, absurdity, or comedic timing.

### Input:
Pain and suffering are inevitable but misery is optional.


### Response:
",No
"Won't it be wonderful to have our own home at last?
",0,25805,"Below is an instruction that describes a sentiment analysis task.

### Instruction:
Given the following text, please determine if it should be classified as funny or not funny. Base your classification on humor elements such as wit, irony, absurdity, or comedic timing.

### Input:
Won't it be wonderful to have our own home at last?


### Response:
",No
"A wise man gets more use from his enemies than a fool from his friends.
",1,10053,"Below is an instruction that describes a sentiment analysis task.

### Instruction:
Given the following text, please determine if it should be classified as funny or not funny. Base your classification on humor elements such as wit, irony, absurdity, or comedic timing.

### Input:
A wise man gets more use from his enemies than a fool from his friends.


### Response:
",No
"He painted a tiger, but it turned out a dog.
",0,19118,"Below is an instruction that describes a sentiment analysis task.

### Instruction:
Given the following text, please determine if it should be classified as funny or not funny. Base your classification on humor elements such as wit, irony, absurdity, or comedic timing.

### Input:
He painted a tiger, but it turned out a dog.


### Response:
",No
"Do illiterate people get the full effect of alphabet soup?
",1,7117,"Below is an instruction that describes a sentiment analysis task.

### Instruction:
Given the following text, please determine if it should be classified as funny or not funny. Base your classification on humor elements such as wit, irony, absurdity, or comedic timing.

### Input:
Do illiterate people get the full effect of alphabet soup?


### Response:
",Yes
"When I die, bury me face down, so the whole world can kiss my ass.
",1,14847,"Below is an instruction that describes a sentiment analysis task.

### Instruction:
Given the following text, please determine if it should be classified as funny or not funny. Base your classification on humor elements such as wit, irony, absurdity, or comedic timing.

### Input:
When I die, bury me face down, so the whole world can kiss my ass.


### Response:
",Yes
"US CREDIT OUTLOOK -- Old concern and fresh supply.
",0,27860,"Below is an instruction that describes a sentiment analysis task.

### Instruction:
Given the following text, please determine if it should be classified as funny or not funny. Base your classification on humor elements such as wit, irony, absurdity, or comedic timing.

### Input:
US CREDIT OUTLOOK -- Old concern and fresh supply.


### Response:
",No
"I nudged Toby and asked, What's he doing here?
",0,17536,"Below is an instruction that describes a sentiment analysis task.

### Instruction:
Given the following text, please determine if it should be classified as funny or not funny. Base your classification on humor elements such as wit, irony, absurdity, or comedic timing.

### Input:
I nudged Toby and asked, What's he doing here?


### Response:
",No
"Justine- massive tits, likes hanging around men's toilets.
",1,5863,"Below is an instruction that describes a sentiment analysis task.

### Instruction:
Given the following text, please determine if it should be classified as funny or not funny. Base your classification on humor elements such as wit, irony, absurdity, or comedic timing.

### Input:
Justine- massive tits, likes hanging around men's toilets.


### Response:
",Yes
"There are three kinds of mathemeticians: those who can count, and those who can't.
",1,8416,"Below is an instruction that describes a sentiment analysis task.

### Instruction:
Given the following text, please determine if it should be classified as funny or not funny. Base your classification on humor elements such as wit, irony, absurdity, or comedic timing.

### Input:
There are three kinds of mathemeticians: those who can count, and those who can't.


### Response:
",No
"She was only the bartender's daughter, but she knew how to hold her licker.
",1,3496,"Below is an instruction that describes a sentiment analysis task.

### Instruction:
Given the following text, please determine if it should be classified as funny or not funny. Base your classification on humor elements such as wit, irony, absurdity, or comedic timing.

### Input:
She was only the bartender's daughter, but she knew how to hold her licker.


### Response:
",No
"If you get up one time more than you fall you will make it through.
",1,14492,"Below is an instruction that describes a sentiment analysis task.

### Instruction:
Given the following text, please determine if it should be classified as funny or not funny. Base your classification on humor elements such as wit, irony, absurdity, or comedic timing.

### Input:
If you get up one time more than you fall you will make it through.


### Response:
",No
"Drugs may be the road to nowhere, but at least they're the scenic route.
",1,10312,"Below is an instruction that describes a sentiment analysis task.

### Instruction:
Given the following text, please determine if it should be classified as funny or not funny. Base your classification on humor elements such as wit, irony, absurdity, or comedic timing.

### Input:
Drugs may be the road to nowhere, but at least they're the scenic route.


### Response:
",No
"Malaysia's Maybank net meets expectations.
",0,20809,"Below is an instruction that describes a sentiment analysis task.

### Instruction:
Given the following text, please determine if it should be classified as funny or not funny. Base your classification on humor elements such as wit, irony, absurdity, or comedic timing.

### Input:
Malaysia's Maybank net meets expectations.


### Response:
",No
"All fellows at football.
",0,25280,"Below is an instruction that describes a sentiment analysis task.

### Instruction:
Given the following text, please determine if it should be classified as funny or not funny. Base your classification on humor elements such as wit, irony, absurdity, or comedic timing.

### Input:
All fellows at football.


### Response:
",Yes
"MFRI Inc Q2 July 31 net up.
",0,29600,"Below is an instruction that describes a sentiment analysis task.

### Instruction:
Given the following text, please determine if it should be classified as funny or not funny. Base your classification on humor elements such as wit, irony, absurdity, or comedic timing.

### Input:
MFRI Inc Q2 July 31 net up.


### Response:
",No
"He has brought his pigs to a fine market.
",0,29947,"Below is an instruction that describes a sentiment analysis task.

### Instruction:
Given the following text, please determine if it should be classified as funny or not funny. Base your classification on humor elements such as wit, irony, absurdity, or comedic timing.

### Input:
He has brought his pigs to a fine market.


### Response:
",No
"What, finally, about the effects of the RES?
",0,25095,"Below is an instruction that describes a sentiment analysis task.

### Instruction:
Given the following text, please determine if it should be classified as funny or not funny. Base your classification on humor elements such as wit, irony, absurdity, or comedic timing.

### Input:
What, finally, about the effects of the RES?


### Response:
",No
"From: egreen#NoSpam.nyc.pipeline.com (Edward Green) All coordinate systems are equal, but some are more equal than others.
",1,7123,"Below is an instruction that describes a sentiment analysis task.

### Instruction:
Given the following text, please determine if it should be classified as funny or not funny. Base your classification on humor elements such as wit, irony, absurdity, or comedic timing.

### Input:
From: egreen#NoSpam.nyc.pipeline.com (Edward Green) All coordinate systems are equal, but some are more equal than others.


### Response:
",No
"Words are good, when works follow.
",0,17815,"Below is an instruction that describes a sentiment analysis task.

### Instruction:
Given the following text, please determine if it should be classified as funny or not funny. Base your classification on humor elements such as wit, irony, absurdity, or comedic timing.

### Input:
Words are good, when works follow.


### Response:
",No
"Henna patterns were made on her hands.
",0,23377,"Below is an instruction that describes a sentiment analysis task.

### Instruction:
Given the following text, please determine if it should be classified as funny or not funny. Base your classification on humor elements such as wit, irony, absurdity, or comedic timing.

### Input:
Henna patterns were made on her hands.


### Response:
",No
"If it's not cruel and unusual, it's not punishment.
",1,9465,"Below is an instruction that describes a sentiment analysis task.

### Instruction:
Given the following text, please determine if it should be classified as funny or not funny. Base your classification on humor elements such as wit, irony, absurdity, or comedic timing.

### Input:
If it's not cruel and unusual, it's not punishment.


### Response:
",No
"NASA enlisted to help in TWA crash probe.
",0,29522,"Below is an instruction that describes a sentiment analysis task.

### Instruction:
Given the following text, please determine if it should be classified as funny or not funny. Base your classification on humor elements such as wit, irony, absurdity, or comedic timing.

### Input:
NASA enlisted to help in TWA crash probe.


### Response:
",No
"What is the similarity between Madonna and Merv Hughes?
",1,706,"Below is an instruction that describes a sentiment analysis task.

### Instruction:
Given the following text, please determine if it should be classified as funny or not funny. Base your classification on humor elements such as wit, irony, absurdity, or comedic timing.

### Input:
What is the similarity between Madonna and Merv Hughes?


### Response:
",No
"He was not alone in feeling this way.
",0,23109,"Below is an instruction that describes a sentiment analysis task.

### Instruction:
Given the following text, please determine if it should be classified as funny or not funny. Base your classification on humor elements such as wit, irony, absurdity, or comedic timing.

### Input:
He was not alone in feeling this way.


### Response:
",No
"The following table gives some idea:
",0,18379,"Below is an instruction that describes a sentiment analysis task.

### Instruction:
Given the following text, please determine if it should be classified as funny or not funny. Base your classification on humor elements such as wit, irony, absurdity, or comedic timing.

### Input:
The following table gives some idea:


### Response:
",No
"I think people who vote have an unfair influence over the government.
",1,2473,"Below is an instruction that describes a sentiment analysis task.

### Instruction:
Given the following text, please determine if it should be classified as funny or not funny. Base your classification on humor elements such as wit, irony, absurdity, or comedic timing.

### Input:
I think people who vote have an unfair influence over the government.


### Response:
",No
"French stocks close sharply down on weaker franc.
",0,21485,"Below is an instruction that describes a sentiment analysis task.

### Instruction:
Given the following text, please determine if it should be classified as funny or not funny. Base your classification on humor elements such as wit, irony, absurdity, or comedic timing.

### Input:
French stocks close sharply down on weaker franc.


### Response:
",No
"Miss what shall we call it?
",0,18023,"Below is an instruction that describes a sentiment analysis task.

### Instruction:
Given the following text, please determine if it should be classified as funny or not funny. Base your classification on humor elements such as wit, irony, absurdity, or comedic timing.

### Input:
Miss what shall we call it?


### Response:
",No
"Holiday Caravan Chalet and Camping Parks.
",0,19540,"Below is an instruction that describes a sentiment analysis task.

### Instruction:
Given the following text, please determine if it should be classified as funny or not funny. Base your classification on humor elements such as wit, irony, absurdity, or comedic timing.

### Input:
Holiday Caravan Chalet and Camping Parks.


### Response:
",No
"You can't tell which way the train went by looking at the track.
",1,12513,"Below is an instruction that describes a sentiment analysis task.

### Instruction:
Given the following text, please determine if it should be classified as funny or not funny. Base your classification on humor elements such as wit, irony, absurdity, or comedic timing.

### Input:
You can't tell which way the train went by looking at the track.


### Response:
",No
"At the end of the game you'll see who's the winner.
",0,30801,"Below is an instruction that describes a sentiment analysis task.

### Instruction:
Given the following text, please determine if it should be classified as funny or not funny. Base your classification on humor elements such as wit, irony, absurdity, or comedic timing.

### Input:
At the end of the game you'll see who's the winner.


### Response:
",No
"I'm currently researching an article: Lorna Doon, the Novel and the Cookie.
",1,2398,"Below is an instruction that describes a sentiment analysis task.

### Instruction:
Given the following text, please determine if it should be classified as funny or not funny. Base your classification on humor elements such as wit, irony, absurdity, or comedic timing.

### Input:
I'm currently researching an article: Lorna Doon, the Novel and the Cookie.


### Response:
",No
"Weir expects stronger second half.
",0,31882,"Below is an instruction that describes a sentiment analysis task.

### Instruction:
Given the following text, please determine if it should be classified as funny or not funny. Base your classification on humor elements such as wit, irony, absurdity, or comedic timing.

### Input:
Weir expects stronger second half.


### Response:
",No
"Fry the chapati when the pan is hot.
",0,23782,"Below is an instruction that describes a sentiment analysis task.

### Instruction:
Given the following text, please determine if it should be classified as funny or not funny. Base your classification on humor elements such as wit, irony, absurdity, or comedic timing.

### Input:
Fry the chapati when the pan is hot.


### Response:
",No
"Javascript, and PHP source code used to create this website.
",1,1256,"Below is an instruction that describes a sentiment analysis task.

### Instruction:
Given the following text, please determine if it should be classified as funny or not funny. Base your classification on humor elements such as wit, irony, absurdity, or comedic timing.

### Input:
Javascript, and PHP source code used to create this website.


### Response:
",No
"Comedians, not crime, preoccupy New York voters
",0,18893,"Below is an instruction that describes a sentiment analysis task.

### Instruction:
Given the following text, please determine if it should be classified as funny or not funny. Base your classification on humor elements such as wit, irony, absurdity, or comedic timing.

### Input:
Comedians, not crime, preoccupy New York voters


### Response:
",No
"Cyclicals bump Swedish shares to higher close.
",0,28262,"Below is an instruction that describes a sentiment analysis task.

### Instruction:
Given the following text, please determine if it should be classified as funny or not funny. Base your classification on humor elements such as wit, irony, absurdity, or comedic timing.

### Input:
Cyclicals bump Swedish shares to higher close.


### Response:
",No
"McQueen seems to inspire Hoffman to underplay, too.
",0,30047,"Below is an instruction that describes a sentiment analysis task.

### Instruction:
Given the following text, please determine if it should be classified as funny or not funny. Base your classification on humor elements such as wit, irony, absurdity, or comedic timing.

### Input:
McQueen seems to inspire Hoffman to underplay, too.


### Response:
",No
"I like to tease my plants when I water them. I like to water them with ice cubes.
",1,921,"Below is an instruction that describes a sentiment analysis task.

### Instruction:
Given the following text, please determine if it should be classified as funny or not funny. Base your classification on humor elements such as wit, irony, absurdity, or comedic timing.

### Input:
I like to tease my plants when I water them. I like to water them with ice cubes.


### Response:
",Yes
"The questionnaire sent to the local council (the search) is inadequate.
",0,30847,"Below is an instruction that describes a sentiment analysis task.

### Instruction:
Given the following text, please determine if it should be classified as funny or not funny. Base your classification on humor elements such as wit, irony, absurdity, or comedic timing.

### Input:
The questionnaire sent to the local council (the search) is inadequate.


### Response:
",No
"The Hampstead house needed to be opened up.
",0,26590,"Below is an instruction that describes a sentiment analysis task.

### Instruction:
Given the following text, please determine if it should be classified as funny or not funny. Base your classification on humor elements such as wit, irony, absurdity, or comedic timing.

### Input:
The Hampstead house needed to be opened up.


### Response:
",No
"A nut dropped on the ground will roll until it finds a crack to fall into.
",1,10725,"Below is an instruction that describes a sentiment analysis task.

### Instruction:
Given the following text, please determine if it should be classified as funny or not funny. Base your classification on humor elements such as wit, irony, absurdity, or comedic timing.

### Input:
A nut dropped on the ground will roll until it finds a crack to fall into.


### Response:
",No
"Harrisberger's Fourth Law of the Lab: Experience is directly proportional to the amount of equipment ruined.
",1,10920,"Below is an instruction that describes a sentiment analysis task.

### Instruction:
Given the following text, please determine if it should be classified as funny or not funny. Base your classification on humor elements such as wit, irony, absurdity, or comedic timing.

### Input:
Harrisberger's Fourth Law of the Lab: Experience is directly proportional to the amount of equipment ruined.


### Response:
",Yes
"NZ FBT prescribed rate rises to 11.5 pct.
",0,16981,"Below is an instruction that describes a sentiment analysis task.

### Instruction:
Given the following text, please determine if it should be classified as funny or not funny. Base your classification on humor elements such as wit, irony, absurdity, or comedic timing.

### Input:
NZ FBT prescribed rate rises to 11.5 pct.


### Response:
",No
"Don't ask what your community can do for you. Ask what you can do for your community.
",1,4693,"Below is an instruction that describes a sentiment analysis task.

### Instruction:
Given the following text, please determine if it should be classified as funny or not funny. Base your classification on humor elements such as wit, irony, absurdity, or comedic timing.

### Input:
Don't ask what your community can do for you. Ask what you can do for your community.


### Response:
",No
"BASEBALL-GREER HOMER IN 10TH LIFTS TEXAS PAST INDIANS.
",0,30633,"Below is an instruction that describes a sentiment analysis task.

### Instruction:
Given the following text, please determine if it should be classified as funny or not funny. Base your classification on humor elements such as wit, irony, absurdity, or comedic timing.

### Input:
BASEBALL-GREER HOMER IN 10TH LIFTS TEXAS PAST INDIANS.


### Response:
",No
"INFORMATION BUSINESS SYSTEMS TIRANA WINS 480,000 TENDER
",0,21666,"Below is an instruction that describes a sentiment analysis task.

### Instruction:
Given the following text, please determine if it should be classified as funny or not funny. Base your classification on humor elements such as wit, irony, absurdity, or comedic timing.

### Input:
INFORMATION BUSINESS SYSTEMS TIRANA WINS 480,000 TENDER


### Response:
",No
"Experience: What you get when you don't get what you want.
",1,14953,"Below is an instruction that describes a sentiment analysis task.

### Instruction:
Given the following text, please determine if it should be classified as funny or not funny. Base your classification on humor elements such as wit, irony, absurdity, or comedic timing.

### Input:
Experience: What you get when you don't get what you want.


### Response:
",No
"Join the Army, meet interesting people, and kill them.
",1,9347,"Below is an instruction that describes a sentiment analysis task.

### Instruction:
Given the following text, please determine if it should be classified as funny or not funny. Base your classification on humor elements such as wit, irony, absurdity, or comedic timing.

### Input:
Join the Army, meet interesting people, and kill them.


### Response:
",Yes
"A bird in the hand is always safer than one overhead.
",1,7735,"Below is an instruction that describes a sentiment analysis task.

### Instruction:
Given the following text, please determine if it should be classified as funny or not funny. Base your classification on humor elements such as wit, irony, absurdity, or comedic timing.

### Input:
A bird in the hand is always safer than one overhead.


### Response:
",No
"The world likes to be cheated.
",0,27759,"Below is an instruction that describes a sentiment analysis task.

### Instruction:
Given the following text, please determine if it should be classified as funny or not funny. Base your classification on humor elements such as wit, irony, absurdity, or comedic timing.

### Input:
The world likes to be cheated.


### Response:
",No
"I wonder how long it's gonna be before a feminist pilot refuses to enter the cockpit.
",1,1905,"Below is an instruction that describes a sentiment analysis task.

### Instruction:
Given the following text, please determine if it should be classified as funny or not funny. Base your classification on humor elements such as wit, irony, absurdity, or comedic timing.

### Input:
I wonder how long it's gonna be before a feminist pilot refuses to enter the cockpit.


### Response:
",Yes
"A conclusion is reached when you run out of ideas.
",1,5838,"Below is an instruction that describes a sentiment analysis task.

### Instruction:
Given the following text, please determine if it should be classified as funny or not funny. Base your classification on humor elements such as wit, irony, absurdity, or comedic timing.

### Input:
A conclusion is reached when you run out of ideas.


### Response:
",Yes
"Indian soybean prices rise to record highs.
",0,20278,"Below is an instruction that describes a sentiment analysis task.

### Instruction:
Given the following text, please determine if it should be classified as funny or not funny. Base your classification on humor elements such as wit, irony, absurdity, or comedic timing.

### Input:
Indian soybean prices rise to record highs.


### Response:
",No
"In the front yard of a funeral home: Drive carefully. We'll wait.
",1,14372,"Below is an instruction that describes a sentiment analysis task.

### Instruction:
Given the following text, please determine if it should be classified as funny or not funny. Base your classification on humor elements such as wit, irony, absurdity, or comedic timing.

### Input:
In the front yard of a funeral home: Drive carefully. We'll wait.


### Response:
",No
