author,url,date,text,text_length,score,id,label,instruction,prediction
ajmansell,https://old.reddit.com/r/dadjokes/comments/crffhv/how_do_you_wake_up_lady_gaga/,2019-08-17 01:09:21,How do you wake up Lady Gaga? Poker Face,40,59,9026,1,"Below is an instruction that describes a sentiment analysis task.

### Instruction:
Given the following text, please determine if it should be classified as funny or not funny. Base your classification on humor elements such as wit, irony, absurdity, or comedic timing.

### Input:
How do you wake up Lady Gaga? Poker Face

### Response:
",Yes
porichoygupto,https://old.reddit.com/r/dadjokes/comments/90x1p5/i_recently_joined_a_nudist_colony/,2018-07-22 11:04:32,I recently joined a nudist colony. The first few days were the hardest.,71,41,6900,1,"Below is an instruction that describes a sentiment analysis task.

### Instruction:
Given the following text, please determine if it should be classified as funny or not funny. Base your classification on humor elements such as wit, irony, absurdity, or comedic timing.

### Input:
I recently joined a nudist colony. The first few days were the hardest.

### Response:
",Yes
just-going-with-it,https://old.reddit.com/r/dadjokes/comments/qcgxzv/someone_stole_all_the_jalapeños_out_of_my_cheese/,2021-10-21 02:06:39,Someone stole all the jalapeños out of my cheese. I need to secure my groceries better.,87,1,21742,0,"Below is an instruction that describes a sentiment analysis task.

### Instruction:
Given the following text, please determine if it should be classified as funny or not funny. Base your classification on humor elements such as wit, irony, absurdity, or comedic timing.

### Input:
Someone stole all the jalapeños out of my cheese. I need to secure my groceries better.

### Response:
",Yes
bright_learner,https://old.reddit.com/r/dadjokes/comments/qvnkqh/whos_the_most_successful_spy_and_always_high/,2021-11-17 01:27:49,Who's a remarkable spy and known for his strategies? Agent Steel.,65,1,17801,0,"Below is an instruction that describes a sentiment analysis task.

### Instruction:
Given the following text, please determine if it should be classified as funny or not funny. Base your classification on humor elements such as wit, irony, absurdity, or comedic timing.

### Input:
Who's a remarkable spy and known for his strategies? Agent Steel.

### Response:
",Yes
Mike_um_tastes_funny,https://old.reddit.com/r/dadjokes/comments/83b6jv/i_dont_like_dumb_dad_jokes/,2018-03-09 23:29:32,I don't like dumb dad jokes... Actually that couldn't be father from the truth.,79,32,7236,1,"Below is an instruction that describes a sentiment analysis task.

### Instruction:
Given the following text, please determine if it should be classified as funny or not funny. Base your classification on humor elements such as wit, irony, absurdity, or comedic timing.

### Input:
I don't like dumb dad jokes... Actually that couldn't be father from the truth.

### Response:
",Yes
jboomhaur,https://old.reddit.com/r/dadjokes/comments/rn2lgq/i_like_my_ribs_like_i_like_my_holy_infant/,2021-12-23 18:57:25,I prefer my ribs well-seasoned and grilled to perfection.,57,1,12869,0,"Below is an instruction that describes a sentiment analysis task.

### Instruction:
Given the following text, please determine if it should be classified as funny or not funny. Base your classification on humor elements such as wit, irony, absurdity, or comedic timing.

### Input:
I prefer my ribs well-seasoned and grilled to perfection.

### Response:
",Yes
taylyn_conner,https://old.reddit.com/r/dadjokes/comments/6cj87o/why_did_the_blind_man_fall_down_the_well/,2017-05-21 21:48:32,Why did the blind man fall down the well? Because he couldn't see that well,75,76,5453,1,"Below is an instruction that describes a sentiment analysis task.

### Instruction:
Given the following text, please determine if it should be classified as funny or not funny. Base your classification on humor elements such as wit, irony, absurdity, or comedic timing.

### Input:
Why did the blind man fall down the well? Because he couldn't see that well

### Response:
",Yes
TurkeyBorn,https://old.reddit.com/r/dadjokes/comments/90pv5w/what_did_the_janitor_say_when_he_jumped_out_of/,2018-07-21 14:59:17,What did the janitor say when he jumped out of the supply closet SUPPLIES!!!,76,188,4817,1,"Below is an instruction that describes a sentiment analysis task.

### Instruction:
Given the following text, please determine if it should be classified as funny or not funny. Base your classification on humor elements such as wit, irony, absurdity, or comedic timing.

### Input:
What did the janitor say when he jumped out of the supply closet SUPPLIES!!!

### Response:
",Yes
lehj916,https://old.reddit.com/r/dadjokes/comments/qei0tr/what_sound_does_a_witchs_vehicle_make/,2021-10-24 01:21:49,What noise does an electric car make? A low hum.,48,1,21181,0,"Below is an instruction that describes a sentiment analysis task.

### Instruction:
Given the following text, please determine if it should be classified as funny or not funny. Base your classification on humor elements such as wit, irony, absurdity, or comedic timing.

### Input:
What noise does an electric car make? A low hum.

### Response:
",Yes
Pun-isher42,https://old.reddit.com/r/dadjokes/comments/bh1pqf/what_is_the_title_of_a_person_who_is_in_charge_of/,2019-04-24 23:43:18,What is the title of a person who is in charge of a furniture company? The chairman.,84,175,1076,1,"Below is an instruction that describes a sentiment analysis task.

### Instruction:
Given the following text, please determine if it should be classified as funny or not funny. Base your classification on humor elements such as wit, irony, absurdity, or comedic timing.

### Input:
What is the title of a person who is in charge of a furniture company? The chairman.

### Response:
",Yes
andersonfmly,https://old.reddit.com/r/dadjokes/comments/qnor8j/just_saw_a_guy_standing_on_one_leg_at_the_atm/,2021-11-06 00:35:34,I saw a guy using one foot at the ATM… He seemed to be in a rush.,65,1,19302,0,"Below is an instruction that describes a sentiment analysis task.

### Instruction:
Given the following text, please determine if it should be classified as funny or not funny. Base your classification on humor elements such as wit, irony, absurdity, or comedic timing.

### Input:
I saw a guy using one foot at the ATM… He seemed to be in a rush.

### Response:
",Yes
Anthonybrose,https://old.reddit.com/r/dadjokes/comments/ayy2y2/i_finally_found_a_book_that_i_was_totally_glued_to/,2019-03-09 01:29:14,I finally found a book that I was totally glued to. It was a book of collages ,78,69,8754,1,"Below is an instruction that describes a sentiment analysis task.

### Instruction:
Given the following text, please determine if it should be classified as funny or not funny. Base your classification on humor elements such as wit, irony, absurdity, or comedic timing.

### Input:
I finally found a book that I was totally glued to. It was a book of collages 

### Response:
",Yes
beermeblazer25,https://old.reddit.com/r/dadjokes/comments/9581rt/a_man_went_to_the_zoo_today_and_all_they_had_was/,2018-08-07 03:19:54,A man went to the zoo today and all they had was a dog. It was a shitzu. ,73,365,6420,1,"Below is an instruction that describes a sentiment analysis task.

### Instruction:
Given the following text, please determine if it should be classified as funny or not funny. Base your classification on humor elements such as wit, irony, absurdity, or comedic timing.

### Input:
A man went to the zoo today and all they had was a dog. It was a shitzu. 

### Response:
",Yes
KairuSmairukon,https://old.reddit.com/r/dadjokes/comments/cweiam/a_dad_joke_is_a_dad_joke_unless_its_corny/,2019-08-28 02:19:48,A dad joke is a dad joke. Unless it's corny. Then it's popcorn.,63,311,7985,1,"Below is an instruction that describes a sentiment analysis task.

### Instruction:
Given the following text, please determine if it should be classified as funny or not funny. Base your classification on humor elements such as wit, irony, absurdity, or comedic timing.

### Input:
A dad joke is a dad joke. Unless it's corny. Then it's popcorn.

### Response:
",Yes
PhantomBanker,https://old.reddit.com/r/dadjokes/comments/jw4j6w/my_wife_insisted_on_pouring_flour_into_the_melted/,2020-11-17 23:44:55,My wife insisted on pouring flour into the melted butter. I told her she would roux the day.,92,749,9035,1,"Below is an instruction that describes a sentiment analysis task.

### Instruction:
Given the following text, please determine if it should be classified as funny or not funny. Base your classification on humor elements such as wit, irony, absurdity, or comedic timing.

### Input:
My wife insisted on pouring flour into the melted butter. I told her she would roux the day.

### Response:
",Yes
SirMalcolmK,https://old.reddit.com/r/dadjokes/comments/d36sig/i_went_to_a_music_store_to_go_chopin_but_i_forgot/,2019-09-12 11:55:49,"I went to a music store to go Chopin, but I forgot my Liszt. So I decided to just go Bach home.",95,20,9582,1,"Below is an instruction that describes a sentiment analysis task.

### Instruction:
Given the following text, please determine if it should be classified as funny or not funny. Base your classification on humor elements such as wit, irony, absurdity, or comedic timing.

### Input:
I went to a music store to go Chopin, but I forgot my Liszt. So I decided to just go Bach home.

### Response:
",Yes
B-man44,https://old.reddit.com/r/dadjokes/comments/d6at00/i_am_terrified_of_elevators/,2019-09-19 07:52:00,I am terrified of elevators.... I am going to start taking steps to avoid them,78,48,3050,1,"Below is an instruction that describes a sentiment analysis task.

### Instruction:
Given the following text, please determine if it should be classified as funny or not funny. Base your classification on humor elements such as wit, irony, absurdity, or comedic timing.

### Input:
I am terrified of elevators.... I am going to start taking steps to avoid them

### Response:
",Yes
Pun-isher42,https://old.reddit.com/r/dadjokes/comments/c0g64c/shredded_cheese_was_a_great_invention/,2019-06-14 05:07:30,Shredded cheese was a great invention. People were really grateful.,67,71,8353,1,"Below is an instruction that describes a sentiment analysis task.

### Instruction:
Given the following text, please determine if it should be classified as funny or not funny. Base your classification on humor elements such as wit, irony, absurdity, or comedic timing.

### Input:
Shredded cheese was a great invention. People were really grateful.

### Response:
",Yes
randomguy7588,https://old.reddit.com/r/dadjokes/comments/qks2hj/last_night_i_dreamed_i_was_a_wigwam/,2021-11-02 00:32:56,Last night I had a restless sleep.,34,1,19810,0,"Below is an instruction that describes a sentiment analysis task.

### Instruction:
Given the following text, please determine if it should be classified as funny or not funny. Base your classification on humor elements such as wit, irony, absurdity, or comedic timing.

### Input:
Last night I had a restless sleep.

### Response:
",No
stratospher,https://old.reddit.com/r/dadjokes/comments/dh1am2/the_norwegian_navy_added_bar_codes_to_their_ships/,2019-10-12 21:36:16,"The Norwegian Navy added bar codes to their ships. That way, when they dock, they can just Scan-da-navy-in.",107,20,4416,1,"Below is an instruction that describes a sentiment analysis task.

### Instruction:
Given the following text, please determine if it should be classified as funny or not funny. Base your classification on humor elements such as wit, irony, absurdity, or comedic timing.

### Input:
The Norwegian Navy added bar codes to their ships. That way, when they dock, they can just Scan-da-navy-in.

### Response:
",Yes
RampantLion757,https://old.reddit.com/r/dadjokes/comments/c1iaug/whats_the_difference_between_a_dad_joke_and_a/,2019-06-17 02:40:34,What's the difference between a dad joke and a regular joke? One has parental guidance.,87,61,7575,1,"Below is an instruction that describes a sentiment analysis task.

### Instruction:
Given the following text, please determine if it should be classified as funny or not funny. Base your classification on humor elements such as wit, irony, absurdity, or comedic timing.

### Input:
What's the difference between a dad joke and a regular joke? One has parental guidance.

### Response:
",Yes
Shuihoppy,https://old.reddit.com/r/dadjokes/comments/r68s1h/to_protect_against_covid_someone_should_stand_on/,2021-12-01 06:58:57,"To promote health measures against COVID-19, someone might emphasize the importance of community immunity.",106,1,15886,0,"Below is an instruction that describes a sentiment analysis task.

### Instruction:
Given the following text, please determine if it should be classified as funny or not funny. Base your classification on humor elements such as wit, irony, absurdity, or comedic timing.

### Input:
To promote health measures against COVID-19, someone might emphasize the importance of community immunity.

### Response:
",Yes
at21232,https://old.reddit.com/r/dadjokes/comments/rpe4c8/i_got_a_chocolate_record_player_for_christmas_it/,2021-12-27 03:59:58,I received a unique chocolate gift for Christmas. It's quite novel.,67,1,12349,0,"Below is an instruction that describes a sentiment analysis task.

### Instruction:
Given the following text, please determine if it should be classified as funny or not funny. Base your classification on humor elements such as wit, irony, absurdity, or comedic timing.

### Input:
I received a unique chocolate gift for Christmas. It's quite novel.

### Response:
",Yes
notdadbot,https://old.reddit.com/r/dadjokes/comments/drplnd/why_did_the_worker_get_fired_from_the_orange/,2019-11-04 22:42:40,Why did the worker get fired from the orange juice factory? Lack of concentration.,82,20,3563,1,"Below is an instruction that describes a sentiment analysis task.

### Instruction:
Given the following text, please determine if it should be classified as funny or not funny. Base your classification on humor elements such as wit, irony, absurdity, or comedic timing.

### Input:
Why did the worker get fired from the orange juice factory? Lack of concentration.

### Response:
",Yes
Choiceofart,https://old.reddit.com/r/dadjokes/comments/rpn6hf/my_buddy_asked_me_if_i_wanted_to_try_some_of_his/,2021-12-27 13:07:50,"My buddy asked me if I wanted to try some of his falafel... I had a piece and then he asked how it was. I said ""It was different than what I'm used to.""",152,1,12300,0,"Below is an instruction that describes a sentiment analysis task.

### Instruction:
Given the following text, please determine if it should be classified as funny or not funny. Base your classification on humor elements such as wit, irony, absurdity, or comedic timing.

### Input:
My buddy asked me if I wanted to try some of his falafel... I had a piece and then he asked how it was. I said ""It was different than what I'm used to.""

### Response:
",Yes
moorda,https://old.reddit.com/r/dadjokes/comments/r42alk/just_saw_elvis_at_the_customer_service_desk_of/,2021-11-28 11:26:19,I saw someone who looked like Elvis at the hardware store. He was returning an item.,84,1,16303,0,"Below is an instruction that describes a sentiment analysis task.

### Instruction:
Given the following text, please determine if it should be classified as funny or not funny. Base your classification on humor elements such as wit, irony, absurdity, or comedic timing.

### Input:
I saw someone who looked like Elvis at the hardware store. He was returning an item.

### Response:
",Yes
LivingUnderPhones,https://old.reddit.com/r/dadjokes/comments/rsaa9n/my_friend_tried_to_convince_me_that_tunnels_are/,12/30/2021 19:43,"My friend tried to argue that bridges are not as reliable as tunnels, but I remained skeptical.",95,1,11857,0,"Below is an instruction that describes a sentiment analysis task.

### Instruction:
Given the following text, please determine if it should be classified as funny or not funny. Base your classification on humor elements such as wit, irony, absurdity, or comedic timing.

### Input:
My friend tried to argue that bridges are not as reliable as tunnels, but I remained skeptical.

### Response:
",Yes
H_G_Bells,https://old.reddit.com/r/dadjokes/comments/qeup2z/i_just_saw_a_totally_new_reaction_video/,2021-10-24 15:43:42,I just saw an entirely new reaction video. It was a refreshing change of pace from what I usually see.,102,1,21096,0,"Below is an instruction that describes a sentiment analysis task.

### Instruction:
Given the following text, please determine if it should be classified as funny or not funny. Base your classification on humor elements such as wit, irony, absurdity, or comedic timing.

### Input:
I just saw an entirely new reaction video. It was a refreshing change of pace from what I usually see.

### Response:
",Yes
Dcsco,https://old.reddit.com/r/dadjokes/comments/65o6k7/ive_started_a_business_making_boats_in_my_attic/,2017-04-16 08:28:49,I've started a business making boats in my attic... Sails are going through the roof.,85,3771,2059,1,"Below is an instruction that describes a sentiment analysis task.

### Instruction:
Given the following text, please determine if it should be classified as funny or not funny. Base your classification on humor elements such as wit, irony, absurdity, or comedic timing.

### Input:
I've started a business making boats in my attic... Sails are going through the roof.

### Response:
",Yes
SlickHeadSinger,https://old.reddit.com/r/dadjokes/comments/qxfpcd/i_offered_to_tell_my_daughter_12_dad_jokes/,2021-11-19 12:59:57,"I offered to share some interesting facts with my daughter, but she preferred not to.",85,1,17444,0,"Below is an instruction that describes a sentiment analysis task.

### Instruction:
Given the following text, please determine if it should be classified as funny or not funny. Base your classification on humor elements such as wit, irony, absurdity, or comedic timing.

### Input:
I offered to share some interesting facts with my daughter, but she preferred not to.

### Response:
",Yes
Jad324,https://old.reddit.com/r/dadjokes/comments/ctvjxg/my_daughter_asked_me_which_band_i_like_the_most/,2019-08-22 10:33:43,My daughter asked me which band I like the most... I quite like elastic but my favourites got to be hair- they just seem to fit any style.,138,20,4059,1,"Below is an instruction that describes a sentiment analysis task.

### Instruction:
Given the following text, please determine if it should be classified as funny or not funny. Base your classification on humor elements such as wit, irony, absurdity, or comedic timing.

### Input:
My daughter asked me which band I like the most... I quite like elastic but my favourites got to be hair- they just seem to fit any style.

### Response:
",Yes
AlleM43,https://old.reddit.com/r/dadjokes/comments/9k4bzu/what_do_you_call_an_organization_that_donates/,2018-09-30 06:55:14,What do you call an organization that donates places to sit? A Chairity,71,29,9754,1,"Below is an instruction that describes a sentiment analysis task.

### Instruction:
Given the following text, please determine if it should be classified as funny or not funny. Base your classification on humor elements such as wit, irony, absurdity, or comedic timing.

### Input:
What do you call an organization that donates places to sit? A Chairity

### Response:
",Yes
Rocknocker,https://old.reddit.com/r/dadjokes/comments/8xxe3n/whats_the_difference_between_meat_and_fish/,2018-07-11 06:56:13,"What's the difference between meat and fish? If you beat your fish, it will die...",82,29,7129,1,"Below is an instruction that describes a sentiment analysis task.

### Instruction:
Given the following text, please determine if it should be classified as funny or not funny. Base your classification on humor elements such as wit, irony, absurdity, or comedic timing.

### Input:
What's the difference between meat and fish? If you beat your fish, it will die...

### Response:
",Yes
Eggo_God_Of_Eggs,https://old.reddit.com/r/dadjokes/comments/qfp8iv/i_have_a_phobia_of_bow_and_arrows/,2021-10-25 20:10:59,I have an uneasiness about archery equipment; it makes me nervous.,66,1,20876,0,"Below is an instruction that describes a sentiment analysis task.

### Instruction:
Given the following text, please determine if it should be classified as funny or not funny. Base your classification on humor elements such as wit, irony, absurdity, or comedic timing.

### Input:
I have an uneasiness about archery equipment; it makes me nervous.

### Response:
",Yes
LastProtagonist,https://old.reddit.com/r/dadjokes/comments/8cc6ln/we_just_had_fish_for_dinner_and_it_tasted_funny/,2018-04-15 01:51:28,We just had fish for dinner and it tasted funny... I'm never eating clownfish again.,84,21,6357,1,"Below is an instruction that describes a sentiment analysis task.

### Instruction:
Given the following text, please determine if it should be classified as funny or not funny. Base your classification on humor elements such as wit, irony, absurdity, or comedic timing.

### Input:
We just had fish for dinner and it tasted funny... I'm never eating clownfish again.

### Response:
",Yes
Sn3akySnap3,https://old.reddit.com/r/dadjokes/comments/qdsbe8/my_5_year_old_daughter_told_this_to_me_today_why/,2021-10-22 22:49:34,"My 5 year old daughter told me that Elsa from ""Frozen"" would simply let go of a balloon... she's creative.",106,1,21385,0,"Below is an instruction that describes a sentiment analysis task.

### Instruction:
Given the following text, please determine if it should be classified as funny or not funny. Base your classification on humor elements such as wit, irony, absurdity, or comedic timing.

### Input:
My 5 year old daughter told me that Elsa from ""Frozen"" would simply let go of a balloon... she's creative.

### Response:
",Yes
acreativeredditlogin,https://old.reddit.com/r/dadjokes/comments/b5sy47/did_you_hear_about_the_8_that_fell_over/,2019-03-26 17:59:58,Did you hear about the 8 that fell over? It took them forever to get back up.,77,151,9202,1,"Below is an instruction that describes a sentiment analysis task.

### Instruction:
Given the following text, please determine if it should be classified as funny or not funny. Base your classification on humor elements such as wit, irony, absurdity, or comedic timing.

### Input:
Did you hear about the 8 that fell over? It took them forever to get back up.

### Response:
",Yes
Radish00,https://old.reddit.com/r/dadjokes/comments/8fbdqp/yesterday_i_ate_a_clock/,2018-04-27 12:50:12,"Yesterday I ate a clock. It was very time consuming. 

Especially when I went back for seconds.",95,282,2709,1,"Below is an instruction that describes a sentiment analysis task.

### Instruction:
Given the following text, please determine if it should be classified as funny or not funny. Base your classification on humor elements such as wit, irony, absurdity, or comedic timing.

### Input:
Yesterday I ate a clock. It was very time consuming. 

Especially when I went back for seconds.

### Response:
",Yes
wreditor,https://old.reddit.com/r/dadjokes/comments/46exer/whats_the_difference_between_kenya_and_kanye/,2016-02-18 14:19:50,What's the difference between Kenya and Kanye? Just a couple of vowel movements.,80,33,2347,1,"Below is an instruction that describes a sentiment analysis task.

### Instruction:
Given the following text, please determine if it should be classified as funny or not funny. Base your classification on humor elements such as wit, irony, absurdity, or comedic timing.

### Input:
What's the difference between Kenya and Kanye? Just a couple of vowel movements.

### Response:
",Yes
Marcato5,https://old.reddit.com/r/dadjokes/comments/cpo8xj/wife_the_backstreet_boys_are_really_getting_old/,2019-08-13 04:46:54,Wife: The Backstreet Boys are really getting old. Me: Are the Backstreet's backs alright?,89,21,7609,1,"Below is an instruction that describes a sentiment analysis task.

### Instruction:
Given the following text, please determine if it should be classified as funny or not funny. Base your classification on humor elements such as wit, irony, absurdity, or comedic timing.

### Input:
Wife: The Backstreet Boys are really getting old. Me: Are the Backstreet's backs alright?

### Response:
",Yes
intjmaster,https://old.reddit.com/r/dadjokes/comments/qneyqz/contractor_just_quoted_me_a_new_chimney/,2021-11-05 16:34:09,Contractor just quoted me a new chimney. He said it would be included in the estimate.,86,1,19367,0,"Below is an instruction that describes a sentiment analysis task.

### Instruction:
Given the following text, please determine if it should be classified as funny or not funny. Base your classification on humor elements such as wit, irony, absurdity, or comedic timing.

### Input:
Contractor just quoted me a new chimney. He said it would be included in the estimate.

### Response:
",Yes
PoprocksAndDope,https://old.reddit.com/r/dadjokes/comments/5tew95/my_father_used_to_work_as_a_hospital_renovator/,2017-02-11 14:24:24,My father used to work as a hospital renovator He found it very re-ward-ing. ,77,229,8202,1,"Below is an instruction that describes a sentiment analysis task.

### Instruction:
Given the following text, please determine if it should be classified as funny or not funny. Base your classification on humor elements such as wit, irony, absurdity, or comedic timing.

### Input:
My father used to work as a hospital renovator He found it very re-ward-ing. 

### Response:
",Yes
SirMalcolmK,https://old.reddit.com/r/dadjokes/comments/czkcqp/did_you_hear_about_the_cheese_factory_that_blew/,2019-09-04 12:43:25,Did you hear about the cheese factory that blew up in France? There was nothing left but de Brie.,97,27,5811,1,"Below is an instruction that describes a sentiment analysis task.

### Instruction:
Given the following text, please determine if it should be classified as funny or not funny. Base your classification on humor elements such as wit, irony, absurdity, or comedic timing.

### Input:
Did you hear about the cheese factory that blew up in France? There was nothing left but de Brie.

### Response:
",Yes
HonziPonzi,https://old.reddit.com/r/dadjokes/comments/6ibs84/im_never_going_to_let_my_children_listen_to_big/,2017-06-20 04:27:46,I'm never going to let my children listen to big band music... too much violins and sax,87,31,6983,1,"Below is an instruction that describes a sentiment analysis task.

### Instruction:
Given the following text, please determine if it should be classified as funny or not funny. Base your classification on humor elements such as wit, irony, absurdity, or comedic timing.

### Input:
I'm never going to let my children listen to big band music... too much violins and sax

### Response:
",Yes
porichoygupto,https://old.reddit.com/r/dadjokes/comments/dc8v6w/my_printer_for_the_last_10_years_finally_died_on/,2019-10-02 11:27:13,My printer for the last 10 years finally died on me yesterday. It was like a Brother to me.,91,24,8391,1,"Below is an instruction that describes a sentiment analysis task.

### Instruction:
Given the following text, please determine if it should be classified as funny or not funny. Base your classification on humor elements such as wit, irony, absurdity, or comedic timing.

### Input:
My printer for the last 10 years finally died on me yesterday. It was like a Brother to me.

### Response:
",Yes
ftaf,https://old.reddit.com/r/dadjokes/comments/qn1mz4/what_kind_of_cat_is_born_in_a_bakery/,2021-11-05 02:53:13,What variety of cat has a unique birthplace? A bakery-raised cat.,65,1,19439,0,"Below is an instruction that describes a sentiment analysis task.

### Instruction:
Given the following text, please determine if it should be classified as funny or not funny. Base your classification on humor elements such as wit, irony, absurdity, or comedic timing.

### Input:
What variety of cat has a unique birthplace? A bakery-raised cat.

### Response:
",Yes
Shoddy_Juggernaut_11,https://old.reddit.com/r/dadjokes/comments/r1zu59/just_finished_beethovens_unfinished_symphony/,2021-11-25 16:05:38,Just finished Beethoven's Unfinished Symphony. Now I understand the complexity of its composition.,98,1,16679,0,"Below is an instruction that describes a sentiment analysis task.

### Instruction:
Given the following text, please determine if it should be classified as funny or not funny. Base your classification on humor elements such as wit, irony, absurdity, or comedic timing.

### Input:
Just finished Beethoven's Unfinished Symphony. Now I understand the complexity of its composition.

### Response:
",Yes
aurrutia214,https://old.reddit.com/r/dadjokes/comments/7dxte8/i_served_eggs_benedict_on_a_hubcap/,2017-11-19 02:50:58,"I served eggs Benedict on a hubcap, because there's no plate like chrome for the hollandaise.",93,448,9761,1,"Below is an instruction that describes a sentiment analysis task.

### Instruction:
Given the following text, please determine if it should be classified as funny or not funny. Base your classification on humor elements such as wit, irony, absurdity, or comedic timing.

### Input:
I served eggs Benedict on a hubcap, because there's no plate like chrome for the hollandaise.

### Response:
",Yes
BirdLegal,https://old.reddit.com/r/dadjokes/comments/r1g3xw/love_is_in_the_air/,2021-11-24 21:48:08,Love is in the air… It's a wonderful feeling.,45,1,16784,0,"Below is an instruction that describes a sentiment analysis task.

### Instruction:
Given the following text, please determine if it should be classified as funny or not funny. Base your classification on humor elements such as wit, irony, absurdity, or comedic timing.

### Input:
Love is in the air… It's a wonderful feeling.

### Response:
",Yes
porichoygupto,https://old.reddit.com/r/dadjokes/comments/7trdr4/i_always_write_my_dad_jokes_in_capitals/,2018-01-29 10:16:07,"I ALWAYS WRITE MY DAD JOKES IN CAPITALS. This one is written in Washington, DC.",79,34,3645,1,"Below is an instruction that describes a sentiment analysis task.

### Instruction:
Given the following text, please determine if it should be classified as funny or not funny. Base your classification on humor elements such as wit, irony, absurdity, or comedic timing.

### Input:
I ALWAYS WRITE MY DAD JOKES IN CAPITALS. This one is written in Washington, DC.

### Response:
",Yes
Stiffalis420,https://old.reddit.com/r/dadjokes/comments/qtil2m/how_much_does_a_roof_cost/,2021-11-14 05:05:50,How much does a roof cost? Its price is incorporated into the overall cost of the house.,88,1,18223,0,"Below is an instruction that describes a sentiment analysis task.

### Instruction:
Given the following text, please determine if it should be classified as funny or not funny. Base your classification on humor elements such as wit, irony, absurdity, or comedic timing.

### Input:
How much does a roof cost? Its price is incorporated into the overall cost of the house.

### Response:
",No
roguespectre67,https://old.reddit.com/r/dadjokes/comments/4zmzjs/a_nurse_finds_a_rectal_thermometer_in_her_pocket/,2016-08-26 05:15:42,"A nurse finds a rectal thermometer in her pocket... ...and thinks, ""Some asshole has my pen.""",93,2715,1626,1,"Below is an instruction that describes a sentiment analysis task.

### Instruction:
Given the following text, please determine if it should be classified as funny or not funny. Base your classification on humor elements such as wit, irony, absurdity, or comedic timing.

### Input:
A nurse finds a rectal thermometer in her pocket... ...and thinks, ""Some asshole has my pen.""

### Response:
",Yes
I_Fart_Liquids,https://old.reddit.com/r/dadjokes/comments/6smrld/i_killed_the_glove_industry_with_my_bare_hands/,2017-08-09 16:49:36,I killed the glove industry with my bare hands (From /r/gatekeeping ),69,20,120,1,"Below is an instruction that describes a sentiment analysis task.

### Instruction:
Given the following text, please determine if it should be classified as funny or not funny. Base your classification on humor elements such as wit, irony, absurdity, or comedic timing.

### Input:
I killed the glove industry with my bare hands (From /r/gatekeeping )

### Response:
",Yes
darkalan64,https://old.reddit.com/r/dadjokes/comments/g3w4mt/ever_wondered_what_to_say_to_your_sister_when/,2020-04-18 22:10:40,Ever wondered what to say to your sister when she’s crying ? “Are you having a crisis ?”,88,122,10991,1,"Below is an instruction that describes a sentiment analysis task.

### Instruction:
Given the following text, please determine if it should be classified as funny or not funny. Base your classification on humor elements such as wit, irony, absurdity, or comedic timing.

### Input:
Ever wondered what to say to your sister when she’s crying ? “Are you having a crisis ?”

### Response:
",Yes
Bicster,https://old.reddit.com/r/dadjokes/comments/ltuq9l/how_much_does_a_pirate_pay_for_corn/,2021-02-27 18:54:12,How much does a pirate pay for corn? A buccaneer,48,32,6701,1,"Below is an instruction that describes a sentiment analysis task.

### Instruction:
Given the following text, please determine if it should be classified as funny or not funny. Base your classification on humor elements such as wit, irony, absurdity, or comedic timing.

### Input:
How much does a pirate pay for corn? A buccaneer

### Response:
",Yes
Sir_Pluses,https://old.reddit.com/r/dadjokes/comments/qcckph/im_almost_out_of_laundry_detergent/,2021-10-20 22:21:01,I'm almost out of laundry detergent. I hope I have enough to last.,66,1,21772,0,"Below is an instruction that describes a sentiment analysis task.

### Instruction:
Given the following text, please determine if it should be classified as funny or not funny. Base your classification on humor elements such as wit, irony, absurdity, or comedic timing.

### Input:
I'm almost out of laundry detergent. I hope I have enough to last.

### Response:
",Yes
JuliusJustice,https://old.reddit.com/r/dadjokes/comments/d0htya/for_sale/,2019-09-06 15:02:57,"FOR SALE: • George Foreman Grill
• Muhammad Ali DVDs

Both Boxed.",65,20,6350,1,"Below is an instruction that describes a sentiment analysis task.

### Instruction:
Given the following text, please determine if it should be classified as funny or not funny. Base your classification on humor elements such as wit, irony, absurdity, or comedic timing.

### Input:
FOR SALE: • George Foreman Grill
• Muhammad Ali DVDs

Both Boxed.

### Response:
",Yes
acmed,https://old.reddit.com/r/dadjokes/comments/qmsemf/my_friend_is_terrified_snakes_i_asked_him_if_hed/,2021-11-04 19:26:08,My friend is frightened of snakes. He said his fear would remain regardless.,76,1,19488,0,"Below is an instruction that describes a sentiment analysis task.

### Instruction:
Given the following text, please determine if it should be classified as funny or not funny. Base your classification on humor elements such as wit, irony, absurdity, or comedic timing.

### Input:
My friend is frightened of snakes. He said his fear would remain regardless.

### Response:
",Yes
finmertle7,https://old.reddit.com/r/dadjokes/comments/qnvkqj/i_sucked_on_my_wifes_nipple/,2021-11-06 07:52:21,I kissed my wife's forehead... With love.,41,1,19274,0,"Below is an instruction that describes a sentiment analysis task.

### Instruction:
Given the following text, please determine if it should be classified as funny or not funny. Base your classification on humor elements such as wit, irony, absurdity, or comedic timing.

### Input:
I kissed my wife's forehead... With love.

### Response:
",Yes
oeco123,https://old.reddit.com/r/dadjokes/comments/rq16as/my_daughter_asked_me_if_i_had_seen_the_dog_bowl/,2021-12-28 00:01:12,"My daughter asked me if I had seen the dog bowl. I said, “No, have you misplaced it?”",85,1,12238,0,"Below is an instruction that describes a sentiment analysis task.

### Instruction:
Given the following text, please determine if it should be classified as funny or not funny. Base your classification on humor elements such as wit, irony, absurdity, or comedic timing.

### Input:
My daughter asked me if I had seen the dog bowl. I said, “No, have you misplaced it?”

### Response:
",Yes
RageMonster17,https://old.reddit.com/r/dadjokes/comments/b17rdy/whats_white_and_really_bad_a_climbing_trees/,2019-03-14 23:53:32,What’s white and really bad a climbing trees? A refrigerator ,61,35,4685,1,"Below is an instruction that describes a sentiment analysis task.

### Instruction:
Given the following text, please determine if it should be classified as funny or not funny. Base your classification on humor elements such as wit, irony, absurdity, or comedic timing.

### Input:
What’s white and really bad a climbing trees? A refrigerator 

### Response:
",Yes
JabTheHut69,https://old.reddit.com/r/dadjokes/comments/qw9oxo/if_tomb_is_pronounced_as_woom_and_womb_is/,2021-11-17 21:40:39,"If tomb is pronounced as ""toom"" and womb is pronounced as ""woom,"" then why isn't bomb pronounced similarly?",107,1,17668,0,"Below is an instruction that describes a sentiment analysis task.

### Instruction:
Given the following text, please determine if it should be classified as funny or not funny. Base your classification on humor elements such as wit, irony, absurdity, or comedic timing.

### Input:
If tomb is pronounced as ""toom"" and womb is pronounced as ""woom,"" then why isn't bomb pronounced similarly?

### Response:
",Yes
Gil-Gandel,https://old.reddit.com/r/dadjokes/comments/rn4xm8/emergency_workers_have_just_freed_a_man_who_was/,2021-12-23 20:46:52,Emergency workers have just freed a man who was trapped in the machinery at a snow-globe factory. His condition requires further evaluation.,140,1,12844,0,"Below is an instruction that describes a sentiment analysis task.

### Instruction:
Given the following text, please determine if it should be classified as funny or not funny. Base your classification on humor elements such as wit, irony, absurdity, or comedic timing.

### Input:
Emergency workers have just freed a man who was trapped in the machinery at a snow-globe factory. His condition requires further evaluation.

### Response:
",Yes
stefanfection,https://old.reddit.com/r/dadjokes/comments/qv9f85/what_cheesy_haircut_could_you_give_a_baby_deer/,2021-11-16 14:48:48,What hairstyle could you give a young deer? A short trim.,57,1,17888,0,"Below is an instruction that describes a sentiment analysis task.

### Instruction:
Given the following text, please determine if it should be classified as funny or not funny. Base your classification on humor elements such as wit, irony, absurdity, or comedic timing.

### Input:
What hairstyle could you give a young deer? A short trim.

### Response:
",Yes
planemanx15,https://old.reddit.com/r/dadjokes/comments/bw26cs/i_always_use_the_self_checkout/,2019-06-02 20:56:27,I always use the self checkout They always have the cutest cashiers.,68,68,4250,1,"Below is an instruction that describes a sentiment analysis task.

### Instruction:
Given the following text, please determine if it should be classified as funny or not funny. Base your classification on humor elements such as wit, irony, absurdity, or comedic timing.

### Input:
I always use the self checkout They always have the cutest cashiers.

### Response:
",Yes
zazotag,https://old.reddit.com/r/dadjokes/comments/r1chdx/what_did_the_pirate_say_on_his_80th_birthday/,2021-11-24 19:01:25,"What did the man say on his 80th birthday? ""I'm eighty today.""",62,1,16804,0,"Below is an instruction that describes a sentiment analysis task.

### Instruction:
Given the following text, please determine if it should be classified as funny or not funny. Base your classification on humor elements such as wit, irony, absurdity, or comedic timing.

### Input:
What did the man say on his 80th birthday? ""I'm eighty today.""

### Response:
",Yes
TheTFbrewer,https://old.reddit.com/r/dadjokes/comments/qotngy/my_baby_son_had_a_wet_nappy_at_the_motorway/,2021-11-07 17:45:10,"My baby son had a wet nappy at the motorway service station, so I took him to the facilities, and he was more comfortable after being changed.",142,1,19091,0,"Below is an instruction that describes a sentiment analysis task.

### Instruction:
Given the following text, please determine if it should be classified as funny or not funny. Base your classification on humor elements such as wit, irony, absurdity, or comedic timing.

### Input:
My baby son had a wet nappy at the motorway service station, so I took him to the facilities, and he was more comfortable after being changed.

### Response:
",Yes
thrillho333,https://old.reddit.com/r/dadjokes/comments/dnwewj/what_do_you_call_two_egyptian_guys_farting_at_the/,2019-10-27 17:14:16,What do you call two Egyptian guys farting at the same time? Tootincommon,73,189,654,1,"Below is an instruction that describes a sentiment analysis task.

### Instruction:
Given the following text, please determine if it should be classified as funny or not funny. Base your classification on humor elements such as wit, irony, absurdity, or comedic timing.

### Input:
What do you call two Egyptian guys farting at the same time? Tootincommon

### Response:
",Yes
LucianoMercuri__,https://old.reddit.com/r/dadjokes/comments/c41fe5/what_did_the_painter_do_when_it_got_cold/,2019-06-23 09:06:02,What did the painter do when it got cold... He put on another coat,66,349,776,1,"Below is an instruction that describes a sentiment analysis task.

### Instruction:
Given the following text, please determine if it should be classified as funny or not funny. Base your classification on humor elements such as wit, irony, absurdity, or comedic timing.

### Input:
What did the painter do when it got cold... He put on another coat

### Response:
",Yes
cal-nomen-official,https://old.reddit.com/r/dadjokes/comments/b930fy/what_game_does_german_bread_play_during_recess/,2019-04-03 20:09:24,What game does German bread play during recess? Gluten Tag,58,20,8449,1,"Below is an instruction that describes a sentiment analysis task.

### Instruction:
Given the following text, please determine if it should be classified as funny or not funny. Base your classification on humor elements such as wit, irony, absurdity, or comedic timing.

### Input:
What game does German bread play during recess? Gluten Tag

### Response:
",Yes
sBroz410,https://old.reddit.com/r/dadjokes/comments/c9i08g/if_god_had_low_self_esteem_would_that_make_him_an/,2019-07-05 16:33:18,"If God had low self esteem, would that make him an atheist? Because he doesn’t believe in himself",97,92,2703,1,"Below is an instruction that describes a sentiment analysis task.

### Instruction:
Given the following text, please determine if it should be classified as funny or not funny. Base your classification on humor elements such as wit, irony, absurdity, or comedic timing.

### Input:
If God had low self esteem, would that make him an atheist? Because he doesn’t believe in himself

### Response:
",Yes
Komatoasty,https://old.reddit.com/r/dadjokes/comments/rvu5i0/what_does_forrest_gump_think_we_should_name_the/,1/4/2022 13:15,What does Forrest Gump suggest we should name the next generation? A new name.,78,1,11047,0,"Below is an instruction that describes a sentiment analysis task.

### Instruction:
Given the following text, please determine if it should be classified as funny or not funny. Base your classification on humor elements such as wit, irony, absurdity, or comedic timing.

### Input:
What does Forrest Gump suggest we should name the next generation? A new name.

### Response:
",Yes
ObstructedPooh,https://old.reddit.com/r/dadjokes/comments/r02jem/the_black_eyed_peas_can_sing/,2021-11-23 02:25:49,"The black-eyed peas can perform songs, while the chickpeas are great for making dips.",85,1,16987,0,"Below is an instruction that describes a sentiment analysis task.

### Instruction:
Given the following text, please determine if it should be classified as funny or not funny. Base your classification on humor elements such as wit, irony, absurdity, or comedic timing.

### Input:
The black-eyed peas can perform songs, while the chickpeas are great for making dips.

### Response:
",Yes
OK_Compooper,https://old.reddit.com/r/dadjokes/comments/h7yv4r/theyre_demoting_me_from_food_server_to_host/,2020-06-13 02:36:17,They’re demoting me from food server to host starting Monday. I can’t wait.,75,20,5656,1,"Below is an instruction that describes a sentiment analysis task.

### Instruction:
Given the following text, please determine if it should be classified as funny or not funny. Base your classification on humor elements such as wit, irony, absurdity, or comedic timing.

### Input:
They’re demoting me from food server to host starting Monday. I can’t wait.

### Response:
",Yes
eyeleegal,https://old.reddit.com/r/dadjokes/comments/qc0z32/why_does_the_prime_minister_keep_all_the_meetings/,2021-10-20 13:32:44,Why does the Prime Minister schedule all meetings post-noon? Because of his afternoon availability.,99,1,21840,0,"Below is an instruction that describes a sentiment analysis task.

### Instruction:
Given the following text, please determine if it should be classified as funny or not funny. Base your classification on humor elements such as wit, irony, absurdity, or comedic timing.

### Input:
Why does the Prime Minister schedule all meetings post-noon? Because of his afternoon availability.

### Response:
",Yes
Shuihoppy,https://old.reddit.com/r/dadjokes/comments/r2neo9/how_do_bed_bugs_send_their_mail/,2021-11-26 13:23:53,How do insects communicate when they travel? They use whatever means available to them.,87,1,16550,0,"Below is an instruction that describes a sentiment analysis task.

### Instruction:
Given the following text, please determine if it should be classified as funny or not funny. Base your classification on humor elements such as wit, irony, absurdity, or comedic timing.

### Input:
How do insects communicate when they travel? They use whatever means available to them.

### Response:
",Yes
ArtiK_Man,https://old.reddit.com/r/dadjokes/comments/qbxsay/i_really_love_geologists/,2021-10-20 10:30:00,I really appreciate geologists. They have a solid understanding of earth science.,81,1,21859,0,"Below is an instruction that describes a sentiment analysis task.

### Instruction:
Given the following text, please determine if it should be classified as funny or not funny. Base your classification on humor elements such as wit, irony, absurdity, or comedic timing.

### Input:
I really appreciate geologists. They have a solid understanding of earth science.

### Response:
",Yes
VERBERD,https://old.reddit.com/r/dadjokes/comments/lrrvon/a_friend_opened_a_strip_club_called_the_gspot/,2021-02-25 00:36:18,A friend opened a strip club called the G.Spot... It closed after a week as most men couldn't find it.,102,32,6817,1,"Below is an instruction that describes a sentiment analysis task.

### Instruction:
Given the following text, please determine if it should be classified as funny or not funny. Base your classification on humor elements such as wit, irony, absurdity, or comedic timing.

### Input:
A friend opened a strip club called the G.Spot... It closed after a week as most men couldn't find it.

### Response:
",Yes
Admin_Untold,https://old.reddit.com/r/dadjokes/comments/rf95a3/what_do_you_have_if_you_wipe_your_butt_with_a/,2021-12-13 06:24:47,What do you get if you use money inappropriately? Simply wasteful.,66,1,14454,0,"Below is an instruction that describes a sentiment analysis task.

### Instruction:
Given the following text, please determine if it should be classified as funny or not funny. Base your classification on humor elements such as wit, irony, absurdity, or comedic timing.

### Input:
What do you get if you use money inappropriately? Simply wasteful.

### Response:
",Yes
MikuSama39,https://old.reddit.com/r/dadjokes/comments/hwqqty/whats_a_horny_moles_favorite_sweetener/,2020-07-23 23:34:22,Whats a horny mole's favorite sweetener Molasses,48,87,520,1,"Below is an instruction that describes a sentiment analysis task.

### Instruction:
Given the following text, please determine if it should be classified as funny or not funny. Base your classification on humor elements such as wit, irony, absurdity, or comedic timing.

### Input:
Whats a horny mole's favorite sweetener Molasses

### Response:
",Yes
siddeslof,https://old.reddit.com/r/dadjokes/comments/rezgj0/my_wife_told_me_i_should_get_an_award_for/,2021-12-12 22:01:18,"I am often told that I procrastinate, and I acknowledge that it's something I need to work on.",94,1,14515,0,"Below is an instruction that describes a sentiment analysis task.

### Instruction:
Given the following text, please determine if it should be classified as funny or not funny. Base your classification on humor elements such as wit, irony, absurdity, or comedic timing.

### Input:
I am often told that I procrastinate, and I acknowledge that it's something I need to work on.

### Response:
",Yes
erajter,https://old.reddit.com/r/dadjokes/comments/lsltjl/why_are_geologists_always_grumpy/,2021-02-26 00:56:18,Why are geologists always grumpy? Because people take their work for granite.,77,21,6710,1,"Below is an instruction that describes a sentiment analysis task.

### Instruction:
Given the following text, please determine if it should be classified as funny or not funny. Base your classification on humor elements such as wit, irony, absurdity, or comedic timing.

### Input:
Why are geologists always grumpy? Because people take their work for granite.

### Response:
",Yes
qarasaq,https://old.reddit.com/r/dadjokes/comments/qqps5l/i_was_pulled_over_while_driving_with_my_donkey/,2021-11-10 08:29:25,I was pulled over while driving with my donkey because I was exceeding the speed limit.,87,1,18735,0,"Below is an instruction that describes a sentiment analysis task.

### Instruction:
Given the following text, please determine if it should be classified as funny or not funny. Base your classification on humor elements such as wit, irony, absurdity, or comedic timing.

### Input:
I was pulled over while driving with my donkey because I was exceeding the speed limit.

### Response:
",Yes
FireFlavour,https://old.reddit.com/r/dadjokes/comments/r5yel6/what_muscles_do_mushrooms_focus_on_at_the_gym/,2021-11-30 21:50:09,Mushrooms develop by expanding their mycelium.,46,1,15941,0,"Below is an instruction that describes a sentiment analysis task.

### Instruction:
Given the following text, please determine if it should be classified as funny or not funny. Base your classification on humor elements such as wit, irony, absurdity, or comedic timing.

### Input:
Mushrooms develop by expanding their mycelium.

### Response:
",No
DILLIGAFF420,https://old.reddit.com/r/dadjokes/comments/qvhg0i/why_cant_you_hear_a_pterodactyl_in_the_bathroom/,2021-11-16 20:36:29,"Why might you not notice a pterodactyl in the bathroom? It's an extinct creature, so this situation is unlikely.",112,1,17847,0,"Below is an instruction that describes a sentiment analysis task.

### Instruction:
Given the following text, please determine if it should be classified as funny or not funny. Base your classification on humor elements such as wit, irony, absurdity, or comedic timing.

### Input:
Why might you not notice a pterodactyl in the bathroom? It's an extinct creature, so this situation is unlikely.

### Response:
",Yes
Wacey166,https://old.reddit.com/r/dadjokes/comments/qwywm6/whats_orange_and_sounds_like_a_parrot/,2021-11-18 20:33:27,What’s orange and resembles a parrot? A carrot.,47,1,17520,0,"Below is an instruction that describes a sentiment analysis task.

### Instruction:
Given the following text, please determine if it should be classified as funny or not funny. Base your classification on humor elements such as wit, irony, absurdity, or comedic timing.

### Input:
What’s orange and resembles a parrot? A carrot.

### Response:
",Yes
Wisd_Om,https://old.reddit.com/r/dadjokes/comments/qwgpai/what_did_google_chrome_do/,2021-11-18 03:37:09,What did Google Chrome do? It updated to a new version.,55,1,17640,0,"Below is an instruction that describes a sentiment analysis task.

### Instruction:
Given the following text, please determine if it should be classified as funny or not funny. Base your classification on humor elements such as wit, irony, absurdity, or comedic timing.

### Input:
What did Google Chrome do? It updated to a new version.

### Response:
",Yes
Envoyager,https://old.reddit.com/r/dadjokes/comments/qywde1/what_does_a_clock_do_when_its_hungry/,2021-11-21 14:43:03,What does a clock do when it's fully wound? Keeps precise time.,63,1,17190,0,"Below is an instruction that describes a sentiment analysis task.

### Instruction:
Given the following text, please determine if it should be classified as funny or not funny. Base your classification on humor elements such as wit, irony, absurdity, or comedic timing.

### Input:
What does a clock do when it's fully wound? Keeps precise time.

### Response:
",Yes
LEGOF,https://old.reddit.com/r/dadjokes/comments/825x1s/not_only_does_it_make_sense_to_get_a_job_as_an/,2018-03-05 13:29:34,Not only does it make sense to get a job as an adult It makes dollars. ,71,47,6686,1,"Below is an instruction that describes a sentiment analysis task.

### Instruction:
Given the following text, please determine if it should be classified as funny or not funny. Base your classification on humor elements such as wit, irony, absurdity, or comedic timing.

### Input:
Not only does it make sense to get a job as an adult It makes dollars. 

### Response:
",Yes
Nightrifterino,https://old.reddit.com/r/dadjokes/comments/7u2269/why_did_the_new_programmer_wear_glasses/,2018-01-30 16:10:46,Why did the new programmer wear glasses? Because he couldn't C#,63,42,6875,1,"Below is an instruction that describes a sentiment analysis task.

### Instruction:
Given the following text, please determine if it should be classified as funny or not funny. Base your classification on humor elements such as wit, irony, absurdity, or comedic timing.

### Input:
Why did the new programmer wear glasses? Because he couldn't C#

### Response:
",Yes
Nefarity,https://old.reddit.com/r/dadjokes/comments/re2h98/i_work_in_a_warehouse_operating_a_forklift/,2021-12-11 15:50:49,"I work in a warehouse, often handling different tasks.",54,1,14724,0,"Below is an instruction that describes a sentiment analysis task.

### Instruction:
Given the following text, please determine if it should be classified as funny or not funny. Base your classification on humor elements such as wit, irony, absurdity, or comedic timing.

### Input:
I work in a warehouse, often handling different tasks.

### Response:
",No
mike117uk,https://old.reddit.com/r/dadjokes/comments/rp59m6/useless_fact/,2021-12-26 20:43:52,"*interesting fact*
Fire trucks are equipped to carry and dispense water.",72,1,12406,0,"Below is an instruction that describes a sentiment analysis task.

### Instruction:
Given the following text, please determine if it should be classified as funny or not funny. Base your classification on humor elements such as wit, irony, absurdity, or comedic timing.

### Input:
*interesting fact*
Fire trucks are equipped to carry and dispense water.

### Response:
",Yes
thephillatioeperinc,https://old.reddit.com/r/dadjokes/comments/r9w7ux/why_did_the_crocodile_visit_the_doctor/,2021-12-06 02:29:19,Why did the crocodile visit the doctor? He wasn't feeling well.,63,1,15247,0,"Below is an instruction that describes a sentiment analysis task.

### Instruction:
Given the following text, please determine if it should be classified as funny or not funny. Base your classification on humor elements such as wit, irony, absurdity, or comedic timing.

### Input:
Why did the crocodile visit the doctor? He wasn't feeling well.

### Response:
",Yes
atom644,https://old.reddit.com/r/dadjokes/comments/biv8ey/why_did_the_snail_paint_the_letter_s_on_his_new/,2019-04-29 21:48:15,"Why did the snail paint the letter ‘S’ on his new Ferrari? So everyone would see him driving and say

“Look at that escargot!”",126,27,10713,1,"Below is an instruction that describes a sentiment analysis task.

### Instruction:
Given the following text, please determine if it should be classified as funny or not funny. Base your classification on humor elements such as wit, irony, absurdity, or comedic timing.

### Input:
Why did the snail paint the letter ‘S’ on his new Ferrari? So everyone would see him driving and say

“Look at that escargot!”

### Response:
",Yes
Bigfoothobbit,https://old.reddit.com/r/dadjokes/comments/ccheia/dad_uses_a_cow_to_keep_the_lawns_under_control/,2019-07-12 22:09:37,Dad uses a cow to keep the lawns under control He calls it his lawn mooer.,74,30,3671,1,"Below is an instruction that describes a sentiment analysis task.

### Instruction:
Given the following text, please determine if it should be classified as funny or not funny. Base your classification on humor elements such as wit, irony, absurdity, or comedic timing.

### Input:
Dad uses a cow to keep the lawns under control He calls it his lawn mooer.

### Response:
",Yes
VacantCake,https://old.reddit.com/r/dadjokes/comments/qtmysh/whats_a_dogs_favorite_late_night_host/,2021-11-14 10:17:45,"A tragic event occurred on a submarine, leading to a significant loss of life.",78,1,18202,0,"Below is an instruction that describes a sentiment analysis task.

### Instruction:
Given the following text, please determine if it should be classified as funny or not funny. Base your classification on humor elements such as wit, irony, absurdity, or comedic timing.

### Input:
A tragic event occurred on a submarine, leading to a significant loss of life.

### Response:
",Yes
TheSoapmaker9,https://old.reddit.com/r/dadjokes/comments/b4teld/february_22nd_2022_22222_falls_on_a_tuesday/,2019-03-24 06:39:42,February 22nd 2022 (2/22/22) falls on a tuesday. Guess we could call that the 2s day,84,27,9301,1,"Below is an instruction that describes a sentiment analysis task.

### Instruction:
Given the following text, please determine if it should be classified as funny or not funny. Base your classification on humor elements such as wit, irony, absurdity, or comedic timing.

### Input:
February 22nd 2022 (2/22/22) falls on a tuesday. Guess we could call that the 2s day

### Response:
",Yes
jwc8985,https://old.reddit.com/r/dadjokes/comments/r0ftvx/how_can_you_tell_if_a_guy_singing_karaoke_is_a/,2021-11-23 15:34:30,How can you identify a plumber at karaoke? You might notice him adjusting his pitch.,84,1,16934,0,"Below is an instruction that describes a sentiment analysis task.

### Instruction:
Given the following text, please determine if it should be classified as funny or not funny. Base your classification on humor elements such as wit, irony, absurdity, or comedic timing.

### Input:
How can you identify a plumber at karaoke? You might notice him adjusting his pitch.

### Response:
",Yes
BeenEatinBeans,https://old.reddit.com/r/dadjokes/comments/r0g2r5/ive_recently_taken_a_job_as_a_triangle_player_in/,2021-11-23 15:45:37,I’ve recently taken a job as a musician in a reggae band. I contribute to the percussion section.,97,1,16932,0,"Below is an instruction that describes a sentiment analysis task.

### Instruction:
Given the following text, please determine if it should be classified as funny or not funny. Base your classification on humor elements such as wit, irony, absurdity, or comedic timing.

### Input:
I’ve recently taken a job as a musician in a reggae band. I contribute to the percussion section.

### Response:
",Yes
PhilboDavins,https://old.reddit.com/r/dadjokes/comments/7atj8r/why_do_programmers_always_mix_up_halloween_and/,2017-11-04 21:47:48,Why do programmers always mix up Halloween and Christmas? Because Oct 31 equals Dec 25,86,21,3302,1,"Below is an instruction that describes a sentiment analysis task.

### Instruction:
Given the following text, please determine if it should be classified as funny or not funny. Base your classification on humor elements such as wit, irony, absurdity, or comedic timing.

### Input:
Why do programmers always mix up Halloween and Christmas? Because Oct 31 equals Dec 25

### Response:
",Yes
winkelschleifer,https://old.reddit.com/r/dadjokes/comments/rk3nkq/i_made_a_list_of_all_the_people_i_hate_but_my/,2021-12-19 19:22:53,"I made a list of all the tasks I need to address, but it was misplaced.",71,1,13467,0,"Below is an instruction that describes a sentiment analysis task.

### Instruction:
Given the following text, please determine if it should be classified as funny or not funny. Base your classification on humor elements such as wit, irony, absurdity, or comedic timing.

### Input:
I made a list of all the tasks I need to address, but it was misplaced.

### Response:
",Yes
Actuaryba,https://old.reddit.com/r/dadjokes/comments/rdo632/what_do_you_call_it_when_you_watch_a_donkey_fart/,2021-12-11 01:27:49,What do you call it when you witness a donkey expel gas? Just a natural occurrence.,83,1,14796,0,"Below is an instruction that describes a sentiment analysis task.

### Instruction:
Given the following text, please determine if it should be classified as funny or not funny. Base your classification on humor elements such as wit, irony, absurdity, or comedic timing.

### Input:
What do you call it when you witness a donkey expel gas? Just a natural occurrence.

### Response:
",Yes
i_mine_at_night,https://old.reddit.com/r/dadjokes/comments/cru8tu/why_do_you_never_see_elephants_hiding_in_trees/,2019-08-18 00:21:21,Why do you never see elephants hiding in trees? Because they are so good at it,78,58,3710,1,"Below is an instruction that describes a sentiment analysis task.

### Instruction:
Given the following text, please determine if it should be classified as funny or not funny. Base your classification on humor elements such as wit, irony, absurdity, or comedic timing.

### Input:
Why do you never see elephants hiding in trees? Because they are so good at it

### Response:
",Yes
floof_sheep,https://old.reddit.com/r/dadjokes/comments/c7jnud/what_do_you_call_a_lobster_thats_afraid_of_tight/,2019-06-30 21:13:19,What do you call a lobster that's afraid of tight spaces? Claw-strophobic,73,22,1047,1,"Below is an instruction that describes a sentiment analysis task.

### Instruction:
Given the following text, please determine if it should be classified as funny or not funny. Base your classification on humor elements such as wit, irony, absurdity, or comedic timing.

### Input:
What do you call a lobster that's afraid of tight spaces? Claw-strophobic

### Response:
",Yes
TheKris11,https://old.reddit.com/r/dadjokes/comments/cofjxs/whats_blue_and_not_very_heavy/,2019-08-10 08:31:54,What’s blue and not very heavy? Light blue,42,269,3000,1,"Below is an instruction that describes a sentiment analysis task.

### Instruction:
Given the following text, please determine if it should be classified as funny or not funny. Base your classification on humor elements such as wit, irony, absurdity, or comedic timing.

### Input:
What’s blue and not very heavy? Light blue

### Response:
",Yes
Switz_R,https://old.reddit.com/r/dadjokes/comments/ddfw59/calcium_is_the_best_element/,2019-10-05 00:09:40,Calcium is the best element. I don’t know why... I just feel it in my bones.,76,46,3739,1,"Below is an instruction that describes a sentiment analysis task.

### Instruction:
Given the following text, please determine if it should be classified as funny or not funny. Base your classification on humor elements such as wit, irony, absurdity, or comedic timing.

### Input:
Calcium is the best element. I don’t know why... I just feel it in my bones.

### Response:
",Yes
rifleman209,https://old.reddit.com/r/dadjokes/comments/roijvp/merry_christmas_mom_where_is_eliot/,2021-12-25 22:08:25,"Merry Christmas, Mom! Where is Eliot? He's missing.",51,1,12546,0,"Below is an instruction that describes a sentiment analysis task.

### Instruction:
Given the following text, please determine if it should be classified as funny or not funny. Base your classification on humor elements such as wit, irony, absurdity, or comedic timing.

### Input:
Merry Christmas, Mom! Where is Eliot? He's missing.

### Response:
",Yes
FourBloodMoons,https://old.reddit.com/r/dadjokes/comments/rb7t2m/what_do_santas_elves_listen_to_in_the_workshop/,2021-12-07 19:50:01,What do Santa’s elves listen to in the workshop? Wrap music.,60,28,4946,1,"Below is an instruction that describes a sentiment analysis task.

### Instruction:
Given the following text, please determine if it should be classified as funny or not funny. Base your classification on humor elements such as wit, irony, absurdity, or comedic timing.

### Input:
What do Santa’s elves listen to in the workshop? Wrap music.

### Response:
",Yes
Blackboyjesse,https://old.reddit.com/r/dadjokes/comments/o0dxh3/how_do_you_call_a_314_meter_long_snake/,2021-06-15 13:06:54,How do you call a 3.14 meter long snake? A π-thon,49,25,8569,1,"Below is an instruction that describes a sentiment analysis task.

### Instruction:
Given the following text, please determine if it should be classified as funny or not funny. Base your classification on humor elements such as wit, irony, absurdity, or comedic timing.

### Input:
How do you call a 3.14 meter long snake? A π-thon

### Response:
",Yes
drockffs,https://old.reddit.com/r/dadjokes/comments/avpixf/what_do_you_call_a_dentists_personal_ship/,2019-02-28 10:14:51,What do you call a dentist's personal ship? A tooth ferry.,58,26,2316,1,"Below is an instruction that describes a sentiment analysis task.

### Instruction:
Given the following text, please determine if it should be classified as funny or not funny. Base your classification on humor elements such as wit, irony, absurdity, or comedic timing.

### Input:
What do you call a dentist's personal ship? A tooth ferry.

### Response:
",Yes
sizzlingmaniac69,https://old.reddit.com/r/dadjokes/comments/cvroua/what_do_you_call_a_hippys_wife/,2019-08-26 18:05:34,What do you call a Hippy’s wife? Mississippi,44,28,8582,1,"Below is an instruction that describes a sentiment analysis task.

### Instruction:
Given the following text, please determine if it should be classified as funny or not funny. Base your classification on humor elements such as wit, irony, absurdity, or comedic timing.

### Input:
What do you call a Hippy’s wife? Mississippi

### Response:
",Yes
henzhou,https://old.reddit.com/r/dadjokes/comments/6fq012/there_are_so_many_advantages_to_living_in/,2017-06-07 00:33:37,"There are so many advantages to living in Switzerland. For starters, their flag is a big plus. ",95,21,10331,1,"Below is an instruction that describes a sentiment analysis task.

### Instruction:
Given the following text, please determine if it should be classified as funny or not funny. Base your classification on humor elements such as wit, irony, absurdity, or comedic timing.

### Input:
There are so many advantages to living in Switzerland. For starters, their flag is a big plus. 

### Response:
",Yes
greggy_rabs,https://old.reddit.com/r/dadjokes/comments/cvmcwr/i_told_my_psychiatrist_i_felt_like_a_dog/,2019-08-26 10:44:35,I told my psychiatrist I felt like a dog. He told me to get off the couch.,74,22,2382,1,"Below is an instruction that describes a sentiment analysis task.

### Instruction:
Given the following text, please determine if it should be classified as funny or not funny. Base your classification on humor elements such as wit, irony, absurdity, or comedic timing.

### Input:
I told my psychiatrist I felt like a dog. He told me to get off the couch.

### Response:
",Yes
Quint_Cordewener,https://old.reddit.com/r/dadjokes/comments/bygzxe/i_asked_a_frenchman_if_he_played_video_games/,2019-06-09 05:22:12,I asked a frenchman if he played video games. He said “Wii”.,60,60,10168,1,"Below is an instruction that describes a sentiment analysis task.

### Instruction:
Given the following text, please determine if it should be classified as funny or not funny. Base your classification on humor elements such as wit, irony, absurdity, or comedic timing.

### Input:
I asked a frenchman if he played video games. He said “Wii”.

### Response:
",Yes
Frank-Dr3bin,https://old.reddit.com/r/dadjokes/comments/rm38ix/heard_the_one_about_the_ants_crawling_up_my_shin/,2021-12-22 11:23:00,Did you hear about the ants that were climbing up my leg? It's quite a nuisance!,80,1,13065,0,"Below is an instruction that describes a sentiment analysis task.

### Instruction:
Given the following text, please determine if it should be classified as funny or not funny. Base your classification on humor elements such as wit, irony, absurdity, or comedic timing.

### Input:
Did you hear about the ants that were climbing up my leg? It's quite a nuisance!

### Response:
",Yes
kryokrohnik,https://old.reddit.com/r/dadjokes/comments/r4h7m3/what_did_yoda_say_when_he_saw_himself_in_high/,2021-11-28 23:15:53,What might Yoda have commented on seeing high-quality technology? A remark on the clarity of the image.,103,1,16225,0,"Below is an instruction that describes a sentiment analysis task.

### Instruction:
Given the following text, please determine if it should be classified as funny or not funny. Base your classification on humor elements such as wit, irony, absurdity, or comedic timing.

### Input:
What might Yoda have commented on seeing high-quality technology? A remark on the clarity of the image.

### Response:
",Yes
shadowfax1138,https://old.reddit.com/r/dadjokes/comments/rqt30d/what_did_the_undertaker_say_when_the_car_broke/,2021-12-28 23:37:25,"During a car breakdown at a funeral, the undertaker was concerned it might impact the service.",94,1,12108,0,"Below is an instruction that describes a sentiment analysis task.

### Instruction:
Given the following text, please determine if it should be classified as funny or not funny. Base your classification on humor elements such as wit, irony, absurdity, or comedic timing.

### Input:
During a car breakdown at a funeral, the undertaker was concerned it might impact the service.

### Response:
",Yes
NINJAQKk,https://old.reddit.com/r/dadjokes/comments/dksvut/i_got_shoes_from_a_drug_dealer_once/,2019-10-21 01:03:10,"I got shoes from a drug dealer once I don't know what he laced them with, but I was tripping all day.",101,20,5053,1,"Below is an instruction that describes a sentiment analysis task.

### Instruction:
Given the following text, please determine if it should be classified as funny or not funny. Base your classification on humor elements such as wit, irony, absurdity, or comedic timing.

### Input:
I got shoes from a drug dealer once I don't know what he laced them with, but I was tripping all day.

### Response:
",Yes
WickershamBrotha,https://old.reddit.com/r/dadjokes/comments/c71aa0/what_are_the_chocolate_bars_preferred_pronouns/,2019-06-29 16:33:31,What are the chocolate bar's preferred pronouns? Her-She,56,38,8767,1,"Below is an instruction that describes a sentiment analysis task.

### Instruction:
Given the following text, please determine if it should be classified as funny or not funny. Base your classification on humor elements such as wit, irony, absurdity, or comedic timing.

### Input:
What are the chocolate bar's preferred pronouns? Her-She

### Response:
",Yes
kaulmejitesh,https://old.reddit.com/r/dadjokes/comments/92z06k/what_did_jayz_call_his_girlfriend_before_they_got/,2018-07-29 23:20:20,What did Jay-Z call his girlfriend before they got married? Feyoncé,67,6883,1799,1,"Below is an instruction that describes a sentiment analysis task.

### Instruction:
Given the following text, please determine if it should be classified as funny or not funny. Base your classification on humor elements such as wit, irony, absurdity, or comedic timing.

### Input:
What did Jay-Z call his girlfriend before they got married? Feyoncé

### Response:
",Yes
balxy,https://old.reddit.com/r/dadjokes/comments/rotygg/what_do_fence_builders_write_online/,2021-12-26 09:52:29,What do fence builders do on the internet? They share information.,66,1,12474,0,"Below is an instruction that describes a sentiment analysis task.

### Instruction:
Given the following text, please determine if it should be classified as funny or not funny. Base your classification on humor elements such as wit, irony, absurdity, or comedic timing.

### Input:
What do fence builders do on the internet? They share information.

### Response:
",Yes
Onegodoneloveoneway,https://old.reddit.com/r/dadjokes/comments/95kfp3/my_favourite_hobby_is_shredding_herbs/,2018-08-08 09:12:21,My favourite hobby is shredding herbs I have a grate thyme. ,60,37,3830,1,"Below is an instruction that describes a sentiment analysis task.

### Instruction:
Given the following text, please determine if it should be classified as funny or not funny. Base your classification on humor elements such as wit, irony, absurdity, or comedic timing.

### Input:
My favourite hobby is shredding herbs I have a grate thyme. 

### Response:
",Yes
TinzaX,https://old.reddit.com/r/dadjokes/comments/d90tqx/do_you_know_why_the_amount_of_traffic_accidents/,2019-09-25 09:25:00,Do you know why the amount of traffic accidents is so high in Washington? Because the people there can't Seattle.,113,20,5732,1,"Below is an instruction that describes a sentiment analysis task.

### Instruction:
Given the following text, please determine if it should be classified as funny or not funny. Base your classification on humor elements such as wit, irony, absurdity, or comedic timing.

### Input:
Do you know why the amount of traffic accidents is so high in Washington? Because the people there can't Seattle.

### Response:
",Yes
yomommafool,https://old.reddit.com/r/dadjokes/comments/qrrwrs/if_jesus_was_real_they_wouldnt_call_it_the/,2021-11-11 18:41:37,"If historical events were widely accepted, they wouldn't be called legends; they would be called documented facts.",114,1,18563,0,"Below is an instruction that describes a sentiment analysis task.

### Instruction:
Given the following text, please determine if it should be classified as funny or not funny. Base your classification on humor elements such as wit, irony, absurdity, or comedic timing.

### Input:
If historical events were widely accepted, they wouldn't be called legends; they would be called documented facts.

### Response:
",Yes
Truck-Tasty,https://old.reddit.com/r/dadjokes/comments/rmtrwa/a_piece_of_string_walks_into_a_bar_barman_asks/,2021-12-23 11:32:42,"A piece of string walks into a bar and the bartender asks, ""Are you a piece of string?"" No, it replied.",103,1,12935,0,"Below is an instruction that describes a sentiment analysis task.

### Instruction:
Given the following text, please determine if it should be classified as funny or not funny. Base your classification on humor elements such as wit, irony, absurdity, or comedic timing.

### Input:
A piece of string walks into a bar and the bartender asks, ""Are you a piece of string?"" No, it replied.

### Response:
",Yes
OmegaLiquidX,https://old.reddit.com/r/dadjokes/comments/qfzdtk/but_you_guys_didnt_like_it/,2021-10-26 05:21:22,I was going to share my thoughts about time travel.,51,1,20795,0,"Below is an instruction that describes a sentiment analysis task.

### Instruction:
Given the following text, please determine if it should be classified as funny or not funny. Base your classification on humor elements such as wit, irony, absurdity, or comedic timing.

### Input:
I was going to share my thoughts about time travel.

### Response:
",Yes
Shaftdriven73,https://old.reddit.com/r/dadjokes/comments/dcpxz1/i_was_going_to_jump_rope_for_exercise_this_am/,2019-10-03 12:06:33,I was going to jump rope for exercise this am But I ended up skipping it,72,27,3630,1,"Below is an instruction that describes a sentiment analysis task.

### Instruction:
Given the following text, please determine if it should be classified as funny or not funny. Base your classification on humor elements such as wit, irony, absurdity, or comedic timing.

### Input:
I was going to jump rope for exercise this am But I ended up skipping it

### Response:
",Yes
Tinnber,https://old.reddit.com/r/dadjokes/comments/qhm0fw/i_asked_the_car_salesman_cargo_space/,2021-10-28 12:34:00,"I asked the car salesman, 'cargo space?' He clarified, 'This is the storage area for the vehicle.'",98,1,20457,0,"Below is an instruction that describes a sentiment analysis task.

### Instruction:
Given the following text, please determine if it should be classified as funny or not funny. Base your classification on humor elements such as wit, irony, absurdity, or comedic timing.

### Input:
I asked the car salesman, 'cargo space?' He clarified, 'This is the storage area for the vehicle.'

### Response:
",Yes
HeteroSexualNormie,https://old.reddit.com/r/dadjokes/comments/cal2os/youre_gonna_need_to_read_this_a_few_times/,2019-07-08 13:32:44,"You're gonna need to read this a few times Shout out to people wondering what the opposite of ""in"" is.",102,68,5321,1,"Below is an instruction that describes a sentiment analysis task.

### Instruction:
Given the following text, please determine if it should be classified as funny or not funny. Base your classification on humor elements such as wit, irony, absurdity, or comedic timing.

### Input:
You're gonna need to read this a few times Shout out to people wondering what the opposite of ""in"" is.

### Response:
",Yes
ujaku,https://old.reddit.com/r/dadjokes/comments/5gxbr5/overwatch_on_twitter_with_the_knee_slapper/,2016-12-07 02:36:08,Overwatch on Twitter with the knee slapper [Thanks Dad](http://i.imgur.com/IiApgXf.png),87,23,5807,1,"Below is an instruction that describes a sentiment analysis task.

### Instruction:
Given the following text, please determine if it should be classified as funny or not funny. Base your classification on humor elements such as wit, irony, absurdity, or comedic timing.

### Input:
Overwatch on Twitter with the knee slapper [Thanks Dad](http://i.imgur.com/IiApgXf.png)

### Response:
",Yes
rf152,https://old.reddit.com/r/dadjokes/comments/qqex6c/i_heard_the_ceo_of_ikea_has_been_made_prime/,2021-11-09 22:21:23,I heard the CEO of IKEA has been elected prime minister of Sweden. He's now responsible for national affairs.,109,1,18784,0,"Below is an instruction that describes a sentiment analysis task.

### Instruction:
Given the following text, please determine if it should be classified as funny or not funny. Base your classification on humor elements such as wit, irony, absurdity, or comedic timing.

### Input:
I heard the CEO of IKEA has been elected prime minister of Sweden. He's now responsible for national affairs.

### Response:
",Yes
Charles_Deetz,https://old.reddit.com/r/dadjokes/comments/dmj97r/im_such_a_nerd_i_put_numbers_on_my_bathroom_door/,2019-10-24 16:58:03,"I'm such a nerd, I put numbers on my bathroom door ... That's my IP address!",76,22,9574,1,"Below is an instruction that describes a sentiment analysis task.

### Instruction:
Given the following text, please determine if it should be classified as funny or not funny. Base your classification on humor elements such as wit, irony, absurdity, or comedic timing.

### Input:
I'm such a nerd, I put numbers on my bathroom door ... That's my IP address!

### Response:
",Yes
pelaantuuba,https://old.reddit.com/r/dadjokes/comments/rakkit/new_study_shows_taking_viagra_reduced_chance_of/,2021-12-06 23:14:14,New study indicates taking specific medication may have benefits for memory retention.,86,1,15111,0,"Below is an instruction that describes a sentiment analysis task.

### Instruction:
Given the following text, please determine if it should be classified as funny or not funny. Base your classification on humor elements such as wit, irony, absurdity, or comedic timing.

### Input:
New study indicates taking specific medication may have benefits for memory retention.

### Response:
",Yes
rhiania1319,https://old.reddit.com/r/dadjokes/comments/70t288/my_13_year_old_got_me_with_this_one/,2017-09-18 05:47:21,"My 13 year old got me with this one 13: I need a new butt.

Me: what? Why?

13: mine has a crack in it.",103,234,563,1,"Below is an instruction that describes a sentiment analysis task.

### Instruction:
Given the following text, please determine if it should be classified as funny or not funny. Base your classification on humor elements such as wit, irony, absurdity, or comedic timing.

### Input:
My 13 year old got me with this one 13: I need a new butt.

Me: what? Why?

13: mine has a crack in it.

### Response:
",Yes
gamingpron0t,https://old.reddit.com/r/dadjokes/comments/9ics9b/what_do_you_call_nikki_minajs_butt_crack/,2018-09-23 22:57:19,What do you call Nikki Minaj’s butt crack? Silicon Valley.,58,4770,1331,1,"Below is an instruction that describes a sentiment analysis task.

### Instruction:
Given the following text, please determine if it should be classified as funny or not funny. Base your classification on humor elements such as wit, irony, absurdity, or comedic timing.

### Input:
What do you call Nikki Minaj’s butt crack? Silicon Valley.

### Response:
",Yes
slvyr,https://old.reddit.com/r/dadjokes/comments/4yp8x0/i_just_spent_a_few_minutes_complaining_about/,2016-08-20 14:21:19,I just spent a few minutes complaining about people who smell bad. It was a deodor-rant. ,89,140,1006,1,"Below is an instruction that describes a sentiment analysis task.

### Instruction:
Given the following text, please determine if it should be classified as funny or not funny. Base your classification on humor elements such as wit, irony, absurdity, or comedic timing.

### Input:
I just spent a few minutes complaining about people who smell bad. It was a deodor-rant. 

### Response:
",Yes
Skythe16,https://old.reddit.com/r/dadjokes/comments/70a3fc/why_do_seagulls_fly_over_the_sea/,2017-09-15 14:15:01,Why do seagulls fly over the sea? Cause if they flew over the bay they would be bagels ,87,89,7121,1,"Below is an instruction that describes a sentiment analysis task.

### Instruction:
Given the following text, please determine if it should be classified as funny or not funny. Base your classification on humor elements such as wit, irony, absurdity, or comedic timing.

### Input:
Why do seagulls fly over the sea? Cause if they flew over the bay they would be bagels 

### Response:
",Yes
summerfr33ze,https://old.reddit.com/r/dadjokes/comments/qxqwu6/my_girlfriend_was_just_looking_for_her_muffin_pan/,2021-11-19 22:13:38,My girlfriend was looking for her muffin pan and I said it was in the kitchen cabinet.,86,1,17374,0,"Below is an instruction that describes a sentiment analysis task.

### Instruction:
Given the following text, please determine if it should be classified as funny or not funny. Base your classification on humor elements such as wit, irony, absurdity, or comedic timing.

### Input:
My girlfriend was looking for her muffin pan and I said it was in the kitchen cabinet.

### Response:
",Yes
gt0t,https://old.reddit.com/r/dadjokes/comments/7w523a/my_first_girlfriend_was_a_tennis_player_but_she/,2018-02-08 14:16:42,My first girlfriend was a tennis player but she broke my heart. It was like love meant nothing to her.,102,645,9807,1,"Below is an instruction that describes a sentiment analysis task.

### Instruction:
Given the following text, please determine if it should be classified as funny or not funny. Base your classification on humor elements such as wit, irony, absurdity, or comedic timing.

### Input:
My first girlfriend was a tennis player but she broke my heart. It was like love meant nothing to her.

### Response:
",Yes
jistresdidit,https://old.reddit.com/r/dadjokes/comments/rjq703/my_son_was_in_the_kitchen_singing_into_a_spoon/,2021-12-19 05:52:17,My son was in the kitchen singing into a spoon. I suggested he try a different hobby.,85,1,13548,0,"Below is an instruction that describes a sentiment analysis task.

### Instruction:
Given the following text, please determine if it should be classified as funny or not funny. Base your classification on humor elements such as wit, irony, absurdity, or comedic timing.

### Input:
My son was in the kitchen singing into a spoon. I suggested he try a different hobby.

### Response:
",Yes
porichoygupto,https://old.reddit.com/r/dadjokes/comments/7ydb4q/the_person_that_came_up_with_nothing_is/,2018-02-18 09:24:35,The person that came up with “Nothing is impossible” is wrong. I’ve successfully done nothing all weekend.,106,47,10977,1,"Below is an instruction that describes a sentiment analysis task.

### Instruction:
Given the following text, please determine if it should be classified as funny or not funny. Base your classification on humor elements such as wit, irony, absurdity, or comedic timing.

### Input:
The person that came up with “Nothing is impossible” is wrong. I’ve successfully done nothing all weekend.

### Response:
",Yes
kaosjester,https://old.reddit.com/r/dadjokes/comments/dc4xxt/my_wife_is_having_cants_donts_and_wonts/,2019-10-02 03:47:48,"My wife is having can'ts, don'ts, and won'ts In other words, she's having contractions!",87,24,546,1,"Below is an instruction that describes a sentiment analysis task.

### Instruction:
Given the following text, please determine if it should be classified as funny or not funny. Base your classification on humor elements such as wit, irony, absurdity, or comedic timing.

### Input:
My wife is having can'ts, don'ts, and won'ts In other words, she's having contractions!

### Response:
",Yes
twistyturtles,https://old.reddit.com/r/dadjokes/comments/hklc7g/friend_1_so_hows_your_long_distance_relationship/,2020-07-03 15:45:12,"Friend 1: So how’s your long distance relationship going? Friend 2: So far, so good",83,20,11005,1,"Below is an instruction that describes a sentiment analysis task.

### Instruction:
Given the following text, please determine if it should be classified as funny or not funny. Base your classification on humor elements such as wit, irony, absurdity, or comedic timing.

### Input:
Friend 1: So how’s your long distance relationship going? Friend 2: So far, so good

### Response:
",Yes
Sir_Pluses,https://old.reddit.com/r/dadjokes/comments/qbfbpu/soup_is_flying_off_the_shelves_at_the_grocery/,2021-10-19 16:37:44,Soup is popular at the grocery store. People are buying it frequently.,70,1,21967,0,"Below is an instruction that describes a sentiment analysis task.

### Instruction:
Given the following text, please determine if it should be classified as funny or not funny. Base your classification on humor elements such as wit, irony, absurdity, or comedic timing.

### Input:
Soup is popular at the grocery store. People are buying it frequently.

### Response:
",Yes
Firegoat1,https://old.reddit.com/r/dadjokes/comments/r8kbks/the_personalized_license_plate/,2021-12-04 07:25:38,"A man walks into a bar and orders a beer. ""I finally got a custom license plate for my black Jeep,"" he tells the bartender.",123,1,15485,0,"Below is an instruction that describes a sentiment analysis task.

### Instruction:
Given the following text, please determine if it should be classified as funny or not funny. Base your classification on humor elements such as wit, irony, absurdity, or comedic timing.

### Input:
A man walks into a bar and orders a beer. ""I finally got a custom license plate for my black Jeep,"" he tells the bartender.

### Response:
",Yes
eltegs,https://old.reddit.com/r/dadjokes/comments/7wp8nr/doctor_gave_me_3_months_to_live/,2018-02-10 23:53:21,"Doctor gave me 3 months to live. I couldn't pay the bill, so he gave me another month.",86,45,3804,1,"Below is an instruction that describes a sentiment analysis task.

### Instruction:
Given the following text, please determine if it should be classified as funny or not funny. Base your classification on humor elements such as wit, irony, absurdity, or comedic timing.

### Input:
Doctor gave me 3 months to live. I couldn't pay the bill, so he gave me another month.

### Response:
",Yes
flashblazer,https://old.reddit.com/r/dadjokes/comments/dc1l42/gravity_is_one_of_the_most_essential_forces_in/,2019-10-01 23:09:50,Gravity is one of the most essential forces in the universe. What do you get when you remove it? Gravy.,103,299,6193,1,"Below is an instruction that describes a sentiment analysis task.

### Instruction:
Given the following text, please determine if it should be classified as funny or not funny. Base your classification on humor elements such as wit, irony, absurdity, or comedic timing.

### Input:
Gravity is one of the most essential forces in the universe. What do you get when you remove it? Gravy.

### Response:
",Yes
Available-Ad6250,https://old.reddit.com/r/dadjokes/comments/qnijkn/billy_and_bobby_got_turned_into_zombies/,2021-11-05 19:22:38,Billy and Bobby both loved studying. Billy admired Bobby because he always excelled in academics.,97,1,19353,0,"Below is an instruction that describes a sentiment analysis task.

### Instruction:
Given the following text, please determine if it should be classified as funny or not funny. Base your classification on humor elements such as wit, irony, absurdity, or comedic timing.

### Input:
Billy and Bobby both loved studying. Billy admired Bobby because he always excelled in academics.

### Response:
",Yes
thedudenamedjay,https://old.reddit.com/r/dadjokes/comments/jusq16/what_would_michael_jacksons_pronouns_be/,2020-11-15 20:22:42,What would Michael Jackson’s pronouns be? He/Hee,48,22,1753,1,"Below is an instruction that describes a sentiment analysis task.

### Instruction:
Given the following text, please determine if it should be classified as funny or not funny. Base your classification on humor elements such as wit, irony, absurdity, or comedic timing.

### Input:
What would Michael Jackson’s pronouns be? He/Hee

### Response:
",Yes
nickmidas,https://old.reddit.com/r/dadjokes/comments/7rf1jq/i_was_sitting_in_traffic_the_other_day/,2018-01-19 02:11:23,I was sitting in traffic the other day. That's probably why I got run over.,75,64,9117,1,"Below is an instruction that describes a sentiment analysis task.

### Instruction:
Given the following text, please determine if it should be classified as funny or not funny. Base your classification on humor elements such as wit, irony, absurdity, or comedic timing.

### Input:
I was sitting in traffic the other day. That's probably why I got run over.

### Response:
",Yes
119691,https://old.reddit.com/r/dadjokes/comments/c06eqp/guy_youre_the_most_average_girl_ive_ever_met/,2019-06-13 14:20:46,"Guy: You're the most average girl I've ever met Girl: Wow you are mean
Guy: No, you are",87,25,3654,1,"Below is an instruction that describes a sentiment analysis task.

### Instruction:
Given the following text, please determine if it should be classified as funny or not funny. Base your classification on humor elements such as wit, irony, absurdity, or comedic timing.

### Input:
Guy: You're the most average girl I've ever met Girl: Wow you are mean
Guy: No, you are

### Response:
",Yes
Not____Dad,https://old.reddit.com/r/dadjokes/comments/qohw0i/look_dad_birds/,2021-11-07 05:20:13,"Look Dad! Birds! Oh yes, those are indeed cranes. They are tall birds.",70,1,19134,0,"Below is an instruction that describes a sentiment analysis task.

### Instruction:
Given the following text, please determine if it should be classified as funny or not funny. Base your classification on humor elements such as wit, irony, absurdity, or comedic timing.

### Input:
Look Dad! Birds! Oh yes, those are indeed cranes. They are tall birds.

### Response:
",Yes
T1ppy86,https://old.reddit.com/r/dadjokes/comments/b5clwz/what_did_the_janitor_say_when_he_came_out_of_the/,2019-03-25 16:12:40,What did the janitor say when he came out of the closet? SUPPLIES!!,67,87,456,1,"Below is an instruction that describes a sentiment analysis task.

### Instruction:
Given the following text, please determine if it should be classified as funny or not funny. Base your classification on humor elements such as wit, irony, absurdity, or comedic timing.

### Input:
What did the janitor say when he came out of the closet? SUPPLIES!!

### Response:
",Yes
iEatAss68plus1,https://old.reddit.com/r/dadjokes/comments/r4t9nb/which_pronouns_would_michael_jackson_have_used/,2021-11-29 10:48:27,"Which pronouns would a famous pop artist have used? He, his.",60,1,16167,0,"Below is an instruction that describes a sentiment analysis task.

### Instruction:
Given the following text, please determine if it should be classified as funny or not funny. Base your classification on humor elements such as wit, irony, absurdity, or comedic timing.

### Input:
Which pronouns would a famous pop artist have used? He, his.

### Response:
",Yes
ohitszie,https://old.reddit.com/r/dadjokes/comments/r0zi2j/whats_the_name_of_the_employee_who_just_started/,2021-11-24 07:30:58,"What's the name of the employee who just started working with us today? Me: I don't know, but his name is Justin. Would you like me to call him?",144,1,16861,0,"Below is an instruction that describes a sentiment analysis task.

### Instruction:
Given the following text, please determine if it should be classified as funny or not funny. Base your classification on humor elements such as wit, irony, absurdity, or comedic timing.

### Input:
What's the name of the employee who just started working with us today? Me: I don't know, but his name is Justin. Would you like me to call him?

### Response:
",Yes
JimiSplendrix,https://old.reddit.com/r/dadjokes/comments/qdfimt/this_french_guy_stole_my_cab_last_night/,2021-10-22 12:08:35,This French guy took the cab I was hailing last night. How rude of him!,71,1,21481,0,"Below is an instruction that describes a sentiment analysis task.

### Instruction:
Given the following text, please determine if it should be classified as funny or not funny. Base your classification on humor elements such as wit, irony, absurdity, or comedic timing.

### Input:
This French guy took the cab I was hailing last night. How rude of him!

### Response:
",Yes
ardoewaan,https://old.reddit.com/r/dadjokes/comments/r1x1g1/when_you_transport_calendars/,2021-11-25 13:54:33,"When you transport calendars, it feels like time moves differently.",67,1,16696,0,"Below is an instruction that describes a sentiment analysis task.

### Instruction:
Given the following text, please determine if it should be classified as funny or not funny. Base your classification on humor elements such as wit, irony, absurdity, or comedic timing.

### Input:
When you transport calendars, it feels like time moves differently.

### Response:
",Yes
GotMyOrangeCrush,https://old.reddit.com/r/dadjokes/comments/dod37p/a_set_of_jumper_cables_walks_into_a_bar/,2019-10-28 18:39:08,"A set of jumper cables walks into a bar The bartender looks up warily and says, ""You can stay but you better not try to start anything"".",136,23,7042,1,"Below is an instruction that describes a sentiment analysis task.

### Instruction:
Given the following text, please determine if it should be classified as funny or not funny. Base your classification on humor elements such as wit, irony, absurdity, or comedic timing.

### Input:
A set of jumper cables walks into a bar The bartender looks up warily and says, ""You can stay but you better not try to start anything"".

### Response:
",Yes
123Spaghetti321,https://old.reddit.com/r/dadjokes/comments/qs21wg/i_have_a_complicated_relationship_with_my_father/,2021-11-12 03:14:10,I have a complicated relationship with my father who always dressed very formally.,82,1,18515,0,"Below is an instruction that describes a sentiment analysis task.

### Instruction:
Given the following text, please determine if it should be classified as funny or not funny. Base your classification on humor elements such as wit, irony, absurdity, or comedic timing.

### Input:
I have a complicated relationship with my father who always dressed very formally.

### Response:
",Yes
Fox_Fleet60,https://old.reddit.com/r/dadjokes/comments/qhlmdd/set_builders_are_always_humble/,2021-10-28 12:11:32,"Set builders are always appreciated.
   
   They provide great support.",71,1,20464,0,"Below is an instruction that describes a sentiment analysis task.

### Instruction:
Given the following text, please determine if it should be classified as funny or not funny. Base your classification on humor elements such as wit, irony, absurdity, or comedic timing.

### Input:
Set builders are always appreciated.
   
   They provide great support.

### Response:
",Yes
Hencenomore,https://old.reddit.com/r/dadjokes/comments/89o9sq/did_you_hear_about_the_kidnapping_at_school/,2018-04-04 10:25:30,Did you hear about the kidnapping at school? The teacher woke him up.,69,20,8359,1,"Below is an instruction that describes a sentiment analysis task.

### Instruction:
Given the following text, please determine if it should be classified as funny or not funny. Base your classification on humor elements such as wit, irony, absurdity, or comedic timing.

### Input:
Did you hear about the kidnapping at school? The teacher woke him up.

### Response:
",Yes
thoxis1,https://old.reddit.com/r/dadjokes/comments/bhk2f3/if_you_put_your_ear_up_to_a_taco_shell/,2019-04-26 08:45:01,If you put your ear up to a Taco Shell You can hear the Sí.,59,81,7245,1,"Below is an instruction that describes a sentiment analysis task.

### Instruction:
Given the following text, please determine if it should be classified as funny or not funny. Base your classification on humor elements such as wit, irony, absurdity, or comedic timing.

### Input:
If you put your ear up to a Taco Shell You can hear the Sí.

### Response:
",Yes
johnbr,https://old.reddit.com/r/dadjokes/comments/raf14c/the_members_of_the_flamingoes_the_band_are_blind/,2021-12-06 19:09:54,"The members of The Flamingoes (the group) have limited vision, which improves during the festive season.",104,1,15144,0,"Below is an instruction that describes a sentiment analysis task.

### Instruction:
Given the following text, please determine if it should be classified as funny or not funny. Base your classification on humor elements such as wit, irony, absurdity, or comedic timing.

### Input:
The members of The Flamingoes (the group) have limited vision, which improves during the festive season.

### Response:
",Yes
lg_3000,https://old.reddit.com/r/dadjokes/comments/dgjgno/what_kind_of_school_do_belly_buttons_go_to/,2019-10-11 18:49:06,What kind of school do belly buttons go to? Navel academies.,60,61,5670,1,"Below is an instruction that describes a sentiment analysis task.

### Instruction:
Given the following text, please determine if it should be classified as funny or not funny. Base your classification on humor elements such as wit, irony, absurdity, or comedic timing.

### Input:
What kind of school do belly buttons go to? Navel academies.

### Response:
",Yes
ILikeBlazing,https://old.reddit.com/r/dadjokes/comments/rh7oex/somebody_stole_my_mood_ring_earlier/,2021-12-15 19:51:06,Somebody misplaced my mood ring earlier today. I feel somewhat puzzled by its disappearance.,92,1,14064,0,"Below is an instruction that describes a sentiment analysis task.

### Instruction:
Given the following text, please determine if it should be classified as funny or not funny. Base your classification on humor elements such as wit, irony, absurdity, or comedic timing.

### Input:
Somebody misplaced my mood ring earlier today. I feel somewhat puzzled by its disappearance.

### Response:
",Yes
PiGuy88,https://old.reddit.com/r/dadjokes/comments/qqd7dq/why_is_toby_fox_the_creator_of_undertale_so/,2021-11-09 21:01:48,"Why is Toby Fox, the creator of Undertale, so popular among the gaming community? Because of his creative contributions.",120,1,18795,0,"Below is an instruction that describes a sentiment analysis task.

### Instruction:
Given the following text, please determine if it should be classified as funny or not funny. Base your classification on humor elements such as wit, irony, absurdity, or comedic timing.

### Input:
Why is Toby Fox, the creator of Undertale, so popular among the gaming community? Because of his creative contributions.

### Response:
",Yes
madazzahatter,https://old.reddit.com/r/dadjokes/comments/8riixw/i_used_to_be_a_member_of_the_secret_cooking/,2018-06-16 10:22:42,I used to be a member of the secret cooking society... But they kicked me out for spilling the beans...,103,49,1694,1,"Below is an instruction that describes a sentiment analysis task.

### Instruction:
Given the following text, please determine if it should be classified as funny or not funny. Base your classification on humor elements such as wit, irony, absurdity, or comedic timing.

### Input:
I used to be a member of the secret cooking society... But they kicked me out for spilling the beans...

### Response:
",Yes
pathrado,https://old.reddit.com/r/dadjokes/comments/o2ne76/my_teachers_told_me_id_never_amount_to_much/,2021-06-18 11:56:32,"My teachers told me I’d never amount to much because I procrastinate so much. I told them, “Just you wait!”",107,24,3442,1,"Below is an instruction that describes a sentiment analysis task.

### Instruction:
Given the following text, please determine if it should be classified as funny or not funny. Base your classification on humor elements such as wit, irony, absurdity, or comedic timing.

### Input:
My teachers told me I’d never amount to much because I procrastinate so much. I told them, “Just you wait!”

### Response:
",Yes
19AllStar86,https://old.reddit.com/r/dadjokes/comments/6cedfb/im_cooking_dinner_and_say_this_thyme_smells_so/,2017-05-21 02:51:25,"I'm cooking dinner and say ""this thyme smells so good"" He says ""oh, last thyme it didn't?"" ",91,39,2412,1,"Below is an instruction that describes a sentiment analysis task.

### Instruction:
Given the following text, please determine if it should be classified as funny or not funny. Base your classification on humor elements such as wit, irony, absurdity, or comedic timing.

### Input:
I'm cooking dinner and say ""this thyme smells so good"" He says ""oh, last thyme it didn't?"" 

### Response:
",Yes
notmikegiant,https://old.reddit.com/r/dadjokes/comments/rt34ve/i_started_taking_gummy_vitamins/,12/31/2021 20:59,I started taking gummy vitamins. They’re beneficial.,52,1,11659,0,"Below is an instruction that describes a sentiment analysis task.

### Instruction:
Given the following text, please determine if it should be classified as funny or not funny. Base your classification on humor elements such as wit, irony, absurdity, or comedic timing.

### Input:
I started taking gummy vitamins. They’re beneficial.

### Response:
",Yes
porichoygupto,https://old.reddit.com/r/dadjokes/comments/ekamka/my_friend_ty_won_the_beijing_marathon_but_wasnt/,2020-01-05 08:57:22,"My friend Ty won the Beijing marathon, but wasn’t awarded a gold medal. The Chinese refuse to acknowledge Ty won.",113,31,9132,1,"Below is an instruction that describes a sentiment analysis task.

### Instruction:
Given the following text, please determine if it should be classified as funny or not funny. Base your classification on humor elements such as wit, irony, absurdity, or comedic timing.

### Input:
My friend Ty won the Beijing marathon, but wasn’t awarded a gold medal. The Chinese refuse to acknowledge Ty won.

### Response:
",Yes
eulertheerudite,https://old.reddit.com/r/dadjokes/comments/qm1tps/my_5_year_old_asked_his_granddad_when_he_said_its/,2021-11-03 19:13:25,"My 5-year-old asked his granddad when he said it's Wednesday: ""Is it in the middle of the week?"" It's commonly pronounced ""Wenz-day"" where I come from.",151,1,19624,0,"Below is an instruction that describes a sentiment analysis task.

### Instruction:
Given the following text, please determine if it should be classified as funny or not funny. Base your classification on humor elements such as wit, irony, absurdity, or comedic timing.

### Input:
My 5-year-old asked his granddad when he said it's Wednesday: ""Is it in the middle of the week?"" It's commonly pronounced ""Wenz-day"" where I come from.

### Response:
",Yes
Rocknocker,https://old.reddit.com/r/dadjokes/comments/8w7ee9/why_do_chicken_coops_have_2_doors/,2018-07-05 03:36:35,"Why do chicken coops have 2 doors? If they had 4 doors, they'd be chicken sedans.",81,38,8488,1,"Below is an instruction that describes a sentiment analysis task.

### Instruction:
Given the following text, please determine if it should be classified as funny or not funny. Base your classification on humor elements such as wit, irony, absurdity, or comedic timing.

### Input:
Why do chicken coops have 2 doors? If they had 4 doors, they'd be chicken sedans.

### Response:
",Yes
ModernDayTroobidour,https://old.reddit.com/r/dadjokes/comments/qdzf4r/why_is_the_fresh_prince_always_drinking_protein/,2021-10-23 06:28:47,Why is the Fresh Prince always drinking Protein Shakes? Because he focuses on fitness and health.,97,1,21333,0,"Below is an instruction that describes a sentiment analysis task.

### Instruction:
Given the following text, please determine if it should be classified as funny or not funny. Base your classification on humor elements such as wit, irony, absurdity, or comedic timing.

### Input:
Why is the Fresh Prince always drinking Protein Shakes? Because he focuses on fitness and health.

### Response:
",Yes
porichoygupto,https://old.reddit.com/r/dadjokes/comments/904quw/my_wife_warned_me_that_if_i_take_another_picture/,2018-07-19 10:40:32,"My wife warned me that if I take another picture of her, she’ll be furious. That’s when I snapped.",98,62,8091,1,"Below is an instruction that describes a sentiment analysis task.

### Instruction:
Given the following text, please determine if it should be classified as funny or not funny. Base your classification on humor elements such as wit, irony, absurdity, or comedic timing.

### Input:
My wife warned me that if I take another picture of her, she’ll be furious. That’s when I snapped.

### Response:
",Yes
WonkySight,https://old.reddit.com/r/dadjokes/comments/54es9t/i_dont_want_to_sound_raceist_but/,2016-09-25 11:51:41,I don't want to sound raceist but... I've always preferred the 100m to the 200m,79,1707,557,1,"Below is an instruction that describes a sentiment analysis task.

### Instruction:
Given the following text, please determine if it should be classified as funny or not funny. Base your classification on humor elements such as wit, irony, absurdity, or comedic timing.

### Input:
I don't want to sound raceist but... I've always preferred the 100m to the 200m

### Response:
",Yes
fatboyonsofa,https://old.reddit.com/r/dadjokes/comments/cyb4la/i_told_a_joke_to_a_chemist/,2019-09-01 15:13:49,I told a joke to a chemist But there was no reaction,52,169,8060,1,"Below is an instruction that describes a sentiment analysis task.

### Instruction:
Given the following text, please determine if it should be classified as funny or not funny. Base your classification on humor elements such as wit, irony, absurdity, or comedic timing.

### Input:
I told a joke to a chemist But there was no reaction

### Response:
",Yes
Stormbreaker636,https://old.reddit.com/r/dadjokes/comments/ru45yf/joe_of_impractical_jokers_recently_announced_that/,1/2/2022 7:04,Joe from Impractical Jokers recently announced his departure. The group's dynamic will change.,94,1,11394,0,"Below is an instruction that describes a sentiment analysis task.

### Instruction:
Given the following text, please determine if it should be classified as funny or not funny. Base your classification on humor elements such as wit, irony, absurdity, or comedic timing.

### Input:
Joe from Impractical Jokers recently announced his departure. The group's dynamic will change.

### Response:
",No
HugoZHackenbush2,https://old.reddit.com/r/dadjokes/comments/qjwkd4/my_roommate_keeps_complaining_that_our_room_is/,2021-10-31 19:16:53,My roommate keeps suggesting that our room feels different... but it's probably just a draft.,93,1,19942,0,"Below is an instruction that describes a sentiment analysis task.

### Instruction:
Given the following text, please determine if it should be classified as funny or not funny. Base your classification on humor elements such as wit, irony, absurdity, or comedic timing.

### Input:
My roommate keeps suggesting that our room feels different... but it's probably just a draft.

### Response:
",Yes
EgonVector,https://old.reddit.com/r/dadjokes/comments/o1jdfl/why_was_luke_skywalker_unlucky_with_love/,2021-06-17 00:03:41,Why was Luke Skywalker unlucky with love? He was looking in Alderaan places.,76,330,1446,1,"Below is an instruction that describes a sentiment analysis task.

### Instruction:
Given the following text, please determine if it should be classified as funny or not funny. Base your classification on humor elements such as wit, irony, absurdity, or comedic timing.

### Input:
Why was Luke Skywalker unlucky with love? He was looking in Alderaan places.

### Response:
",Yes
drewfussss,https://old.reddit.com/r/dadjokes/comments/cqbgqq/if_any_of_you_single_fellas_here_are_thinking_of/,2019-08-14 15:45:52,"If any of you single *fellas here are thinking of getting married, consider the following before you do: On the one hand, you get to wear a pretty cool ring.

On the other hand, you don’t.",188,55,1832,1,"Below is an instruction that describes a sentiment analysis task.

### Instruction:
Given the following text, please determine if it should be classified as funny or not funny. Base your classification on humor elements such as wit, irony, absurdity, or comedic timing.

### Input:
If any of you single *fellas here are thinking of getting married, consider the following before you do: On the one hand, you get to wear a pretty cool ring.

On the other hand, you don’t.

### Response:
",Yes
applezombi,https://old.reddit.com/r/dadjokes/comments/r5rti9/im_thinking_about_changing_my_spelling_habits/,2021-11-30 17:02:17,I'm thinking about adopting British spellings in my writing for words like 'colour' or 'honour'. It may enhance the experience.,127,1,15977,0,"Below is an instruction that describes a sentiment analysis task.

### Instruction:
Given the following text, please determine if it should be classified as funny or not funny. Base your classification on humor elements such as wit, irony, absurdity, or comedic timing.

### Input:
I'm thinking about adopting British spellings in my writing for words like 'colour' or 'honour'. It may enhance the experience.

### Response:
",Yes
fallingspiders,https://old.reddit.com/r/dadjokes/comments/6lur4x/they_told_me_i_couldnt_make_it_with_an_arts_degree/,2017-07-07 16:22:13,They told me I couldn't make it with an Arts degree but in sculpture class alone I made six figures.,100,24,4462,1,"Below is an instruction that describes a sentiment analysis task.

### Instruction:
Given the following text, please determine if it should be classified as funny or not funny. Base your classification on humor elements such as wit, irony, absurdity, or comedic timing.

### Input:
They told me I couldn't make it with an Arts degree but in sculpture class alone I made six figures.

### Response:
",Yes
andi-wankenobi,https://old.reddit.com/r/dadjokes/comments/rgmi8z/jack_black_and_jack_white_should_form_a_band/,2021-12-15 01:09:19,Jack Black and Jack White should collaborate—they'd make an interesting duo.,76,1,14178,0,"Below is an instruction that describes a sentiment analysis task.

### Instruction:
Given the following text, please determine if it should be classified as funny or not funny. Base your classification on humor elements such as wit, irony, absurdity, or comedic timing.

### Input:
Jack Black and Jack White should collaborate—they'd make an interesting duo.

### Response:
",Yes
Error_404_403,https://old.reddit.com/r/dadjokes/comments/qdcrgr/in_the_big_inning/,2021-10-22 08:55:55,"In the beginning, according to sacred texts, Earth was created.",63,1,21520,0,"Below is an instruction that describes a sentiment analysis task.

### Instruction:
Given the following text, please determine if it should be classified as funny or not funny. Base your classification on humor elements such as wit, irony, absurdity, or comedic timing.

### Input:
In the beginning, according to sacred texts, Earth was created.

### Response:
",Yes
scotch_and_starwars,https://old.reddit.com/r/dadjokes/comments/ax5wcg/why_are_ancient_history_lecturers_boring/,2019-03-04 11:01:04,Why are ancient history lecturers boring? They tend to babylon,62,26,2841,1,"Below is an instruction that describes a sentiment analysis task.

### Instruction:
Given the following text, please determine if it should be classified as funny or not funny. Base your classification on humor elements such as wit, irony, absurdity, or comedic timing.

### Input:
Why are ancient history lecturers boring? They tend to babylon

### Response:
",Yes
Space-Jesus27,https://old.reddit.com/r/dadjokes/comments/rrgj1j/my_son_asked_me_did_you_pick_your_nose/,12/29/2021 19:34,My son asked me if I ever picked my nose. I said that it's not a good habit.,76,1,12009,0,"Below is an instruction that describes a sentiment analysis task.

### Instruction:
Given the following text, please determine if it should be classified as funny or not funny. Base your classification on humor elements such as wit, irony, absurdity, or comedic timing.

### Input:
My son asked me if I ever picked my nose. I said that it's not a good habit.

### Response:
",Yes
purrburrt,https://old.reddit.com/r/dadjokes/comments/rpyfo1/my_wife_im_gonna_make_myself_a_sandwich/,2021-12-27 21:56:00,"My wife: I’m going to prepare myself a sandwich. Me: Sure, that sounds like a good idea.",88,1,12250,0,"Below is an instruction that describes a sentiment analysis task.

### Instruction:
Given the following text, please determine if it should be classified as funny or not funny. Base your classification on humor elements such as wit, irony, absurdity, or comedic timing.

### Input:
My wife: I’m going to prepare myself a sandwich. Me: Sure, that sounds like a good idea.

### Response:
",Yes
JMollyG,https://old.reddit.com/r/dadjokes/comments/qe2nin/when_does/,2021-10-23 10:53:31,"When does a joke become a typical dad joke?

When it is fully revealed.",71,1,21305,0,"Below is an instruction that describes a sentiment analysis task.

### Instruction:
Given the following text, please determine if it should be classified as funny or not funny. Base your classification on humor elements such as wit, irony, absurdity, or comedic timing.

### Input:
When does a joke become a typical dad joke?

When it is fully revealed.

### Response:
",Yes
jdbsplashum,https://old.reddit.com/r/dadjokes/comments/qna5ue/how_do_you_get_25_pikachus_onto_a_bus/,2021-11-05 12:35:52,How do you organize transportation for 25 Pikachu? Arrange a bus rental for them.,81,1,19394,0,"Below is an instruction that describes a sentiment analysis task.

### Instruction:
Given the following text, please determine if it should be classified as funny or not funny. Base your classification on humor elements such as wit, irony, absurdity, or comedic timing.

### Input:
How do you organize transportation for 25 Pikachu? Arrange a bus rental for them.

### Response:
",Yes
Doctormartini,https://old.reddit.com/r/dadjokes/comments/qvz5m2/what_did_the_lifeguard_say_to_the_hippy_drowning/,2021-11-17 13:22:04,What did the lifeguard say to the swimming person too far from shore? Please come closer to the beach.,102,1,17753,0,"Below is an instruction that describes a sentiment analysis task.

### Instruction:
Given the following text, please determine if it should be classified as funny or not funny. Base your classification on humor elements such as wit, irony, absurdity, or comedic timing.

### Input:
What did the lifeguard say to the swimming person too far from shore? Please come closer to the beach.

### Response:
",Yes
Nastypilot,https://old.reddit.com/r/dadjokes/comments/qi7w7m/what_do_you_call_the_anatomy_of_an_ant/,2021-10-29 08:10:49,What do you call the study of ants? Entomology.,47,1,20314,0,"Below is an instruction that describes a sentiment analysis task.

### Instruction:
Given the following text, please determine if it should be classified as funny or not funny. Base your classification on humor elements such as wit, irony, absurdity, or comedic timing.

### Input:
What do you call the study of ants? Entomology.

### Response:
",Yes
Jon-Osterman,https://old.reddit.com/r/dadjokes/comments/5wgh53/i_booked_a_ticket_on_a_plane_that_supposedly/,2017-02-27 12:34:51,I booked a ticket on a plane that supposedly travels back in time. I'm waiting at gate B4.,90,25,1907,1,"Below is an instruction that describes a sentiment analysis task.

### Instruction:
Given the following text, please determine if it should be classified as funny or not funny. Base your classification on humor elements such as wit, irony, absurdity, or comedic timing.

### Input:
I booked a ticket on a plane that supposedly travels back in time. I'm waiting at gate B4.

### Response:
",Yes
TheFifthStep,https://old.reddit.com/r/dadjokes/comments/5ypwl2/why_are_people_with_glasses_so_unruly/,2017-03-11 00:38:44,Why are people with glasses so unruly? Because they don't have any super-vision,79,30,9390,1,"Below is an instruction that describes a sentiment analysis task.

### Instruction:
Given the following text, please determine if it should be classified as funny or not funny. Base your classification on humor elements such as wit, irony, absurdity, or comedic timing.

### Input:
Why are people with glasses so unruly? Because they don't have any super-vision

### Response:
",Yes
Jdabby32,https://old.reddit.com/r/dadjokes/comments/rmmszd/today_my_vet_just_gave_us_the_bad_news_that_our/,2021-12-23 04:14:05,Today my vet gave us the unfortunate news that our miniature pony has chronic laryngitis. He is experiencing vocal issues.,122,1,12967,0,"Below is an instruction that describes a sentiment analysis task.

### Instruction:
Given the following text, please determine if it should be classified as funny or not funny. Base your classification on humor elements such as wit, irony, absurdity, or comedic timing.

### Input:
Today my vet gave us the unfortunate news that our miniature pony has chronic laryngitis. He is experiencing vocal issues.

### Response:
",Yes
dark-horse-1402,https://old.reddit.com/r/dadjokes/comments/rfzdy0/i_once_restricted_my_wife_to_stop_drinking_whine/,2021-12-14 04:41:00,My spouse was unhappy about the restrictions I suggested regarding our drinking habits.,87,1,14307,0,"Below is an instruction that describes a sentiment analysis task.

### Instruction:
Given the following text, please determine if it should be classified as funny or not funny. Base your classification on humor elements such as wit, irony, absurdity, or comedic timing.

### Input:
My spouse was unhappy about the restrictions I suggested regarding our drinking habits.

### Response:
",Yes
TeeEss_,https://old.reddit.com/r/dadjokes/comments/ce04fc/wife_im_pregnant/,2019-07-16 17:26:22,"Wife: I'm pregnant Dad: Hi pregnant, i'm Dad 

Wife: No you're not",66,19606,1567,1,"Below is an instruction that describes a sentiment analysis task.

### Instruction:
Given the following text, please determine if it should be classified as funny or not funny. Base your classification on humor elements such as wit, irony, absurdity, or comedic timing.

### Input:
Wife: I'm pregnant Dad: Hi pregnant, i'm Dad 

Wife: No you're not

### Response:
",Yes
porichoygupto,https://old.reddit.com/r/dadjokes/comments/az7r6w/i_asked_my_dad_what_it_was_like_to_learn_braille/,2019-03-09 20:32:54,"I asked my Dad what it was like to learn Braille for the first tine, but he didn’t want to talk about it. It must be a touchy subject.",134,38,6433,1,"Below is an instruction that describes a sentiment analysis task.

### Instruction:
Given the following text, please determine if it should be classified as funny or not funny. Base your classification on humor elements such as wit, irony, absurdity, or comedic timing.

### Input:
I asked my Dad what it was like to learn Braille for the first tine, but he didn’t want to talk about it. It must be a touchy subject.

### Response:
",Yes
GrilledSpamSteaks,https://old.reddit.com/r/dadjokes/comments/rshliz/monday_starts/,12/31/2021 1:15,Upcoming week begins a health awareness campaign. It's important to stay informed.,82,1,11800,0,"Below is an instruction that describes a sentiment analysis task.

### Instruction:
Given the following text, please determine if it should be classified as funny or not funny. Base your classification on humor elements such as wit, irony, absurdity, or comedic timing.

### Input:
Upcoming week begins a health awareness campaign. It's important to stay informed.

### Response:
",Yes
incredibleinkpen,https://old.reddit.com/r/dadjokes/comments/rfdwbt/my_girlfriend_said_shed_choke_me_with_armoured/,2021-12-13 11:43:54,My girlfriend said she'd assist me with armored gloves. I would appreciate the help.,84,1,14430,0,"Below is an instruction that describes a sentiment analysis task.

### Instruction:
Given the following text, please determine if it should be classified as funny or not funny. Base your classification on humor elements such as wit, irony, absurdity, or comedic timing.

### Input:
My girlfriend said she'd assist me with armored gloves. I would appreciate the help.

### Response:
",Yes
Merlin-5,https://old.reddit.com/r/dadjokes/comments/lakbrz/a_slice_of_apple_pie_is_250_in_jamaica_and_3_in/,2021-02-02 01:43:12,A slice of apple pie is $2.50 in Jamaica and $3 in the Bahamas These are the pie rates of the Caribbean.,104,562,10823,1,"Below is an instruction that describes a sentiment analysis task.

### Instruction:
Given the following text, please determine if it should be classified as funny or not funny. Base your classification on humor elements such as wit, irony, absurdity, or comedic timing.

### Input:
A slice of apple pie is $2.50 in Jamaica and $3 in the Bahamas These are the pie rates of the Caribbean.

### Response:
",Yes
Calthropstu,https://old.reddit.com/r/dadjokes/comments/rp174k/why_does_the_navy_buy_submarines/,2021-12-26 17:16:03,Why does the navy use submarines when they already have surface ships?,70,1,12427,0,"Below is an instruction that describes a sentiment analysis task.

### Instruction:
Given the following text, please determine if it should be classified as funny or not funny. Base your classification on humor elements such as wit, irony, absurdity, or comedic timing.

### Input:
Why does the navy use submarines when they already have surface ships?

### Response:
",Yes
Onkel_Wackelflugel,https://old.reddit.com/r/dadjokes/comments/654uo7/i_got_a_new_job_at_the_needle_factory_and_im/,2017-04-13 11:21:17,I got a new job at the needle factory and I'm frequently late getting home I get stuck at work a lot.,101,20,635,1,"Below is an instruction that describes a sentiment analysis task.

### Instruction:
Given the following text, please determine if it should be classified as funny or not funny. Base your classification on humor elements such as wit, irony, absurdity, or comedic timing.

### Input:
I got a new job at the needle factory and I'm frequently late getting home I get stuck at work a lot.

### Response:
",Yes
lateavatar,https://old.reddit.com/r/dadjokes/comments/rb9kek/scratch_might_be_the_most_versatile_substance/,2021-12-07 21:08:45,Scratch might be the most versatile substance. Look at all things people can make from it.,90,20,7989,1,"Below is an instruction that describes a sentiment analysis task.

### Instruction:
Given the following text, please determine if it should be classified as funny or not funny. Base your classification on humor elements such as wit, irony, absurdity, or comedic timing.

### Input:
Scratch might be the most versatile substance. Look at all things people can make from it.

### Response:
",Yes
Brosthetic,https://old.reddit.com/r/dadjokes/comments/g1c441/hey_guys_check_this_one_out/,2020-04-14 19:28:59,"Hey guys, check this one out 1",30,41,8938,1,"Below is an instruction that describes a sentiment analysis task.

### Instruction:
Given the following text, please determine if it should be classified as funny or not funny. Base your classification on humor elements such as wit, irony, absurdity, or comedic timing.

### Input:
Hey guys, check this one out 1

### Response:
",Yes
G3ffr0,https://old.reddit.com/r/dadjokes/comments/rq8c49/came_home_to_find_my_chickens_doing_a_line_dance/,2021-12-28 05:53:48,Came home to find my chickens lined up... It was an organized setup.,68,1,12202,0,"Below is an instruction that describes a sentiment analysis task.

### Instruction:
Given the following text, please determine if it should be classified as funny or not funny. Base your classification on humor elements such as wit, irony, absurdity, or comedic timing.

### Input:
Came home to find my chickens lined up... It was an organized setup.

### Response:
",Yes
jai_broarmy,https://old.reddit.com/r/dadjokes/comments/qf8wi6/why_did_morgan_write_a_letter_to_the_president/,2021-10-25 04:23:50,Why did Morgan write a letter to the president? He wanted to exercise his right to communicate.,95,1,21002,0,"Below is an instruction that describes a sentiment analysis task.

### Instruction:
Given the following text, please determine if it should be classified as funny or not funny. Base your classification on humor elements such as wit, irony, absurdity, or comedic timing.

### Input:
Why did Morgan write a letter to the president? He wanted to exercise his right to communicate.

### Response:
",Yes
Romnonaldao,https://old.reddit.com/r/dadjokes/comments/9eszq6/of_suspense/,2018-09-11 01:12:46,...of Suspense! https://old.reddit.com/r/dadjokes/comments/98oik0/my_wife_thinks_im_lazy_but_in_reality_im_a_master/,116,34,4141,1,"Below is an instruction that describes a sentiment analysis task.

### Instruction:
Given the following text, please determine if it should be classified as funny or not funny. Base your classification on humor elements such as wit, irony, absurdity, or comedic timing.

### Input:
...of Suspense! https://old.reddit.com/r/dadjokes/comments/98oik0/my_wife_thinks_im_lazy_but_in_reality_im_a_master/

### Response:
",Yes
jitney76,https://old.reddit.com/r/dadjokes/comments/qjv0l6/my_daughter_asked_me_to_make_up_a_halloween_joke/,2021-10-31 18:02:49,My daughter asked me for help on a Halloween riddle. Why was the witch unable to enter her house? She misplaced her key.,120,1,19963,0,"Below is an instruction that describes a sentiment analysis task.

### Instruction:
Given the following text, please determine if it should be classified as funny or not funny. Base your classification on humor elements such as wit, irony, absurdity, or comedic timing.

### Input:
My daughter asked me for help on a Halloween riddle. Why was the witch unable to enter her house? She misplaced her key.

### Response:
",Yes
TheFuzzyWhiteBoy420,https://old.reddit.com/r/dadjokes/comments/qcxmi9/what_does_garlic_do_when_it_gets_too_hot/,2021-10-21 18:02:54,How can you prevent garlic from burning? Keep an eye on it and stir frequently.,79,1,21642,0,"Below is an instruction that describes a sentiment analysis task.

### Instruction:
Given the following text, please determine if it should be classified as funny or not funny. Base your classification on humor elements such as wit, irony, absurdity, or comedic timing.

### Input:
How can you prevent garlic from burning? Keep an eye on it and stir frequently.

### Response:
",Yes
veggycat,https://old.reddit.com/r/dadjokes/comments/qe2hps/why_couldnt_the_green_pepper_do_archery/,2021-10-23 10:40:00,Why couldn’t the green pepper excel in archery? It lacked the necessary skills.,79,1,21307,0,"Below is an instruction that describes a sentiment analysis task.

### Instruction:
Given the following text, please determine if it should be classified as funny or not funny. Base your classification on humor elements such as wit, irony, absurdity, or comedic timing.

### Input:
Why couldn’t the green pepper excel in archery? It lacked the necessary skills.

### Response:
",Yes
habsfan1112,https://old.reddit.com/r/dadjokes/comments/rqhf9y/i_invented_a_camping_shelter_geared_towards_dads/,2021-12-28 14:45:52,"I have been working on a new tent design, particularly for family camps, and am awaiting feedback.",98,1,12174,0,"Below is an instruction that describes a sentiment analysis task.

### Instruction:
Given the following text, please determine if it should be classified as funny or not funny. Base your classification on humor elements such as wit, irony, absurdity, or comedic timing.

### Input:
I have been working on a new tent design, particularly for family camps, and am awaiting feedback.

### Response:
",No
TqRFtdnehh,https://old.reddit.com/r/dadjokes/comments/rcu6h0/i_once_met_a_wooden_ghost_that_would_hit_people/,2021-12-09 23:23:26,I once met a wooden ghost decoration that was used to add atmosphere to Halloween events.,89,1,14942,0,"Below is an instruction that describes a sentiment analysis task.

### Instruction:
Given the following text, please determine if it should be classified as funny or not funny. Base your classification on humor elements such as wit, irony, absurdity, or comedic timing.

### Input:
I once met a wooden ghost decoration that was used to add atmosphere to Halloween events.

### Response:
",Yes
chiggyrillo,https://old.reddit.com/r/dadjokes/comments/quhpid/i_got_a_job_as_a_garbage_truck_driver/,2021-11-15 14:30:30,I started working as a garbage truck driver. It's a straightforward job that I'm adapting to quickly.,101,1,18023,0,"Below is an instruction that describes a sentiment analysis task.

### Instruction:
Given the following text, please determine if it should be classified as funny or not funny. Base your classification on humor elements such as wit, irony, absurdity, or comedic timing.

### Input:
I started working as a garbage truck driver. It's a straightforward job that I'm adapting to quickly.

### Response:
",Yes
JSNhova,https://old.reddit.com/r/dadjokes/comments/rhaqxg/three_soft_drinks_were_at_an_archery_range/,2021-12-15 22:07:09,Three soft drinks were observing an archery range... They all have their own marketing strategies.,98,1,14035,0,"Below is an instruction that describes a sentiment analysis task.

### Instruction:
Given the following text, please determine if it should be classified as funny or not funny. Base your classification on humor elements such as wit, irony, absurdity, or comedic timing.

### Input:
Three soft drinks were observing an archery range... They all have their own marketing strategies.

### Response:
",Yes
Actuaryba,https://old.reddit.com/r/dadjokes/comments/qxpdp7/last_night_my_wife_and_i_argued_about_whose_turn/,2021-11-19 20:56:46,Last night my wife and I discussed the household chores.,56,1,17385,0,"Below is an instruction that describes a sentiment analysis task.

### Instruction:
Given the following text, please determine if it should be classified as funny or not funny. Base your classification on humor elements such as wit, irony, absurdity, or comedic timing.

### Input:
Last night my wife and I discussed the household chores.

### Response:
",Yes
C-hip,https://old.reddit.com/r/dadjokes/comments/qwqz28/i_might_seem_pretty_tame_nowadays_but/,2021-11-18 14:31:10,"I might seem quite regular nowadays, but to some, I'm still a social enthusiast.",80,1,17581,0,"Below is an instruction that describes a sentiment analysis task.

### Instruction:
Given the following text, please determine if it should be classified as funny or not funny. Base your classification on humor elements such as wit, irony, absurdity, or comedic timing.

### Input:
I might seem quite regular nowadays, but to some, I'm still a social enthusiast.

### Response:
",Yes
oeco123,https://old.reddit.com/r/dadjokes/comments/qy7nid/im_really_not_a_fan_of_russian_dolls/,2021-11-20 15:18:04,I’m really not a fan of Russian dolls. They’re so redundant.,60,1,17308,0,"Below is an instruction that describes a sentiment analysis task.

### Instruction:
Given the following text, please determine if it should be classified as funny or not funny. Base your classification on humor elements such as wit, irony, absurdity, or comedic timing.

### Input:
I’m really not a fan of Russian dolls. They’re so redundant.

### Response:
",Yes
Icy9kills,https://old.reddit.com/r/dadjokes/comments/cg4pii/a_son_and_his_father_go_fishing_together_for_the/,2019-07-21 22:01:38,"A son and his father go fishing together for the first time. Son: how do I catch a fish?

Dad: Easy, just throw this clickbait into the water. 

Son: Got it, what’s next?

Dad: What happens next will shock you.",210,218,2020,1,"Below is an instruction that describes a sentiment analysis task.

### Instruction:
Given the following text, please determine if it should be classified as funny or not funny. Base your classification on humor elements such as wit, irony, absurdity, or comedic timing.

### Input:
A son and his father go fishing together for the first time. Son: how do I catch a fish?

Dad: Easy, just throw this clickbait into the water. 

Son: Got it, what’s next?

Dad: What happens next will shock you.

### Response:
",Yes
I_Have_A_Chode,https://old.reddit.com/r/dadjokes/comments/92mdqd/how_did_the_tree_feel_when_its_leaves_grew_back/,2018-07-28 14:10:00,"How did the tree feel when its leaves grew back? Re-leaved


(I was told this is better for this sub than r/jokes)",114,141,5283,1,"Below is an instruction that describes a sentiment analysis task.

### Instruction:
Given the following text, please determine if it should be classified as funny or not funny. Base your classification on humor elements such as wit, irony, absurdity, or comedic timing.

### Input:
How did the tree feel when its leaves grew back? Re-leaved


(I was told this is better for this sub than r/jokes)

### Response:
",Yes
Independent-Major-74,https://old.reddit.com/r/dadjokes/comments/ql96e6/what_do_jaundice_patients_do_when_theyre_pricked/,2021-11-02 17:17:47,What do people with jaundice do when they're pricked accidentally? They express discomfort.,91,1,19749,0,"Below is an instruction that describes a sentiment analysis task.

### Instruction:
Given the following text, please determine if it should be classified as funny or not funny. Base your classification on humor elements such as wit, irony, absurdity, or comedic timing.

### Input:
What do people with jaundice do when they're pricked accidentally? They express discomfort.

### Response:
",Yes
dinhmatt,https://old.reddit.com/r/dadjokes/comments/rh0sqa/why_does_minnesota_have_mountains/,2021-12-15 14:50:43,Why does Minnesota have hills? Because it adds to the diverse landscape.,72,1,14107,0,"Below is an instruction that describes a sentiment analysis task.

### Instruction:
Given the following text, please determine if it should be classified as funny or not funny. Base your classification on humor elements such as wit, irony, absurdity, or comedic timing.

### Input:
Why does Minnesota have hills? Because it adds to the diverse landscape.

### Response:
",Yes
stankylegwillis,https://old.reddit.com/r/dadjokes/comments/csqyy4/first_timer_go_easy_if_it_sucks/,2019-08-20 01:33:55,"First timer, go easy if it sucks Doctor: Are you ticklish 

Patient: I’m not sure

Doctor: Alright I’m gonna give you a testicle",128,21,5682,1,"Below is an instruction that describes a sentiment analysis task.

### Instruction:
Given the following text, please determine if it should be classified as funny or not funny. Base your classification on humor elements such as wit, irony, absurdity, or comedic timing.

### Input:
First timer, go easy if it sucks Doctor: Are you ticklish 

Patient: I’m not sure

Doctor: Alright I’m gonna give you a testicle

### Response:
",Yes
cotswoldboy,https://old.reddit.com/r/dadjokes/comments/dcwz97/i_put_my_phone_under_my_pillow_last_night_and/,2019-10-03 20:49:56,I put my phone under my pillow last night and went to sleep. When I woke up it was gone and a pound coin was in its place Damn that Bluetooth Fairy,147,24,3499,1,"Below is an instruction that describes a sentiment analysis task.

### Instruction:
Given the following text, please determine if it should be classified as funny or not funny. Base your classification on humor elements such as wit, irony, absurdity, or comedic timing.

### Input:
I put my phone under my pillow last night and went to sleep. When I woke up it was gone and a pound coin was in its place Damn that Bluetooth Fairy

### Response:
",Yes
finninaama,https://old.reddit.com/r/dadjokes/comments/bf4zw1/do_you_know_how_isis_elevator_works/,2019-04-19 22:08:17,Do you know how ISIS elevator works? You press the button and six floors come down.,83,45,8405,1,"Below is an instruction that describes a sentiment analysis task.

### Instruction:
Given the following text, please determine if it should be classified as funny or not funny. Base your classification on humor elements such as wit, irony, absurdity, or comedic timing.

### Input:
Do you know how ISIS elevator works? You press the button and six floors come down.

### Response:
",Yes
HamiltonMutt,https://old.reddit.com/r/dadjokes/comments/rkyuk4/how_do_you_find_will_smith_in_the_winter_snow/,2021-12-20 22:23:48,How do you locate someone in the winter snow? You look for traces or footprints.,80,1,13280,0,"Below is an instruction that describes a sentiment analysis task.

### Instruction:
Given the following text, please determine if it should be classified as funny or not funny. Base your classification on humor elements such as wit, irony, absurdity, or comedic timing.

### Input:
How do you locate someone in the winter snow? You look for traces or footprints.

### Response:
",Yes
ToxicBamaFan,https://old.reddit.com/r/dadjokes/comments/r9yecs/my_buddy_is_addicted_to_viagra/,2021-12-06 04:21:15,My buddy is undergoing treatment; his family is supporting him throughout the process.,86,1,15237,0,"Below is an instruction that describes a sentiment analysis task.

### Instruction:
Given the following text, please determine if it should be classified as funny or not funny. Base your classification on humor elements such as wit, irony, absurdity, or comedic timing.

### Input:
My buddy is undergoing treatment; his family is supporting him throughout the process.

### Response:
",Yes
BunnyPinguu,https://old.reddit.com/r/dadjokes/comments/rew71v/how_many_emo_kids_does_it_take_to_screw_in_a/,2021-12-12 19:25:34,"It takes one person to change a lightbulb, regardless of their emotional state.",79,1,14537,0,"Below is an instruction that describes a sentiment analysis task.

### Instruction:
Given the following text, please determine if it should be classified as funny or not funny. Base your classification on humor elements such as wit, irony, absurdity, or comedic timing.

### Input:
It takes one person to change a lightbulb, regardless of their emotional state.

### Response:
",Yes
yeet_the_polar_bear,https://old.reddit.com/r/dadjokes/comments/rgrn06/what_is_something_you_cant_live_without/,2021-12-15 05:33:26,What is something you can’t live without? Essential things to me are my health and well-being.,94,1,14157,0,"Below is an instruction that describes a sentiment analysis task.

### Instruction:
Given the following text, please determine if it should be classified as funny or not funny. Base your classification on humor elements such as wit, irony, absurdity, or comedic timing.

### Input:
What is something you can’t live without? Essential things to me are my health and well-being.

### Response:
",No
KingKazehachi,https://old.reddit.com/r/dadjokes/comments/qhzzkp/a_friend_of_mine_just_had_a_sexual_reassignment/,2021-10-29 00:01:20,A friend of mine had a significant surgery; it was a brave and life-changing decision.,86,1,20357,0,"Below is an instruction that describes a sentiment analysis task.

### Instruction:
Given the following text, please determine if it should be classified as funny or not funny. Base your classification on humor elements such as wit, irony, absurdity, or comedic timing.

### Input:
A friend of mine had a significant surgery; it was a brave and life-changing decision.

### Response:
",Yes
moneybot13,https://old.reddit.com/r/dadjokes/comments/8km3um/my_wife_refuses_to_make_me_coffee_because_it_is/,2018-05-19 15:55:28,My wife refuses to make me coffee because it is against her cultural upbringing She is a Hebrew,95,38,3328,1,"Below is an instruction that describes a sentiment analysis task.

### Instruction:
Given the following text, please determine if it should be classified as funny or not funny. Base your classification on humor elements such as wit, irony, absurdity, or comedic timing.

### Input:
My wife refuses to make me coffee because it is against her cultural upbringing She is a Hebrew

### Response:
",Yes
International-Ad8920,https://old.reddit.com/r/dadjokes/comments/r6nil8/people_in_dubai_dont_like_the_flintstones/,2021-12-01 19:54:55,Cultural preferences vary widely; what's popular in one region may not be in another.,85,1,15821,0,"Below is an instruction that describes a sentiment analysis task.

### Instruction:
Given the following text, please determine if it should be classified as funny or not funny. Base your classification on humor elements such as wit, irony, absurdity, or comedic timing.

### Input:
Cultural preferences vary widely; what's popular in one region may not be in another.

### Response:
",Yes
jahsehvro_,https://old.reddit.com/r/dadjokes/comments/butep6/my_girlfriend_broke_up_with_me_because_i_stole/,2019-05-30 13:50:18,My girlfriend broke up with me because I stole her wheelchair But I knew she’d come crawling back to me.,104,74,3629,1,"Below is an instruction that describes a sentiment analysis task.

### Instruction:
Given the following text, please determine if it should be classified as funny or not funny. Base your classification on humor elements such as wit, irony, absurdity, or comedic timing.

### Input:
My girlfriend broke up with me because I stole her wheelchair But I knew she’d come crawling back to me.

### Response:
",Yes
Coffeeist,https://old.reddit.com/r/dadjokes/comments/7uw60v/i_hate_how_ea_has_a_monopoly_on_nfl_football/,2018-02-03 01:10:44,I hate how EA has a monopoly on NFL Football videogames It really maddens me.,77,23,12,1,"Below is an instruction that describes a sentiment analysis task.

### Instruction:
Given the following text, please determine if it should be classified as funny or not funny. Base your classification on humor elements such as wit, irony, absurdity, or comedic timing.

### Input:
I hate how EA has a monopoly on NFL Football videogames It really maddens me.

### Response:
",Yes
ewilsey,https://old.reddit.com/r/dadjokes/comments/cmnotf/what_do_you_call_a_hippies_wife/,2019-08-06 07:54:24,What do you call a hippies wife? Mississippi,44,34,6576,1,"Below is an instruction that describes a sentiment analysis task.

### Instruction:
Given the following text, please determine if it should be classified as funny or not funny. Base your classification on humor elements such as wit, irony, absurdity, or comedic timing.

### Input:
What do you call a hippies wife? Mississippi

### Response:
",Yes
rangerbeev,https://old.reddit.com/r/dadjokes/comments/r86lxd/how_does_the_swedish_chefs_dog_bark/,2021-12-03 19:09:32,How does the chef's dog bark? Loudly and playfully.,51,1,15529,0,"Below is an instruction that describes a sentiment analysis task.

### Instruction:
Given the following text, please determine if it should be classified as funny or not funny. Base your classification on humor elements such as wit, irony, absurdity, or comedic timing.

### Input:
How does the chef's dog bark? Loudly and playfully.

### Response:
",Yes
diogenesofthemidwest,https://old.reddit.com/r/dadjokes/comments/hvkm1w/my_dad_didnt_like_the_decision_in_roe_vs_wade/,2020-07-22 01:40:33,My dad didn't like the decision in Roe vs Wade He said you had to see what type of river it was before you decide how to cross it.,130,122,231,1,"Below is an instruction that describes a sentiment analysis task.

### Instruction:
Given the following text, please determine if it should be classified as funny or not funny. Base your classification on humor elements such as wit, irony, absurdity, or comedic timing.

### Input:
My dad didn't like the decision in Roe vs Wade He said you had to see what type of river it was before you decide how to cross it.

### Response:
",Yes
OdiousRepeater,https://old.reddit.com/r/dadjokes/comments/qvfu0r/how_does_the_obese_horse_communicate/,2021-11-16 19:26:34,How does a large horse express itself? Through various sounds and body language.,80,1,17859,0,"Below is an instruction that describes a sentiment analysis task.

### Instruction:
Given the following text, please determine if it should be classified as funny or not funny. Base your classification on humor elements such as wit, irony, absurdity, or comedic timing.

### Input:
How does a large horse express itself? Through various sounds and body language.

### Response:
",Yes
The-MEGA-O,https://old.reddit.com/r/dadjokes/comments/lt5979/how_do_you_get_a_farm_girl_to_like_you/,2021-02-26 19:10:10,How do you get a farm girl to like you? A tractor,49,11268,1656,1,"Below is an instruction that describes a sentiment analysis task.

### Instruction:
Given the following text, please determine if it should be classified as funny or not funny. Base your classification on humor elements such as wit, irony, absurdity, or comedic timing.

### Input:
How do you get a farm girl to like you? A tractor

### Response:
",Yes
johnnysmart,https://old.reddit.com/r/dadjokes/comments/5sorvz/what_do_you_call_an_official_weapon_that_shoots/,2017-02-07 22:49:27,What do you call an official weapon that shoots pieces of music? A canon canon cannon,85,1409,1418,1,"Below is an instruction that describes a sentiment analysis task.

### Instruction:
Given the following text, please determine if it should be classified as funny or not funny. Base your classification on humor elements such as wit, irony, absurdity, or comedic timing.

### Input:
What do you call an official weapon that shoots pieces of music? A canon canon cannon

### Response:
",Yes
GirlsUsedToDissMe,https://old.reddit.com/r/dadjokes/comments/82m0w2/when_someone_mentions_rdadjokes_in_the_joke/,2018-03-07 05:50:30,"When someone mentions ""r/dadjokes"" in the joke You know you've meta real dad.",77,586,6346,1,"Below is an instruction that describes a sentiment analysis task.

### Instruction:
Given the following text, please determine if it should be classified as funny or not funny. Base your classification on humor elements such as wit, irony, absurdity, or comedic timing.

### Input:
When someone mentions ""r/dadjokes"" in the joke You know you've meta real dad.

### Response:
",Yes
dirkjently,https://old.reddit.com/r/dadjokes/comments/qpdhpn/what_sort_of_excercise_is_frankensteins_favorite/,2021-11-08 13:20:27,What sort of exercise does Frankenstein's character prefer? Intensive training.,79,1,18996,0,"Below is an instruction that describes a sentiment analysis task.

### Instruction:
Given the following text, please determine if it should be classified as funny or not funny. Base your classification on humor elements such as wit, irony, absurdity, or comedic timing.

### Input:
What sort of exercise does Frankenstein's character prefer? Intensive training.

### Response:
",Yes
Just-a-cute-Toast,https://old.reddit.com/r/dadjokes/comments/cg89q0/to_the_boy_who_stole_my_antidepressants/,2019-07-22 03:52:52,To the boy who stole my anti-depressants I hope you’re happy now,64,24,121,1,"Below is an instruction that describes a sentiment analysis task.

### Instruction:
Given the following text, please determine if it should be classified as funny or not funny. Base your classification on humor elements such as wit, irony, absurdity, or comedic timing.

### Input:
To the boy who stole my anti-depressants I hope you’re happy now

### Response:
",Yes
ologvinftw,https://old.reddit.com/r/dadjokes/comments/bdtzju/a_vegan_kept_telling_me_selling_meat_is_gross/,2019-04-16 13:31:55,A vegan kept telling me selling meat is gross I said selling fruit and vegetables is grocer,91,3181,8374,1,"Below is an instruction that describes a sentiment analysis task.

### Instruction:
Given the following text, please determine if it should be classified as funny or not funny. Base your classification on humor elements such as wit, irony, absurdity, or comedic timing.

### Input:
A vegan kept telling me selling meat is gross I said selling fruit and vegetables is grocer

### Response:
",Yes
kevingcp,https://old.reddit.com/r/dadjokes/comments/b12lef/got_hired_at_a_gym_recently_as_a_personal_trainer/,2019-03-14 16:45:03,Got hired at a gym recently as a personal trainer but it wasn't working out... I had to put in my too weak notice.,114,35,2939,1,"Below is an instruction that describes a sentiment analysis task.

### Instruction:
Given the following text, please determine if it should be classified as funny or not funny. Base your classification on humor elements such as wit, irony, absurdity, or comedic timing.

### Input:
Got hired at a gym recently as a personal trainer but it wasn't working out... I had to put in my too weak notice.

### Response:
",Yes
labink,https://old.reddit.com/r/dadjokes/comments/c9aima/whats_the_best_thing_about_switzerland/,2019-07-05 02:09:18,What’s the best thing about Switzerland? I don’t know but it’s flag is a huge plus.,83,20,8206,1,"Below is an instruction that describes a sentiment analysis task.

### Instruction:
Given the following text, please determine if it should be classified as funny or not funny. Base your classification on humor elements such as wit, irony, absurdity, or comedic timing.

### Input:
What’s the best thing about Switzerland? I don’t know but it’s flag is a huge plus.

### Response:
",Yes
Bowie_Steutel,https://old.reddit.com/r/dadjokes/comments/68bpks/my_dad_told_me_hes_fat_because_he_once_won_a/,2017-04-29 21:06:00,My dad told me he's fat because he once won a Brittish lottery... ... he gained a lot of pounds.,96,39,2310,1,"Below is an instruction that describes a sentiment analysis task.

### Instruction:
Given the following text, please determine if it should be classified as funny or not funny. Base your classification on humor elements such as wit, irony, absurdity, or comedic timing.

### Input:
My dad told me he's fat because he once won a Brittish lottery... ... he gained a lot of pounds.

### Response:
",Yes
orderoffries32,https://old.reddit.com/r/dadjokes/comments/qbwyap/what_do_you_call_turkish_nonsense/,2021-10-20 09:29:58,What do you call incomprehensible comments from Turkey? A misunderstanding.,75,1,21867,0,"Below is an instruction that describes a sentiment analysis task.

### Instruction:
Given the following text, please determine if it should be classified as funny or not funny. Base your classification on humor elements such as wit, irony, absurdity, or comedic timing.

### Input:
What do you call incomprehensible comments from Turkey? A misunderstanding.

### Response:
",Yes
bockjackson,https://old.reddit.com/r/dadjokes/comments/rtguse/2022_new_years_honours_list/,1/1/2022 10:32,2022 new years honours list acknowledges the inventor of advanced electrical safety systems.,92,1,11549,0,"Below is an instruction that describes a sentiment analysis task.

### Instruction:
Given the following text, please determine if it should be classified as funny or not funny. Base your classification on humor elements such as wit, irony, absurdity, or comedic timing.

### Input:
2022 new years honours list acknowledges the inventor of advanced electrical safety systems.

### Response:
",No
Keegan-Gin,https://old.reddit.com/r/dadjokes/comments/g09w5h/whats_blue_and_doesnt_weigh_very_much/,2020-04-13 02:21:07,What's blue and doesn't weigh very much? Light Blue,51,8592,8708,1,"Below is an instruction that describes a sentiment analysis task.

### Instruction:
Given the following text, please determine if it should be classified as funny or not funny. Base your classification on humor elements such as wit, irony, absurdity, or comedic timing.

### Input:
What's blue and doesn't weigh very much? Light Blue

### Response:
",Yes
MasterOfNone_964,https://old.reddit.com/r/dadjokes/comments/qpu1ov/what_brand_of_popcorn_has_the_least_amount_of/,2021-11-09 02:50:51,Which brand of popcorn leaves the fewest unpopped seeds? A high-quality brand.,78,1,18907,0,"Below is an instruction that describes a sentiment analysis task.

### Instruction:
Given the following text, please determine if it should be classified as funny or not funny. Base your classification on humor elements such as wit, irony, absurdity, or comedic timing.

### Input:
Which brand of popcorn leaves the fewest unpopped seeds? A high-quality brand.

### Response:
",Yes
incredibleinkpen,https://old.reddit.com/r/dadjokes/comments/qyt8hz/my_best_friend_is_a_gardener_so_i_asked_him_if/,2021-11-21 11:38:06,My best friend is a gardener so I asked him if he could suggest a good design for an overhead structure for my patio.,117,1,17208,0,"Below is an instruction that describes a sentiment analysis task.

### Instruction:
Given the following text, please determine if it should be classified as funny or not funny. Base your classification on humor elements such as wit, irony, absurdity, or comedic timing.

### Input:
My best friend is a gardener so I asked him if he could suggest a good design for an overhead structure for my patio.

### Response:
",Yes
kneight88,https://old.reddit.com/r/dadjokes/comments/r15g97/what_do_you_call_an_australian_zoo_keeper_with_10/,2021-11-24 13:42:21,What do you call an Australian animal care professional with extensive experience? Highly experienced in marsupial care.,120,1,16842,0,"Below is an instruction that describes a sentiment analysis task.

### Instruction:
Given the following text, please determine if it should be classified as funny or not funny. Base your classification on humor elements such as wit, irony, absurdity, or comedic timing.

### Input:
What do you call an Australian animal care professional with extensive experience? Highly experienced in marsupial care.

### Response:
",Yes
LilHungarian,https://old.reddit.com/r/dadjokes/comments/bj8zz0/my_pizza_is_burnt_my_beer_is_frozen_and_my/,2019-04-30 21:34:44,"My pizza is burnt, my beer is frozen, and my girlfriend is pregnant... ...I can't pull anything out in time!",108,201,5081,1,"Below is an instruction that describes a sentiment analysis task.

### Instruction:
Given the following text, please determine if it should be classified as funny or not funny. Base your classification on humor elements such as wit, irony, absurdity, or comedic timing.

### Input:
My pizza is burnt, my beer is frozen, and my girlfriend is pregnant... ...I can't pull anything out in time!

### Response:
",Yes
BuddyAffectionate601,https://old.reddit.com/r/dadjokes/comments/r5bu8d/i_walked_into_the_kitchen_this_morning_and_saw_my/,2021-11-30 02:02:07,I walked into the kitchen this morning and saw my father unpacking a box of Cheerios.,85,1,16053,0,"Below is an instruction that describes a sentiment analysis task.

### Instruction:
Given the following text, please determine if it should be classified as funny or not funny. Base your classification on humor elements such as wit, irony, absurdity, or comedic timing.

### Input:
I walked into the kitchen this morning and saw my father unpacking a box of Cheerios.

### Response:
",Yes
ThatsMxDykeToYou,https://old.reddit.com/r/dadjokes/comments/r3nbbc/how_much_is_a_chimney_these_days/,2021-11-27 21:22:57,How much does a chimney cost these days? Prices vary depending on the structure.,80,1,16377,0,"Below is an instruction that describes a sentiment analysis task.

### Instruction:
Given the following text, please determine if it should be classified as funny or not funny. Base your classification on humor elements such as wit, irony, absurdity, or comedic timing.

### Input:
How much does a chimney cost these days? Prices vary depending on the structure.

### Response:
",No
Datasinc,https://old.reddit.com/r/dadjokes/comments/4gqqku/on_sports_authoritys_going_out_business_sale/,2016-04-27 21:31:13,"On Sports Authority's going out business sale... ""Now is the winter of our discount-tent.""",90,65,8295,1,"Below is an instruction that describes a sentiment analysis task.

### Instruction:
Given the following text, please determine if it should be classified as funny or not funny. Base your classification on humor elements such as wit, irony, absurdity, or comedic timing.

### Input:
On Sports Authority's going out business sale... ""Now is the winter of our discount-tent.""

### Response:
",Yes
procrastiprov,https://old.reddit.com/r/dadjokes/comments/fzy9r8/why_didnt_the_oak_tree_talk_to_anyone/,2020-04-12 15:05:58,Why didn’t the oak tree talk to anyone? It didn’t want to dialogue.,67,21,7876,1,"Below is an instruction that describes a sentiment analysis task.

### Instruction:
Given the following text, please determine if it should be classified as funny or not funny. Base your classification on humor elements such as wit, irony, absurdity, or comedic timing.

### Input:
Why didn’t the oak tree talk to anyone? It didn’t want to dialogue.

### Response:
",Yes
cmc45712339,https://old.reddit.com/r/dadjokes/comments/r6nyb2/what_do_you_call_a_porcupine_wearing_a_rasta/,2021-12-01 20:13:12,What do you call a porcupine in colorful headgear? A unique sight indeed.,73,1,15818,0,"Below is an instruction that describes a sentiment analysis task.

### Instruction:
Given the following text, please determine if it should be classified as funny or not funny. Base your classification on humor elements such as wit, irony, absurdity, or comedic timing.

### Input:
What do you call a porcupine in colorful headgear? A unique sight indeed.

### Response:
",Yes
parzival_unknown,https://old.reddit.com/r/dadjokes/comments/rs38mv/i_hear_nike_stores_are_very_hookup_friendly/,12/30/2021 14:37,The atmosphere in Nike stores tends to be energetic because you're encouraged to be active.,91,1,11903,0,"Below is an instruction that describes a sentiment analysis task.

### Instruction:
Given the following text, please determine if it should be classified as funny or not funny. Base your classification on humor elements such as wit, irony, absurdity, or comedic timing.

### Input:
The atmosphere in Nike stores tends to be energetic because you're encouraged to be active.

### Response:
",Yes
Tinnber,https://old.reddit.com/r/dadjokes/comments/qw35r3/dad_can_you_tell_me_what_a_solar_eclipse_is/,2021-11-17 16:35:22,"Dad, can you explain to me what a solar eclipse is? No, son.",60,1,17730,0,"Below is an instruction that describes a sentiment analysis task.

### Instruction:
Given the following text, please determine if it should be classified as funny or not funny. Base your classification on humor elements such as wit, irony, absurdity, or comedic timing.

### Input:
Dad, can you explain to me what a solar eclipse is? No, son.

### Response:
",Yes
madazzahatter,https://old.reddit.com/r/dadjokes/comments/7iqwc3/son_youre_just_not_cut_out_to_be_a_mime/,2017-12-10 01:22:38,"“Son, you’re just not cut out to be a mime."" He replied, “Is it something I said?”

“Yes.”",90,396,5748,1,"Below is an instruction that describes a sentiment analysis task.

### Instruction:
Given the following text, please determine if it should be classified as funny or not funny. Base your classification on humor elements such as wit, irony, absurdity, or comedic timing.

### Input:
“Son, you’re just not cut out to be a mime."" He replied, “Is it something I said?”

“Yes.”

### Response:
",Yes
atumanov55,https://old.reddit.com/r/dadjokes/comments/bu3rdl/to_the_man_in_the_wheel_chair_that_stole_my/,2019-05-28 18:42:34,To the man in the wheel chair that stole my camouflage jacket You can’t run but you can hide,92,21,6860,1,"Below is an instruction that describes a sentiment analysis task.

### Instruction:
Given the following text, please determine if it should be classified as funny or not funny. Base your classification on humor elements such as wit, irony, absurdity, or comedic timing.

### Input:
To the man in the wheel chair that stole my camouflage jacket You can’t run but you can hide

### Response:
",Yes
drLagrangian,https://old.reddit.com/r/dadjokes/comments/r26njo/why_is_the_rdadjokes_subreddit_rated_r_during/,2021-11-25 21:14:45,Why is the r/dadjokes subreddit rated R during Thanksgiving? Because the jokes are about turkeys.,97,1,16632,0,"Below is an instruction that describes a sentiment analysis task.

### Instruction:
Given the following text, please determine if it should be classified as funny or not funny. Base your classification on humor elements such as wit, irony, absurdity, or comedic timing.

### Input:
Why is the r/dadjokes subreddit rated R during Thanksgiving? Because the jokes are about turkeys.

### Response:
",Yes
RayInRed,https://old.reddit.com/r/dadjokes/comments/cv6eg3/why_do_bicycles_fall_over/,2019-08-25 09:17:48,Why do bicycles fall over? Because they’re two-tired!,53,21,1647,1,"Below is an instruction that describes a sentiment analysis task.

### Instruction:
Given the following text, please determine if it should be classified as funny or not funny. Base your classification on humor elements such as wit, irony, absurdity, or comedic timing.

### Input:
Why do bicycles fall over? Because they’re two-tired!

### Response:
",Yes
Fox_Fleet60,https://old.reddit.com/r/dadjokes/comments/qdjngz/i_told_a_joke_about_midnight_but_nobody_laughed/,2021-10-22 15:42:55,"I told a joke about midnight, but nobody laughed.

Perhaps my timing was off.",77,1,21453,0,"Below is an instruction that describes a sentiment analysis task.

### Instruction:
Given the following text, please determine if it should be classified as funny or not funny. Base your classification on humor elements such as wit, irony, absurdity, or comedic timing.

### Input:
I told a joke about midnight, but nobody laughed.

Perhaps my timing was off.

### Response:
",Yes
name_alrd_taken,https://old.reddit.com/r/dadjokes/comments/rarobb/not_a_dad_but_heres_one/,2021-12-07 05:27:17,"I'm just an 18-year-old trying to share a story, please bear with me. Here it is.
   
   Have you heard about the detective who is really good at solving puzzles?
   He always figures it out.",191,1,15059,0,"Below is an instruction that describes a sentiment analysis task.

### Instruction:
Given the following text, please determine if it should be classified as funny or not funny. Base your classification on humor elements such as wit, irony, absurdity, or comedic timing.

### Input:
I'm just an 18-year-old trying to share a story, please bear with me. Here it is.
   
   Have you heard about the detective who is really good at solving puzzles?
   He always figures it out.

### Response:
",Yes
gptt916,https://old.reddit.com/r/dadjokes/comments/7rnt7e/when_does_a_joke_become_a_dad_joke/,2018-01-20 03:12:58,When does a joke become a dad joke? When the punchline becomes apparent.,72,61,6664,1,"Below is an instruction that describes a sentiment analysis task.

### Instruction:
Given the following text, please determine if it should be classified as funny or not funny. Base your classification on humor elements such as wit, irony, absurdity, or comedic timing.

### Input:
When does a joke become a dad joke? When the punchline becomes apparent.

### Response:
",Yes
didwanttobethatguy,https://old.reddit.com/r/dadjokes/comments/qfnpmu/what_do_you_call_a_disruptive_potato/,2021-10-25 18:58:34,What do you call a disruptive potato? A problematic potato.,59,1,20883,0,"Below is an instruction that describes a sentiment analysis task.

### Instruction:
Given the following text, please determine if it should be classified as funny or not funny. Base your classification on humor elements such as wit, irony, absurdity, or comedic timing.

### Input:
What do you call a disruptive potato? A problematic potato.

### Response:
",Yes
supra_elongata,https://old.reddit.com/r/dadjokes/comments/qr8i0v/which_vegetable_can_never_keep_a_secret/,2021-11-11 00:32:49,Which vegetable is hardest to keep fresh? Leek due to its high water content.,77,1,18637,0,"Below is an instruction that describes a sentiment analysis task.

### Instruction:
Given the following text, please determine if it should be classified as funny or not funny. Base your classification on humor elements such as wit, irony, absurdity, or comedic timing.

### Input:
Which vegetable is hardest to keep fresh? Leek due to its high water content.

### Response:
",Yes
Detroitredwinger,https://old.reddit.com/r/dadjokes/comments/qz3yyj/found_a_book_on_history_and_future_earth_by_jimmy/,2021-11-21 20:43:46,Found a book chronicling Earth's history and it presents an interesting perspective.,84,1,17150,0,"Below is an instruction that describes a sentiment analysis task.

### Instruction:
Given the following text, please determine if it should be classified as funny or not funny. Base your classification on humor elements such as wit, irony, absurdity, or comedic timing.

### Input:
Found a book chronicling Earth's history and it presents an interesting perspective.

### Response:
",Yes
chacham2,https://old.reddit.com/r/dadjokes/comments/rs5hvz/how_do_cobblers_know_whats_wrong_with_a_shoe/,12/30/2021 16:19,How do cobblers understand footwear issues? They visually inspect every detail.,79,1,11891,0,"Below is an instruction that describes a sentiment analysis task.

### Instruction:
Given the following text, please determine if it should be classified as funny or not funny. Base your classification on humor elements such as wit, irony, absurdity, or comedic timing.

### Input:
How do cobblers understand footwear issues? They visually inspect every detail.

### Response:
",Yes
rehakbrand,https://old.reddit.com/r/dadjokes/comments/d9y54n/son_dad_i_want_to_be_a_train_conductor_but_i_dont/,2019-09-27 09:55:49,"Son: Dad, I want to be a train conductor but I don't know where to start. Me: The station... You can do it. Just stay on the right track",136,30,2196,1,"Below is an instruction that describes a sentiment analysis task.

### Instruction:
Given the following text, please determine if it should be classified as funny or not funny. Base your classification on humor elements such as wit, irony, absurdity, or comedic timing.

### Input:
Son: Dad, I want to be a train conductor but I don't know where to start. Me: The station... You can do it. Just stay on the right track

### Response:
",Yes
JRBX,https://old.reddit.com/r/dadjokes/comments/boqwdg/two_antennas_met_on_a_roof_fell_in_love_and_got/,2019-05-15 00:32:30,"Two antennas met on a roof, fell in love and got married. The ceremony wasn’t much, but the reception was excellent.",116,30,9650,1,"Below is an instruction that describes a sentiment analysis task.

### Instruction:
Given the following text, please determine if it should be classified as funny or not funny. Base your classification on humor elements such as wit, irony, absurdity, or comedic timing.

### Input:
Two antennas met on a roof, fell in love and got married. The ceremony wasn’t much, but the reception was excellent.

### Response:
",Yes
Clear_Equivalent_757,https://old.reddit.com/r/dadjokes/comments/rn2fde/holiday_greetings/,2021-12-23 18:49:42,Season's greetings! Merry Christmas Eve to all!,47,1,12874,0,"Below is an instruction that describes a sentiment analysis task.

### Instruction:
Given the following text, please determine if it should be classified as funny or not funny. Base your classification on humor elements such as wit, irony, absurdity, or comedic timing.

### Input:
Season's greetings! Merry Christmas Eve to all!

### Response:
",Yes
naMsdrawkcaB1,https://old.reddit.com/r/dadjokes/comments/6d4egq/i_heard_trump_met_the_prime_minister_of_israel/,2017-05-24 19:28:01,I heard Trump met the Prime Minister of Israel. I had to google him because he's not in Yahoo,93,23,10092,1,"Below is an instruction that describes a sentiment analysis task.

### Instruction:
Given the following text, please determine if it should be classified as funny or not funny. Base your classification on humor elements such as wit, irony, absurdity, or comedic timing.

### Input:
I heard Trump met the Prime Minister of Israel. I had to google him because he's not in Yahoo

### Response:
",Yes
Actuaryba,https://old.reddit.com/r/dadjokes/comments/rqv816/do_you_have_flooding_problems_at_your_house/,2021-12-29 01:17:01,Are you experiencing flooding problems at your house? I can recommend someone to help.,86,1,12101,0,"Below is an instruction that describes a sentiment analysis task.

### Instruction:
Given the following text, please determine if it should be classified as funny or not funny. Base your classification on humor elements such as wit, irony, absurdity, or comedic timing.

### Input:
Are you experiencing flooding problems at your house? I can recommend someone to help.

### Response:
",Yes
porichoygupto,https://old.reddit.com/r/dadjokes/comments/h0wk5v/my_wife_showed_me_two_of_her_mothers_quilts_and/,2020-06-11 10:15:59,"My wife showed me two of her mother’s quilts and asked me which one I preferred. I said, “I refuse to make blanket statements.”",127,27,1786,1,"Below is an instruction that describes a sentiment analysis task.

### Instruction:
Given the following text, please determine if it should be classified as funny or not funny. Base your classification on humor elements such as wit, irony, absurdity, or comedic timing.

### Input:
My wife showed me two of her mother’s quilts and asked me which one I preferred. I said, “I refuse to make blanket statements.”

### Response:
",Yes
Otacon56,https://old.reddit.com/r/dadjokes/comments/qqfkr8/what_kind_of_bees_make_milk/,2021-11-09 22:53:02,What kind of bees are known for their industrious nature? Honeybees.,68,1,18777,0,"Below is an instruction that describes a sentiment analysis task.

### Instruction:
Given the following text, please determine if it should be classified as funny or not funny. Base your classification on humor elements such as wit, irony, absurdity, or comedic timing.

### Input:
What kind of bees are known for their industrious nature? Honeybees.

### Response:
",Yes
doodlleus,https://old.reddit.com/r/dadjokes/comments/rn4qkv/whats_et_short_for/,2021-12-23 20:37:25,What's E.T. short for? Because he's an extraterrestrial.,56,1,12847,0,"Below is an instruction that describes a sentiment analysis task.

### Instruction:
Given the following text, please determine if it should be classified as funny or not funny. Base your classification on humor elements such as wit, irony, absurdity, or comedic timing.

### Input:
What's E.T. short for? Because he's an extraterrestrial.

### Response:
",Yes
man_the_human,https://old.reddit.com/r/dadjokes/comments/5sbz0n/i_hate_when_people_ask_me_where_i_see_myself_in_3/,2017-02-06 03:52:19,"I hate when people ask me where I see myself in 3 years. Like come on guys, I don't have 2020 vision",100,576,403,1,"Below is an instruction that describes a sentiment analysis task.

### Instruction:
Given the following text, please determine if it should be classified as funny or not funny. Base your classification on humor elements such as wit, irony, absurdity, or comedic timing.

### Input:
I hate when people ask me where I see myself in 3 years. Like come on guys, I don't have 2020 vision

### Response:
",Yes
DrSuperZonic,https://old.reddit.com/r/dadjokes/comments/9f9szr/have_you_guys_heard_the_story_of_the_blind_man/,2018-09-12 17:28:31,Have you guys heard the story of the blind man who fell in a well? He didn't see that well,90,46,6712,1,"Below is an instruction that describes a sentiment analysis task.

### Instruction:
Given the following text, please determine if it should be classified as funny or not funny. Base your classification on humor elements such as wit, irony, absurdity, or comedic timing.

### Input:
Have you guys heard the story of the blind man who fell in a well? He didn't see that well

### Response:
",Yes
labink,https://old.reddit.com/r/dadjokes/comments/c54ex9/doctor_nurse_how_is_that_little_girl_doing_who/,2019-06-25 07:17:43,"Doctor: Nurse, how is that little girl doing who swallowed ten quarters last night? Nurse: No change yet.",105,21,4112,1,"Below is an instruction that describes a sentiment analysis task.

### Instruction:
Given the following text, please determine if it should be classified as funny or not funny. Base your classification on humor elements such as wit, irony, absurdity, or comedic timing.

### Input:
Doctor: Nurse, how is that little girl doing who swallowed ten quarters last night? Nurse: No change yet.

### Response:
",Yes
shawncleave,https://old.reddit.com/r/dadjokes/comments/rttei2/yesterday_i_purchased_some_boots_off_a_drug_dealer/,1/1/2022 21:46,"Yesterday, I purchased some boots that didn't feel quite right. I've been uncomfortable in them all day.",104,1,11467,0,"Below is an instruction that describes a sentiment analysis task.

### Instruction:
Given the following text, please determine if it should be classified as funny or not funny. Base your classification on humor elements such as wit, irony, absurdity, or comedic timing.

### Input:
Yesterday, I purchased some boots that didn't feel quite right. I've been uncomfortable in them all day.

### Response:
",Yes
porichoygupto,https://old.reddit.com/r/dadjokes/comments/86jo6n/her_why_are_you_talking_to_yourself/,2018-03-23 10:42:16,Her: Why are you talking to yourself? Me: Sometimes I need expert advice.,73,4231,9837,1,"Below is an instruction that describes a sentiment analysis task.

### Instruction:
Given the following text, please determine if it should be classified as funny or not funny. Base your classification on humor elements such as wit, irony, absurdity, or comedic timing.

### Input:
Her: Why are you talking to yourself? Me: Sometimes I need expert advice.

### Response:
",Yes
jmar4234,https://old.reddit.com/r/dadjokes/comments/kfo0jk/what_do_you_call_an_orphan_taking_a_selfie/,2020-12-18 16:12:55,What do you call an orphan taking a selfie? A family photo.,59,50,9884,1,"Below is an instruction that describes a sentiment analysis task.

### Instruction:
Given the following text, please determine if it should be classified as funny or not funny. Base your classification on humor elements such as wit, irony, absurdity, or comedic timing.

### Input:
What do you call an orphan taking a selfie? A family photo.

### Response:
",Yes
myduplicate,https://old.reddit.com/r/dadjokes/comments/qv8cvn/did_you_know_that_salvador_dali_had_a_brother_who/,2021-11-16 13:58:17,Did you know Salvador Dali had a brother who was an accomplished athlete?,73,1,17894,0,"Below is an instruction that describes a sentiment analysis task.

### Instruction:
Given the following text, please determine if it should be classified as funny or not funny. Base your classification on humor elements such as wit, irony, absurdity, or comedic timing.

### Input:
Did you know Salvador Dali had a brother who was an accomplished athlete?

### Response:
",Yes
Yousufahmed99,https://old.reddit.com/r/dadjokes/comments/qnynjp/what_do_you_call_a_donut_that_caught_fire/,2021-11-06 11:50:15,What do you call a pastry in distress? A charred cruller.,57,1,19251,0,"Below is an instruction that describes a sentiment analysis task.

### Instruction:
Given the following text, please determine if it should be classified as funny or not funny. Base your classification on humor elements such as wit, irony, absurdity, or comedic timing.

### Input:
What do you call a pastry in distress? A charred cruller.

### Response:
",Yes
DIY_Cosmetics,https://old.reddit.com/r/dadjokes/comments/qv6ggh/what_do_you_call_an_antelope_that_doesnt_believe/,2021-11-16 12:12:13,What do you name an antelope that lacks confidence? It needs support.,69,1,17902,0,"Below is an instruction that describes a sentiment analysis task.

### Instruction:
Given the following text, please determine if it should be classified as funny or not funny. Base your classification on humor elements such as wit, irony, absurdity, or comedic timing.

### Input:
What do you name an antelope that lacks confidence? It needs support.

### Response:
",Yes
Idlehackss,https://old.reddit.com/r/dadjokes/comments/8iam0p/i_once_accidentally_sat_down_on_a_sheet_of_glass/,2018-05-09 23:51:05,I once accidentally sat down on a sheet of glass It was a massive pane in my ass,80,54,1875,1,"Below is an instruction that describes a sentiment analysis task.

### Instruction:
Given the following text, please determine if it should be classified as funny or not funny. Base your classification on humor elements such as wit, irony, absurdity, or comedic timing.

### Input:
I once accidentally sat down on a sheet of glass It was a massive pane in my ass

### Response:
",Yes
Degtyrev,https://old.reddit.com/r/dadjokes/comments/qmnon5/i_really_dont_want_anyone_to_know_that_i_need_you/,2021-11-04 15:55:32,"I prefer to keep my request discreet, so I'm reaching out anonymously.",70,1,19519,0,"Below is an instruction that describes a sentiment analysis task.

### Instruction:
Given the following text, please determine if it should be classified as funny or not funny. Base your classification on humor elements such as wit, irony, absurdity, or comedic timing.

### Input:
I prefer to keep my request discreet, so I'm reaching out anonymously.

### Response:
",Yes
readytocomment,https://old.reddit.com/r/dadjokes/comments/rouoeq/why_do_mermaids_wear_sea_shells_on_their_chest/,2021-12-26 10:48:52,Why do mermaids wear certain shells? Because they prefer them.,62,1,12469,0,"Below is an instruction that describes a sentiment analysis task.

### Instruction:
Given the following text, please determine if it should be classified as funny or not funny. Base your classification on humor elements such as wit, irony, absurdity, or comedic timing.

### Input:
Why do mermaids wear certain shells? Because they prefer them.

### Response:
",Yes
Sp1cyRice,https://old.reddit.com/r/dadjokes/comments/c8qbey/while_i_was_at_the_gym_i_decided_to_hop_on_a/,2019-07-03 16:40:44,"While I was at the gym, I decided to hop on a treadmill. People started giving me weird looks, so I started jogging instead.",124,486,1946,1,"Below is an instruction that describes a sentiment analysis task.

### Instruction:
Given the following text, please determine if it should be classified as funny or not funny. Base your classification on humor elements such as wit, irony, absurdity, or comedic timing.

### Input:
While I was at the gym, I decided to hop on a treadmill. People started giving me weird looks, so I started jogging instead.

### Response:
",Yes
ponderingfox,https://old.reddit.com/r/dadjokes/comments/8ajzob/sometimes_when_houses_have_personality_disorders/,2018-04-07 18:26:55,Sometimes when houses have personality disorders... They develop attic.,71,26,7247,1,"Below is an instruction that describes a sentiment analysis task.

### Instruction:
Given the following text, please determine if it should be classified as funny or not funny. Base your classification on humor elements such as wit, irony, absurdity, or comedic timing.

### Input:
Sometimes when houses have personality disorders... They develop attic.

### Response:
",Yes
ShiroHachiRoku,https://old.reddit.com/r/dadjokes/comments/9atziw/i_saw_a_man_wearing_full_camouflage_gear_today/,2018-08-27 23:42:37,I saw a man wearing full camouflage gear today. He needs to get his money back. ,80,64,5857,1,"Below is an instruction that describes a sentiment analysis task.

### Instruction:
Given the following text, please determine if it should be classified as funny or not funny. Base your classification on humor elements such as wit, irony, absurdity, or comedic timing.

### Input:
I saw a man wearing full camouflage gear today. He needs to get his money back. 

### Response:
",Yes
Ali_Gunningham,https://old.reddit.com/r/dadjokes/comments/8h0gb6/why_should_you_never_marry_a_tennis_player/,2018-05-04 16:15:29,Why should you never marry a tennis player? Because love means nothing to them. ,80,31,306,1,"Below is an instruction that describes a sentiment analysis task.

### Instruction:
Given the following text, please determine if it should be classified as funny or not funny. Base your classification on humor elements such as wit, irony, absurdity, or comedic timing.

### Input:
Why should you never marry a tennis player? Because love means nothing to them. 

### Response:
",Yes
schaefy_,https://old.reddit.com/r/dadjokes/comments/bqbfpw/what_do_you_call_it_when_batman_skips_out_on/,2019-05-19 01:31:27,What do you call it when Batman skips out on church? Christian Bale.,68,107,10364,1,"Below is an instruction that describes a sentiment analysis task.

### Instruction:
Given the following text, please determine if it should be classified as funny or not funny. Base your classification on humor elements such as wit, irony, absurdity, or comedic timing.

### Input:
What do you call it when Batman skips out on church? Christian Bale.

### Response:
",Yes
ExtraSure,https://old.reddit.com/r/dadjokes/comments/qi8a12/pink_panthers_to_do_list/,2021-10-29 08:39:41,To-do list for organizing tasks: List items sequentially and prioritize.,72,1,20312,0,"Below is an instruction that describes a sentiment analysis task.

### Instruction:
Given the following text, please determine if it should be classified as funny or not funny. Base your classification on humor elements such as wit, irony, absurdity, or comedic timing.

### Input:
To-do list for organizing tasks: List items sequentially and prioritize.

### Response:
",Yes
porichoygupto,https://old.reddit.com/r/dadjokes/comments/91qn93/i_failed_my_calculus_exam_in_college_because_i/,2018-07-25 10:26:25,I failed my calculus exam in college because I was seated between two identical twins. I couldn’t differentiate between them.,125,230,4270,1,"Below is an instruction that describes a sentiment analysis task.

### Instruction:
Given the following text, please determine if it should be classified as funny or not funny. Base your classification on humor elements such as wit, irony, absurdity, or comedic timing.

### Input:
I failed my calculus exam in college because I was seated between two identical twins. I couldn’t differentiate between them.

### Response:
",Yes
Roland_248,https://old.reddit.com/r/dadjokes/comments/rg8j59/what_do_you_call_a_magically_gifted_woman_on_the/,2021-12-14 14:22:53,What do you call a talented woman on the beach? A skilled beachgoer.,68,1,14257,0,"Below is an instruction that describes a sentiment analysis task.

### Instruction:
Given the following text, please determine if it should be classified as funny or not funny. Base your classification on humor elements such as wit, irony, absurdity, or comedic timing.

### Input:
What do you call a talented woman on the beach? A skilled beachgoer.

### Response:
",Yes
porichoygupto,https://old.reddit.com/r/dadjokes/comments/crzo6q/my_friends_keep_telling_me_that_im_the_worst/,2019-08-18 10:35:40,My friends keep telling me that I’m the worst mailman they’ve ever seen. Shit. Meant to post this somewhere else .,114,444,3295,1,"Below is an instruction that describes a sentiment analysis task.

### Instruction:
Given the following text, please determine if it should be classified as funny or not funny. Base your classification on humor elements such as wit, irony, absurdity, or comedic timing.

### Input:
My friends keep telling me that I’m the worst mailman they’ve ever seen. Shit. Meant to post this somewhere else .

### Response:
",Yes
aceofdarts68,https://old.reddit.com/r/dadjokes/comments/d12loi/i_blew_up_some_cheese_earlier/,2019-09-07 22:22:52,I blew up some cheese earlier. Da brie went everywhere.,55,69,4309,1,"Below is an instruction that describes a sentiment analysis task.

### Instruction:
Given the following text, please determine if it should be classified as funny or not funny. Base your classification on humor elements such as wit, irony, absurdity, or comedic timing.

### Input:
I blew up some cheese earlier. Da brie went everywhere.

### Response:
",Yes
porichoygupto,https://old.reddit.com/r/dadjokes/comments/b5e873/interviewer_your_resume_says_that_you_take_things/,2019-03-25 18:15:00,Interviewer: Your resume says that you take things too literally. Me: When the hell did my resume learn to talk?,112,45,385,1,"Below is an instruction that describes a sentiment analysis task.

### Instruction:
Given the following text, please determine if it should be classified as funny or not funny. Base your classification on humor elements such as wit, irony, absurdity, or comedic timing.

### Input:
Interviewer: Your resume says that you take things too literally. Me: When the hell did my resume learn to talk?

### Response:
",Yes
DepleetedMass,https://old.reddit.com/r/dadjokes/comments/rb0hm3/do_they_laugh_out_loud_in_hawaii/,2021-12-07 14:33:22,Do they laugh out loud in Hawaii? Or is it just aloha?,54,30,9933,1,"Below is an instruction that describes a sentiment analysis task.

### Instruction:
Given the following text, please determine if it should be classified as funny or not funny. Base your classification on humor elements such as wit, irony, absurdity, or comedic timing.

### Input:
Do they laugh out loud in Hawaii? Or is it just aloha?

### Response:
",Yes
wade8080,https://old.reddit.com/r/dadjokes/comments/rj0d31/what_is_beethovens_favorite_christmas_carol/,2021-12-18 05:28:50,What is Beethoven's favorite Christmas carol? He did not have one as he was deaf.,81,1,13681,0,"Below is an instruction that describes a sentiment analysis task.

### Instruction:
Given the following text, please determine if it should be classified as funny or not funny. Base your classification on humor elements such as wit, irony, absurdity, or comedic timing.

### Input:
What is Beethoven's favorite Christmas carol? He did not have one as he was deaf.

### Response:
",Yes
Accurate-Narwhal-24,https://old.reddit.com/r/dadjokes/comments/r5zgq8/how_many_siblings_does_it_take_to_change_a/,2021-11-30 22:38:33,How many siblings does it take to change a lightbulb? They all collaborate to get the job done quickly.,103,1,15934,0,"Below is an instruction that describes a sentiment analysis task.

### Instruction:
Given the following text, please determine if it should be classified as funny or not funny. Base your classification on humor elements such as wit, irony, absurdity, or comedic timing.

### Input:
How many siblings does it take to change a lightbulb? They all collaborate to get the job done quickly.

### Response:
",Yes
MomWithDadJokes,https://old.reddit.com/r/dadjokes/comments/qjexvi/what_do_you_call_a_stool_softener/,2021-10-31 01:11:10,What do you call a comfortable seating accessory? A cushion.,60,1,20053,0,"Below is an instruction that describes a sentiment analysis task.

### Instruction:
Given the following text, please determine if it should be classified as funny or not funny. Base your classification on humor elements such as wit, irony, absurdity, or comedic timing.

### Input:
What do you call a comfortable seating accessory? A cushion.

### Response:
",Yes
mamas_spaghettini,https://old.reddit.com/r/dadjokes/comments/au701h/people_in_afghanistan_arent_allowed_to_watch_tv/,2019-02-24 11:05:19,People in Afghanistan aren't allowed to watch TV Because of the telly ban.,74,41,6845,1,"Below is an instruction that describes a sentiment analysis task.

### Instruction:
Given the following text, please determine if it should be classified as funny or not funny. Base your classification on humor elements such as wit, irony, absurdity, or comedic timing.

### Input:
People in Afghanistan aren't allowed to watch TV Because of the telly ban.

### Response:
",Yes
rogue-_-robot,https://old.reddit.com/r/dadjokes/comments/c90eip/my_good_friend_drowned_while_at_the_beach_last/,2019-07-04 09:06:46,My good friend drowned while at the beach last month. I tearfully placed a life preserver on his coffin at the funeral. It's what he would've wanted.,149,102,6828,1,"Below is an instruction that describes a sentiment analysis task.

### Instruction:
Given the following text, please determine if it should be classified as funny or not funny. Base your classification on humor elements such as wit, irony, absurdity, or comedic timing.

### Input:
My good friend drowned while at the beach last month. I tearfully placed a life preserver on his coffin at the funeral. It's what he would've wanted.

### Response:
",Yes
xwhy,https://old.reddit.com/r/dadjokes/comments/6ga536/sideshow_bob_could_never_get_a_job_at_moes_tavern/,2017-06-09 18:06:58,Sideshow Bob could never get a job at Moe's Tavern Because of his many past failures with Bart-ending.,102,2427,7571,1,"Below is an instruction that describes a sentiment analysis task.

### Instruction:
Given the following text, please determine if it should be classified as funny or not funny. Base your classification on humor elements such as wit, irony, absurdity, or comedic timing.

### Input:
Sideshow Bob could never get a job at Moe's Tavern Because of his many past failures with Bart-ending.

### Response:
",Yes
Mr_McMuffins,https://old.reddit.com/r/dadjokes/comments/92y98r/have_you_heard_the_rumors_about_butter_going/,2018-07-29 21:35:09,Have you heard the rumors about butter going around? Never mind I shouldn’t spread it,85,120,7642,1,"Below is an instruction that describes a sentiment analysis task.

### Instruction:
Given the following text, please determine if it should be classified as funny or not funny. Base your classification on humor elements such as wit, irony, absurdity, or comedic timing.

### Input:
Have you heard the rumors about butter going around? Never mind I shouldn’t spread it

### Response:
",Yes
head_in_the_clouds69,https://old.reddit.com/r/dadjokes/comments/8g7geu/dad_why_do_scuba_divers_roll_backwards_off_the/,2018-05-01 10:33:19,"Dad, why do scuba divers roll backwards off the boat? Because, son, if they rolled forwards they'd still be in the boat.",120,5470,4377,1,"Below is an instruction that describes a sentiment analysis task.

### Instruction:
Given the following text, please determine if it should be classified as funny or not funny. Base your classification on humor elements such as wit, irony, absurdity, or comedic timing.

### Input:
Dad, why do scuba divers roll backwards off the boat? Because, son, if they rolled forwards they'd still be in the boat.

### Response:
",Yes
porichoygupto,https://old.reddit.com/r/dadjokes/comments/bluksv/i_went_to_visit_a_friend_at_the_hospital_and/,2019-05-07 18:54:05,I went to visit a friend at the hospital and found a spot in the “C” section of the parking lot. I had to climb out of the sunroof.,131,22,4811,1,"Below is an instruction that describes a sentiment analysis task.

### Instruction:
Given the following text, please determine if it should be classified as funny or not funny. Base your classification on humor elements such as wit, irony, absurdity, or comedic timing.

### Input:
I went to visit a friend at the hospital and found a spot in the “C” section of the parking lot. I had to climb out of the sunroof.

### Response:
",Yes
s_toft,https://old.reddit.com/r/dadjokes/comments/rkr5gj/i_used_to_hate_all_these_jokes_about_christmas/,2021-12-20 16:30:14,"I used to dislike all these decorations, but now their festive spirit is quite appealing.",89,1,13335,0,"Below is an instruction that describes a sentiment analysis task.

### Instruction:
Given the following text, please determine if it should be classified as funny or not funny. Base your classification on humor elements such as wit, irony, absurdity, or comedic timing.

### Input:
I used to dislike all these decorations, but now their festive spirit is quite appealing.

### Response:
",No
rlbustos,https://old.reddit.com/r/dadjokes/comments/daaqii/orions_belt_is_such_a_waist_of_space/,2019-09-28 03:14:30,Orion’s belt is such a waist of space. Terrible joke. Only three stars.,71,36,7212,1,"Below is an instruction that describes a sentiment analysis task.

### Instruction:
Given the following text, please determine if it should be classified as funny or not funny. Base your classification on humor elements such as wit, irony, absurdity, or comedic timing.

### Input:
Orion’s belt is such a waist of space. Terrible joke. Only three stars.

### Response:
",Yes
ryan_godzez,https://old.reddit.com/r/dadjokes/comments/r2hab4/why_did_the_bullet_lose_its_job/,2021-11-26 07:02:03,Why did the employee lose its job? Because it was terminated.,61,1,16570,0,"Below is an instruction that describes a sentiment analysis task.

### Instruction:
Given the following text, please determine if it should be classified as funny or not funny. Base your classification on humor elements such as wit, irony, absurdity, or comedic timing.

### Input:
Why did the employee lose its job? Because it was terminated.

### Response:
",Yes
No_Childhood_1734,https://old.reddit.com/r/dadjokes/comments/rrgq2e/what_time_did_the_man_go_to_the_dentist/,12/29/2021 19:42,What time did the man go to the dentist? He had an appointment at 2:30.,71,1,12002,0,"Below is an instruction that describes a sentiment analysis task.

### Instruction:
Given the following text, please determine if it should be classified as funny or not funny. Base your classification on humor elements such as wit, irony, absurdity, or comedic timing.

### Input:
What time did the man go to the dentist? He had an appointment at 2:30.

### Response:
",Yes
Stuck_in_a_depo,https://old.reddit.com/r/dadjokes/comments/qgwc68/what_do_you_call_2000_pounds_of_korean_money/,2021-10-27 13:09:31,"What do you call 2000 pounds of Korean money?
Person 1: ""That would be a large sum of South Korean won.""",104,1,20618,0,"Below is an instruction that describes a sentiment analysis task.

### Instruction:
Given the following text, please determine if it should be classified as funny or not funny. Base your classification on humor elements such as wit, irony, absurdity, or comedic timing.

### Input:
What do you call 2000 pounds of Korean money?
Person 1: ""That would be a large sum of South Korean won.""

### Response:
",Yes
KingdomOfNerdz,https://old.reddit.com/r/dadjokes/comments/qodzoj/canola_is_a_neutral_flavored_oil/,2021-11-07 01:18:21,Canola is a versatile cooking oil due to its neutral flavor.,60,1,19154,0,"Below is an instruction that describes a sentiment analysis task.

### Instruction:
Given the following text, please determine if it should be classified as funny or not funny. Base your classification on humor elements such as wit, irony, absurdity, or comedic timing.

### Input:
Canola is a versatile cooking oil due to its neutral flavor.

### Response:
",No
_theCantaloupe,https://old.reddit.com/r/dadjokes/comments/qcb8ai/an_evian_factory_worker_decided_to_steal_some/,2021-10-20 21:18:01,"An Evian factory worker decided to steal some water. His plan was reported, and he was apprehended in the end.",110,1,21782,0,"Below is an instruction that describes a sentiment analysis task.

### Instruction:
Given the following text, please determine if it should be classified as funny or not funny. Base your classification on humor elements such as wit, irony, absurdity, or comedic timing.

### Input:
An Evian factory worker decided to steal some water. His plan was reported, and he was apprehended in the end.

### Response:
",Yes
Thomas49Way,https://old.reddit.com/r/dadjokes/comments/qkyzg4/what_the_fuck_has_happened_to_this_sub/,2021-11-02 07:32:43,What's going on with this group's content quality? http://m.imgur.com/ImM3RWz,77,1,19803,0,"Below is an instruction that describes a sentiment analysis task.

### Instruction:
Given the following text, please determine if it should be classified as funny or not funny. Base your classification on humor elements such as wit, irony, absurdity, or comedic timing.

### Input:
What's going on with this group's content quality? http://m.imgur.com/ImM3RWz

### Response:
",No
Justbrowsingredditts,https://old.reddit.com/r/dadjokes/comments/qntf58/what_do_you_call_a_mexican_who_missed_the_bus/,2021-11-06 05:11:44,What do you call a person who missed the bus? Someone who has to wait for the next one.,87,1,19284,0,"Below is an instruction that describes a sentiment analysis task.

### Instruction:
Given the following text, please determine if it should be classified as funny or not funny. Base your classification on humor elements such as wit, irony, absurdity, or comedic timing.

### Input:
What do you call a person who missed the bus? Someone who has to wait for the next one.

### Response:
",Yes
porichoygupto,https://old.reddit.com/r/dadjokes/comments/dd9ptz/my_wife_why_dont_you_stop_telling_terrible_dad/,2019-10-04 16:29:27,My wife: Why don’t you stop telling terrible Dad jokes and write a book instead? Me: That’s.....a novel idea.,109,225,1700,1,"Below is an instruction that describes a sentiment analysis task.

### Instruction:
Given the following text, please determine if it should be classified as funny or not funny. Base your classification on humor elements such as wit, irony, absurdity, or comedic timing.

### Input:
My wife: Why don’t you stop telling terrible Dad jokes and write a book instead? Me: That’s.....a novel idea.

### Response:
",Yes
LuckySniper0629,https://old.reddit.com/r/dadjokes/comments/rp42dr/i_didnt_want_a_brain_transplant/,2021-12-26 19:34:27,"I was apprehensive about a brain procedure, but I eventually gave my consent.",77,1,12413,0,"Below is an instruction that describes a sentiment analysis task.

### Instruction:
Given the following text, please determine if it should be classified as funny or not funny. Base your classification on humor elements such as wit, irony, absurdity, or comedic timing.

### Input:
I was apprehensive about a brain procedure, but I eventually gave my consent.

### Response:
",Yes
incredibleinkpen,https://old.reddit.com/r/dadjokes/comments/rj52n2/for_lack_of_a_better_word/,2021-12-18 10:50:24,If you can't find the word you need... consider using a thesaurus.,66,1,13660,0,"Below is an instruction that describes a sentiment analysis task.

### Instruction:
Given the following text, please determine if it should be classified as funny or not funny. Base your classification on humor elements such as wit, irony, absurdity, or comedic timing.

### Input:
If you can't find the word you need... consider using a thesaurus.

### Response:
",Yes
ErwinFurwinPurrwin,https://old.reddit.com/r/dadjokes/comments/qk4bxu/why_cant_you_see_babies_before_theyre_born/,2021-11-01 02:22:02,Why can't you see babies before they're born? They are developing in the womb.,78,1,19895,0,"Below is an instruction that describes a sentiment analysis task.

### Instruction:
Given the following text, please determine if it should be classified as funny or not funny. Base your classification on humor elements such as wit, irony, absurdity, or comedic timing.

### Input:
Why can't you see babies before they're born? They are developing in the womb.

### Response:
",Yes
labink,https://old.reddit.com/r/dadjokes/comments/caarzh/smoking_will_kill_you_bacon_will_kill_you/,2019-07-07 19:24:50,Smoking will kill you. Bacon will kill you. But smoking bacon will cure it.,75,2881,5788,1,"Below is an instruction that describes a sentiment analysis task.

### Instruction:
Given the following text, please determine if it should be classified as funny or not funny. Base your classification on humor elements such as wit, irony, absurdity, or comedic timing.

### Input:
Smoking will kill you. Bacon will kill you. But smoking bacon will cure it.

### Response:
",Yes
Merlin-5,https://old.reddit.com/r/dadjokes/comments/lah26k/my_friends_asked_me_why_i_hang_my_grapes_outside/,2021-02-01 23:08:29,"My friends asked me why I hang my grapes outside to dry I told them, “I have my raisins.”",89,29,5570,1,"Below is an instruction that describes a sentiment analysis task.

### Instruction:
Given the following text, please determine if it should be classified as funny or not funny. Base your classification on humor elements such as wit, irony, absurdity, or comedic timing.

### Input:
My friends asked me why I hang my grapes outside to dry I told them, “I have my raisins.”

### Response:
",Yes
NoahIsaacc,https://old.reddit.com/r/dadjokes/comments/bj4prh/if_you_dont_wear_your_seatbelt/,2019-04-30 15:35:39,If you don’t wear your seatbelt... You’re less likely to die of cancer,70,26,5296,1,"Below is an instruction that describes a sentiment analysis task.

### Instruction:
Given the following text, please determine if it should be classified as funny or not funny. Base your classification on humor elements such as wit, irony, absurdity, or comedic timing.

### Input:
If you don’t wear your seatbelt... You’re less likely to die of cancer

### Response:
",Yes
franz-hanz,https://old.reddit.com/r/dadjokes/comments/dne8ol/the_secret_service_arent_allowed_to_yell_get_down/,2019-10-26 14:01:54,"The secret service aren’t allowed to yell “GET DOWN” anymore if the president is about to be attacked. Instead they say, “DONALD, Duck!”",136,344,3062,1,"Below is an instruction that describes a sentiment analysis task.

### Instruction:
Given the following text, please determine if it should be classified as funny or not funny. Base your classification on humor elements such as wit, irony, absurdity, or comedic timing.

### Input:
The secret service aren’t allowed to yell “GET DOWN” anymore if the president is about to be attacked. Instead they say, “DONALD, Duck!”

### Response:
",Yes
1Alphanate,https://old.reddit.com/r/dadjokes/comments/dqqk4a/the_past_present_and_future_walk_into_a_bar/,2019-11-02 21:12:39,"The past, present and future walk into a bar.  It was tense.",60,44,4734,1,"Below is an instruction that describes a sentiment analysis task.

### Instruction:
Given the following text, please determine if it should be classified as funny or not funny. Base your classification on humor elements such as wit, irony, absurdity, or comedic timing.

### Input:
The past, present and future walk into a bar.  It was tense.

### Response:
",Yes
Ok-Pay-449,https://old.reddit.com/r/dadjokes/comments/qiilh6/all_my_clothes_are_gay/,2021-10-29 18:00:38,All my clothes have been worn; they're no longer just stored away.,66,1,20241,0,"Below is an instruction that describes a sentiment analysis task.

### Instruction:
Given the following text, please determine if it should be classified as funny or not funny. Base your classification on humor elements such as wit, irony, absurdity, or comedic timing.

### Input:
All my clothes have been worn; they're no longer just stored away.

### Response:
",Yes
deege,https://old.reddit.com/r/dadjokes/comments/qs266e/whats_blue_and_tastes_like_red_paint/,2021-11-12 03:20:38,What’s blue and looks similar to red paint? Blue paint.,55,1,18513,0,"Below is an instruction that describes a sentiment analysis task.

### Instruction:
Given the following text, please determine if it should be classified as funny or not funny. Base your classification on humor elements such as wit, irony, absurdity, or comedic timing.

### Input:
What’s blue and looks similar to red paint? Blue paint.

### Response:
",Yes
imatyourwhim,https://old.reddit.com/r/dadjokes/comments/qhfaxu/my_daughters_joke_on_the_way_home/,2021-10-28 04:53:51,My daughter's observation on the way home… People often wear similar colors to match as a group!,96,1,20498,0,"Below is an instruction that describes a sentiment analysis task.

### Instruction:
Given the following text, please determine if it should be classified as funny or not funny. Base your classification on humor elements such as wit, irony, absurdity, or comedic timing.

### Input:
My daughter's observation on the way home… People often wear similar colors to match as a group!

### Response:
",Yes
Jennifer_2002,https://old.reddit.com/r/dadjokes/comments/7txqjs/my_girlfriend_really_changed_after_she_became_a/,2018-01-30 02:25:14,My girlfriend really changed after she became a vegan. It's like I've never seen herbivore.,91,325,8596,1,"Below is an instruction that describes a sentiment analysis task.

### Instruction:
Given the following text, please determine if it should be classified as funny or not funny. Base your classification on humor elements such as wit, irony, absurdity, or comedic timing.

### Input:
My girlfriend really changed after she became a vegan. It's like I've never seen herbivore.

### Response:
",Yes
starkers107,https://old.reddit.com/r/dadjokes/comments/r3po39/what_do_french_people_smoke_after_a_hike/,2021-11-27 23:16:55,What do French people smoke after a hike? Smoking is hazardous to health.,73,1,16365,0,"Below is an instruction that describes a sentiment analysis task.

### Instruction:
Given the following text, please determine if it should be classified as funny or not funny. Base your classification on humor elements such as wit, irony, absurdity, or comedic timing.

### Input:
What do French people smoke after a hike? Smoking is hazardous to health.

### Response:
",Yes
AlGeee,https://old.reddit.com/r/dadjokes/comments/rf3u2i/i_asked_for_the_pizza_to_be_delivered_wearing/,2021-12-13 01:38:57,I requested that the pizza be delivered with no contact.,56,1,14487,0,"Below is an instruction that describes a sentiment analysis task.

### Instruction:
Given the following text, please determine if it should be classified as funny or not funny. Base your classification on humor elements such as wit, irony, absurdity, or comedic timing.

### Input:
I requested that the pizza be delivered with no contact.

### Response:
",Yes
MichaelMurphy311,https://old.reddit.com/r/dadjokes/comments/rhkaim/what_does_a_baby_computer_call_its_father/,2021-12-16 06:09:36,What does a baby computer call its father? Data(pronounced: dahtah),67,1,13979,0,"Below is an instruction that describes a sentiment analysis task.

### Instruction:
Given the following text, please determine if it should be classified as funny or not funny. Base your classification on humor elements such as wit, irony, absurdity, or comedic timing.

### Input:
What does a baby computer call its father? Data(pronounced: dahtah)

### Response:
",Yes
MatsuriIsAGod,https://old.reddit.com/r/dadjokes/comments/rv7ibi/what_did_the_skeleton_say_to_his_wife/,1/3/2022 17:50,"What did the skeleton say to his wife? ""I've got a bone to pick with you.""",74,1,11189,0,"Below is an instruction that describes a sentiment analysis task.

### Instruction:
Given the following text, please determine if it should be classified as funny or not funny. Base your classification on humor elements such as wit, irony, absurdity, or comedic timing.

### Input:
What did the skeleton say to his wife? ""I've got a bone to pick with you.""

### Response:
",Yes
Retgits,https://old.reddit.com/r/dadjokes/comments/hud34j/walking_home_last_night_i_passed_a_slice_of_apple/,2020-07-20 02:18:15,"Walking home last night, I passed a slice of apple pie, an ice cream sundae, and a lemon cheesecake. I thought to myself, “The streets seem strangely desserted…”",161,176,3854,1,"Below is an instruction that describes a sentiment analysis task.

### Instruction:
Given the following text, please determine if it should be classified as funny or not funny. Base your classification on humor elements such as wit, irony, absurdity, or comedic timing.

### Input:
Walking home last night, I passed a slice of apple pie, an ice cream sundae, and a lemon cheesecake. I thought to myself, “The streets seem strangely desserted…”

### Response:
",Yes
MedJesters,https://old.reddit.com/r/dadjokes/comments/cmcw66/my_son_said_jim_morrison_was_overrated/,2019-08-05 16:05:55,My son said Jim Morrison was overrated. I yelled at him for slamming the doors.,79,26,3493,1,"Below is an instruction that describes a sentiment analysis task.

### Instruction:
Given the following text, please determine if it should be classified as funny or not funny. Base your classification on humor elements such as wit, irony, absurdity, or comedic timing.

### Input:
My son said Jim Morrison was overrated. I yelled at him for slamming the doors.

### Response:
",Yes
s_toft,https://old.reddit.com/r/dadjokes/comments/rjgbor/what_do_you_call_a_penguin_in_iceland/,2021-12-18 20:52:04,What do you call a penguin in Iceland? It's still a penguin.,60,1,13602,0,"Below is an instruction that describes a sentiment analysis task.

### Instruction:
Given the following text, please determine if it should be classified as funny or not funny. Base your classification on humor elements such as wit, irony, absurdity, or comedic timing.

### Input:
What do you call a penguin in Iceland? It's still a penguin.

### Response:
",Yes
Daudelin1,https://old.reddit.com/r/dadjokes/comments/r5obai/little_known_fact/,2021-11-30 14:21:23,Little known fact: The Titanic was carrying a large cargo that never reached its destination.,93,1,16000,0,"Below is an instruction that describes a sentiment analysis task.

### Instruction:
Given the following text, please determine if it should be classified as funny or not funny. Base your classification on humor elements such as wit, irony, absurdity, or comedic timing.

### Input:
Little known fact: The Titanic was carrying a large cargo that never reached its destination.

### Response:
",Yes
The_Pun-ishing_One,https://old.reddit.com/r/dadjokes/comments/rjwjj7/what_did_one_nut_say_as_he_chased_another_nut/,2021-12-19 13:15:12,"What did one friend say as he caught up to another friend? ""Wait up, I'm coming!""",81,1,13517,0,"Below is an instruction that describes a sentiment analysis task.

### Instruction:
Given the following text, please determine if it should be classified as funny or not funny. Base your classification on humor elements such as wit, irony, absurdity, or comedic timing.

### Input:
What did one friend say as he caught up to another friend? ""Wait up, I'm coming!""

### Response:
",Yes
TheExpandingBrain,https://old.reddit.com/r/dadjokes/comments/c7v98j/i_know_many_jokes_about_unemployed_people/,2019-07-01 16:37:04,I know many jokes about unemployed people but none of them work,63,42,1884,1,"Below is an instruction that describes a sentiment analysis task.

### Instruction:
Given the following text, please determine if it should be classified as funny or not funny. Base your classification on humor elements such as wit, irony, absurdity, or comedic timing.

### Input:
I know many jokes about unemployed people but none of them work

### Response:
",Yes
chasethesoundguy,https://old.reddit.com/r/dadjokes/comments/qbuw1d/finally_a_documentary_about_watches_hourglasses/,2021-10-20 06:54:19,"Finally, a documentary about time-keeping devices. It explores our perception of time.",86,1,21878,0,"Below is an instruction that describes a sentiment analysis task.

### Instruction:
Given the following text, please determine if it should be classified as funny or not funny. Base your classification on humor elements such as wit, irony, absurdity, or comedic timing.

### Input:
Finally, a documentary about time-keeping devices. It explores our perception of time.

### Response:
",Yes
MarkovManiac,https://old.reddit.com/r/dadjokes/comments/qorwsh/my_wife_just_asked_me_to_return_a_mirror_next/,2021-11-07 16:24:30,My wife asked me to exchange a mirror next time I go to the store. I agreed it's something I need to do.,104,1,19096,0,"Below is an instruction that describes a sentiment analysis task.

### Instruction:
Given the following text, please determine if it should be classified as funny or not funny. Base your classification on humor elements such as wit, irony, absurdity, or comedic timing.

### Input:
My wife asked me to exchange a mirror next time I go to the store. I agreed it's something I need to do.

### Response:
",Yes
GoodStevening,https://old.reddit.com/r/dadjokes/comments/79xhpg/what_did_the_sad_baker_say_when_his_bread_was/,2017-10-31 17:51:49,"What did the sad baker say when his bread was complimented? Thanks, I kneaded that",82,113,3724,1,"Below is an instruction that describes a sentiment analysis task.

### Instruction:
Given the following text, please determine if it should be classified as funny or not funny. Base your classification on humor elements such as wit, irony, absurdity, or comedic timing.

### Input:
What did the sad baker say when his bread was complimented? Thanks, I kneaded that

### Response:
",Yes
Quint_Cordewener,https://old.reddit.com/r/dadjokes/comments/byxxno/studies_show_that_4_out_of_5_men_suffer_from/,2019-06-10 13:35:43,Studies show that 4 out of 5 men suffer from diarrhea at some point in their life. Why are 1 out of 5 men enjoying it?,118,90,2460,1,"Below is an instruction that describes a sentiment analysis task.

### Instruction:
Given the following text, please determine if it should be classified as funny or not funny. Base your classification on humor elements such as wit, irony, absurdity, or comedic timing.

### Input:
Studies show that 4 out of 5 men suffer from diarrhea at some point in their life. Why are 1 out of 5 men enjoying it?

### Response:
",Yes
IrishBoxingLife,https://old.reddit.com/r/dadjokes/comments/ci19zx/as_i_handed_my_dad_his_50th_birthday_card_he/,2019-07-26 10:42:07,"As I handed my dad his 50th birthday card, he looked at me with tears in his eyes and said, ""You know, one would have been enough.""",131,33,3389,1,"Below is an instruction that describes a sentiment analysis task.

### Instruction:
Given the following text, please determine if it should be classified as funny or not funny. Base your classification on humor elements such as wit, irony, absurdity, or comedic timing.

### Input:
As I handed my dad his 50th birthday card, he looked at me with tears in his eyes and said, ""You know, one would have been enough.""

### Response:
",Yes
porichoygupto,https://old.reddit.com/r/dadjokes/comments/asn7yi/when_i_was_a_single_man_i_had_a_lot_of_free_time/,2019-02-20 11:23:33,"When I was a single man, I had a lot of free time. Now that I listen to full albums, I hardly leave the house.",110,42,5126,1,"Below is an instruction that describes a sentiment analysis task.

### Instruction:
Given the following text, please determine if it should be classified as funny or not funny. Base your classification on humor elements such as wit, irony, absurdity, or comedic timing.

### Input:
When I was a single man, I had a lot of free time. Now that I listen to full albums, I hardly leave the house.

### Response:
",Yes
Ulster_Celt,https://old.reddit.com/r/dadjokes/comments/qo1iyl/a_friend_of_mine_asked_me_what_its_like_to_work/,2021-11-06 14:35:52,"A friend of mine asked me what it's like to work in the garage door industry. I said, ""The mechanical aspects are fascinating.""",127,1,19241,0,"Below is an instruction that describes a sentiment analysis task.

### Instruction:
Given the following text, please determine if it should be classified as funny or not funny. Base your classification on humor elements such as wit, irony, absurdity, or comedic timing.

### Input:
A friend of mine asked me what it's like to work in the garage door industry. I said, ""The mechanical aspects are fascinating.""

### Response:
",Yes
itsxenix,https://old.reddit.com/r/dadjokes/comments/d8pl8d/why_cant_plastic_man_lead_an_orchestra/,2019-09-24 16:28:45,Why can't Plastic Man lead an orchestra? Because he's a poor conductor,70,24,9802,1,"Below is an instruction that describes a sentiment analysis task.

### Instruction:
Given the following text, please determine if it should be classified as funny or not funny. Base your classification on humor elements such as wit, irony, absurdity, or comedic timing.

### Input:
Why can't Plastic Man lead an orchestra? Because he's a poor conductor

### Response:
",Yes
TheOneAndOnlyHead,https://old.reddit.com/r/dadjokes/comments/rew9iz/whats_a_pirates_favourite_letter_of_the_alphabet/,2021-12-12 19:28:45,A pirate's preferred alphabet letter is a topic of historical interest.,71,1,14535,0,"Below is an instruction that describes a sentiment analysis task.

### Instruction:
Given the following text, please determine if it should be classified as funny or not funny. Base your classification on humor elements such as wit, irony, absurdity, or comedic timing.

### Input:
A pirate's preferred alphabet letter is a topic of historical interest.

### Response:
",Yes
Life-is-a-potato,https://old.reddit.com/r/dadjokes/comments/qlw0o4/what_do_you_call_an_antivaxxer_disguised_as_their/,2021-11-03 14:44:41,What do you call an antivaxxer disguised as their ex wife’s nanny? A contentious figure.,88,1,19649,0,"Below is an instruction that describes a sentiment analysis task.

### Instruction:
Given the following text, please determine if it should be classified as funny or not funny. Base your classification on humor elements such as wit, irony, absurdity, or comedic timing.

### Input:
What do you call an antivaxxer disguised as their ex wife’s nanny? A contentious figure.

### Response:
",Yes
No_Palpitation_4712,https://old.reddit.com/r/dadjokes/comments/rm2qrm/why_did_the_log_get_choped/,2021-12-22 10:50:17,Why was the log cut down? It became part of a project.,54,1,13069,0,"Below is an instruction that describes a sentiment analysis task.

### Instruction:
Given the following text, please determine if it should be classified as funny or not funny. Base your classification on humor elements such as wit, irony, absurdity, or comedic timing.

### Input:
Why was the log cut down? It became part of a project.

### Response:
",Yes
mr_world_thin,https://old.reddit.com/r/dadjokes/comments/qyauxc/why_did_hitler_get_lost/,2021-11-20 17:53:43,Why did the soldier get lost? He had incorrect directions.,58,1,17288,0,"Below is an instruction that describes a sentiment analysis task.

### Instruction:
Given the following text, please determine if it should be classified as funny or not funny. Base your classification on humor elements such as wit, irony, absurdity, or comedic timing.

### Input:
Why did the soldier get lost? He had incorrect directions.

### Response:
",Yes
Bradb717,https://old.reddit.com/r/dadjokes/comments/hux36c/decided_im_gonna_open_a_purse_shop_in_iraq/,2020-07-21 00:12:53,Decided I’m gonna open a purse shop in Iraq Think I’ll call it Bagdad,69,24,1481,1,"Below is an instruction that describes a sentiment analysis task.

### Instruction:
Given the following text, please determine if it should be classified as funny or not funny. Base your classification on humor elements such as wit, irony, absurdity, or comedic timing.

### Input:
Decided I’m gonna open a purse shop in Iraq Think I’ll call it Bagdad

### Response:
",Yes
mrdonut0w0,https://old.reddit.com/r/dadjokes/comments/cs3jzm/i_thought_a_snail_would_be_faster_without_its/,2019-08-18 16:43:11,I thought a snail would be faster without it's shell but actually it is quite sluggish high quality,99,28,2405,1,"Below is an instruction that describes a sentiment analysis task.

### Instruction:
Given the following text, please determine if it should be classified as funny or not funny. Base your classification on humor elements such as wit, irony, absurdity, or comedic timing.

### Input:
I thought a snail would be faster without it's shell but actually it is quite sluggish high quality

### Response:
",Yes
NeverBob,https://old.reddit.com/r/dadjokes/comments/8ekwyp/i_almost_didnt_steal_the_kitchen_utensil/,2018-04-24 14:42:16,I almost didn't steal the kitchen utensil but it was a whisk I was willing to take.,83,24,10597,1,"Below is an instruction that describes a sentiment analysis task.

### Instruction:
Given the following text, please determine if it should be classified as funny or not funny. Base your classification on humor elements such as wit, irony, absurdity, or comedic timing.

### Input:
I almost didn't steal the kitchen utensil but it was a whisk I was willing to take.

### Response:
",Yes
Amphibatron,https://old.reddit.com/r/dadjokes/comments/dbjkae/why_do_noweigians_put_bar_codes_on_their_ships/,2019-09-30 22:35:33,Why do Noweigians put bar codes on their ships? For when they need to Scandinavian.,83,41,3754,1,"Below is an instruction that describes a sentiment analysis task.

### Instruction:
Given the following text, please determine if it should be classified as funny or not funny. Base your classification on humor elements such as wit, irony, absurdity, or comedic timing.

### Input:
Why do Noweigians put bar codes on their ships? For when they need to Scandinavian.

### Response:
",Yes
Tackysackjones,https://old.reddit.com/r/dadjokes/comments/6t5fkc/trashy_people_go_to_titty_bars/,2017-08-12 00:46:43,Trashy people go to titty bars... Classy people go to Breastaurants. ,69,22,487,1,"Below is an instruction that describes a sentiment analysis task.

### Instruction:
Given the following text, please determine if it should be classified as funny or not funny. Base your classification on humor elements such as wit, irony, absurdity, or comedic timing.

### Input:
Trashy people go to titty bars... Classy people go to Breastaurants. 

### Response:
",Yes
RedShirtCashion,https://old.reddit.com/r/dadjokes/comments/l9cxqa/i_had_a_friend_who_smoked_weed_on_mount_everest/,2021-01-31 14:07:05,I had a friend who smoked weed on Mount Everest. He told me he was really high.,79,109,3770,1,"Below is an instruction that describes a sentiment analysis task.

### Instruction:
Given the following text, please determine if it should be classified as funny or not funny. Base your classification on humor elements such as wit, irony, absurdity, or comedic timing.

### Input:
I had a friend who smoked weed on Mount Everest. He told me he was really high.

### Response:
",Yes
CPike90,https://old.reddit.com/r/dadjokes/comments/be84gj/excuse_me_doctor_my_husband_was_rushed_in_with/,2019-04-17 13:58:34,"Excuse me, doctor - my husband was rushed in with violent spasms in his buttocks. Where is he please? ICU baby, shaking that ass",128,51,4374,1,"Below is an instruction that describes a sentiment analysis task.

### Instruction:
Given the following text, please determine if it should be classified as funny or not funny. Base your classification on humor elements such as wit, irony, absurdity, or comedic timing.

### Input:
Excuse me, doctor - my husband was rushed in with violent spasms in his buttocks. Where is he please? ICU baby, shaking that ass

### Response:
",Yes
tapobu,https://old.reddit.com/r/dadjokes/comments/qipscy/enjoying_some_delicious_cheezits_tonight_while_im/,2021-10-30 00:10:29,Enjoying some snacks tonight while I'm watching Netflix. Is this the right place to share?,90,1,20172,0,"Below is an instruction that describes a sentiment analysis task.

### Instruction:
Given the following text, please determine if it should be classified as funny or not funny. Base your classification on humor elements such as wit, irony, absurdity, or comedic timing.

### Input:
Enjoying some snacks tonight while I'm watching Netflix. Is this the right place to share?

### Response:
",Yes
ohsopoor,https://old.reddit.com/r/dadjokes/comments/8zpyen/this_joke_may_sound_a_little_corny/,2018-07-17 22:52:00,"This joke may sound a little corny.... But please, lend me your ear ",68,26,7024,1,"Below is an instruction that describes a sentiment analysis task.

### Instruction:
Given the following text, please determine if it should be classified as funny or not funny. Base your classification on humor elements such as wit, irony, absurdity, or comedic timing.

### Input:
This joke may sound a little corny.... But please, lend me your ear 

### Response:
",Yes
afarro,https://old.reddit.com/r/dadjokes/comments/qmg4xe/i_think_the_fear_of_space_is/,2021-11-04 08:33:00,The concern about space can seem ... quite abstract ...,55,1,19554,0,"Below is an instruction that describes a sentiment analysis task.

### Instruction:
Given the following text, please determine if it should be classified as funny or not funny. Base your classification on humor elements such as wit, irony, absurdity, or comedic timing.

### Input:
The concern about space can seem ... quite abstract ...

### Response:
",No
procrastimasturbator,https://old.reddit.com/r/dadjokes/comments/6w4wtt/i_found_a_strange_old_coin_with_the_faces_worn/,2017-08-26 10:46:42,I found a strange old coin with the faces worn away I can't make heads or tails of it,85,153,4696,1,"Below is an instruction that describes a sentiment analysis task.

### Instruction:
Given the following text, please determine if it should be classified as funny or not funny. Base your classification on humor elements such as wit, irony, absurdity, or comedic timing.

### Input:
I found a strange old coin with the faces worn away I can't make heads or tails of it

### Response:
",Yes
Acpyrus,https://old.reddit.com/r/dadjokes/comments/r1epo2/whenever_i_hear_this_program_may_contain_coarse/,2021-11-24 20:42:45,"Whenever I hear ""this program may contain coarse language"" I always listen carefully.",85,1,16791,0,"Below is an instruction that describes a sentiment analysis task.

### Instruction:
Given the following text, please determine if it should be classified as funny or not funny. Base your classification on humor elements such as wit, irony, absurdity, or comedic timing.

### Input:
Whenever I hear ""this program may contain coarse language"" I always listen carefully.

### Response:
",Yes
letsgorbg,https://old.reddit.com/r/dadjokes/comments/jw6qfp/the_only_people_to_show_up_to_my_friends_funeral/,2020-11-18 01:53:16,The only people to show up to my friend’s funeral were some of his one night stands and some friends from church. Thots and prayers,131,245,7112,1,"Below is an instruction that describes a sentiment analysis task.

### Instruction:
Given the following text, please determine if it should be classified as funny or not funny. Base your classification on humor elements such as wit, irony, absurdity, or comedic timing.

### Input:
The only people to show up to my friend’s funeral were some of his one night stands and some friends from church. Thots and prayers

### Response:
",Yes
chabmitdefarb,https://old.reddit.com/r/dadjokes/comments/qddnif/why_could_the_villain_from_peter_pan_not_stop/,2021-10-22 10:03:56,"Why could the villain from Peter Pan not stop taking drugs? He got captain hooked on them.
    -> Why was the villain from Peter Pan always in pursuit of the hero? His obsession drove his actions.",196,1,21490,0,"Below is an instruction that describes a sentiment analysis task.

### Instruction:
Given the following text, please determine if it should be classified as funny or not funny. Base your classification on humor elements such as wit, irony, absurdity, or comedic timing.

### Input:
Why could the villain from Peter Pan not stop taking drugs? He got captain hooked on them.
    -> Why was the villain from Peter Pan always in pursuit of the hero? His obsession drove his actions.

### Response:
",Yes
V1V1S3CT10N,https://old.reddit.com/r/dadjokes/comments/quf85v/my_friends_girlfriend_ruth_broke_up_with_him/,2021-11-15 12:22:33,"My friend’s girlfriend, Ruth, broke up with him. He’s without Ruth.",67,1,18033,0,"Below is an instruction that describes a sentiment analysis task.

### Instruction:
Given the following text, please determine if it should be classified as funny or not funny. Base your classification on humor elements such as wit, irony, absurdity, or comedic timing.

### Input:
My friend’s girlfriend, Ruth, broke up with him. He’s without Ruth.

### Response:
",Yes
Kasegauner,https://old.reddit.com/r/dadjokes/comments/ltd7ej/why_do_mountains_make_good_comedians/,2021-02-27 01:39:38,Why do mountains make good comedians? Because they're hill areas...,67,28,7728,1,"Below is an instruction that describes a sentiment analysis task.

### Instruction:
Given the following text, please determine if it should be classified as funny or not funny. Base your classification on humor elements such as wit, irony, absurdity, or comedic timing.

### Input:
Why do mountains make good comedians? Because they're hill areas...

### Response:
",Yes
H4D3N,https://old.reddit.com/r/dadjokes/comments/9czkz3/someone_stole_my_mood_ring/,2018-09-04 20:49:13,Someone stole my mood ring... I’m not so sure how I feel about that.,68,117,5228,1,"Below is an instruction that describes a sentiment analysis task.

### Instruction:
Given the following text, please determine if it should be classified as funny or not funny. Base your classification on humor elements such as wit, irony, absurdity, or comedic timing.

### Input:
Someone stole my mood ring... I’m not so sure how I feel about that.

### Response:
",Yes
emailmykey,https://old.reddit.com/r/dadjokes/comments/rth6dp/i_wanted_to_call_in_sick_at_work_today_but_my/,1/1/2022 10:56,"I wanted to take a day off work today, but I need to ensure my finances are stable.",83,1,11542,0,"Below is an instruction that describes a sentiment analysis task.

### Instruction:
Given the following text, please determine if it should be classified as funny or not funny. Base your classification on humor elements such as wit, irony, absurdity, or comedic timing.

### Input:
I wanted to take a day off work today, but I need to ensure my finances are stable.

### Response:
",Yes
catrowe,https://old.reddit.com/r/dadjokes/comments/d8blz2/so_what_if_i_cant_spell_armogeddon/,2019-09-23 19:32:38,So what if I can’t spell ‘Armogeddon’? It’s not the end of the world.,69,55,779,1,"Below is an instruction that describes a sentiment analysis task.

### Instruction:
Given the following text, please determine if it should be classified as funny or not funny. Base your classification on humor elements such as wit, irony, absurdity, or comedic timing.

### Input:
So what if I can’t spell ‘Armogeddon’? It’s not the end of the world.

### Response:
",Yes
uneeq33,https://old.reddit.com/r/dadjokes/comments/qtyfhk/when_the_dog_came_up_and_shook_the_mans_hands/,2021-11-14 20:18:34,"When the dog came up and greeted the man, it was quite an endearing moment.",75,1,18138,0,"Below is an instruction that describes a sentiment analysis task.

### Instruction:
Given the following text, please determine if it should be classified as funny or not funny. Base your classification on humor elements such as wit, irony, absurdity, or comedic timing.

### Input:
When the dog came up and greeted the man, it was quite an endearing moment.

### Response:
",Yes
poopbutt89v,https://old.reddit.com/r/dadjokes/comments/r95gcp/whats_red_and_bad_for_your_teeth/,2021-12-05 02:33:39,What's firm and can be harmful if mishandled? A brick.,54,1,15385,0,"Below is an instruction that describes a sentiment analysis task.

### Instruction:
Given the following text, please determine if it should be classified as funny or not funny. Base your classification on humor elements such as wit, irony, absurdity, or comedic timing.

### Input:
What's firm and can be harmful if mishandled? A brick.

### Response:
",Yes
fakeunleet,https://old.reddit.com/r/dadjokes/comments/r25b2a/i_was_trying_to_recall_which_way_to_turn_the/,2021-11-25 20:11:16,I was trying to remember which way to turn the wrench when adjusting a bike wheel. I finally got it right.,106,1,16644,0,"Below is an instruction that describes a sentiment analysis task.

### Instruction:
Given the following text, please determine if it should be classified as funny or not funny. Base your classification on humor elements such as wit, irony, absurdity, or comedic timing.

### Input:
I was trying to remember which way to turn the wrench when adjusting a bike wheel. I finally got it right.

### Response:
",Yes
jxwtf585,https://old.reddit.com/r/dadjokes/comments/ddv5yp/someone_just_threw_a_bottle_of_omega_3_at_me/,2019-10-05 23:26:25,Someone just threw a bottle of Omega 3 at me... Luckily the injuries are only super fish oil.,93,39,2254,1,"Below is an instruction that describes a sentiment analysis task.

### Instruction:
Given the following text, please determine if it should be classified as funny or not funny. Base your classification on humor elements such as wit, irony, absurdity, or comedic timing.

### Input:
Someone just threw a bottle of Omega 3 at me... Luckily the injuries are only super fish oil.

### Response:
",Yes
SR21-,https://old.reddit.com/r/dadjokes/comments/labn12/last_light_i_seen_a_drunk_couple_weaving_all_over/,2021-02-01 19:25:16,"Last light I seen a drunk couple weaving all over the street I thought ‘honestly, get a loom’.",94,41,9812,1,"Below is an instruction that describes a sentiment analysis task.

### Instruction:
Given the following text, please determine if it should be classified as funny or not funny. Base your classification on humor elements such as wit, irony, absurdity, or comedic timing.

### Input:
Last light I seen a drunk couple weaving all over the street I thought ‘honestly, get a loom’.

### Response:
",Yes
TheInstituteOfSteel,https://old.reddit.com/r/dadjokes/comments/7bpv2y/i_think_im_going_to_buy_a_new_bed_tomorrow/,2017-11-09 00:56:30,"I think I'm going to buy a new bed tomorrow But before I decide, I'm gonna sleep on it.",87,63,9868,1,"Below is an instruction that describes a sentiment analysis task.

### Instruction:
Given the following text, please determine if it should be classified as funny or not funny. Base your classification on humor elements such as wit, irony, absurdity, or comedic timing.

### Input:
I think I'm going to buy a new bed tomorrow But before I decide, I'm gonna sleep on it.

### Response:
",Yes
VinnyPortland,https://old.reddit.com/r/dadjokes/comments/d2chip/my_wife_started_yelling_at_me_about_how_i_have_no/,2019-09-10 19:02:16,My wife started yelling at me about how I have no sense of direction So I just packed up my stuff and right,107,143,2752,1,"Below is an instruction that describes a sentiment analysis task.

### Instruction:
Given the following text, please determine if it should be classified as funny or not funny. Base your classification on humor elements such as wit, irony, absurdity, or comedic timing.

### Input:
My wife started yelling at me about how I have no sense of direction So I just packed up my stuff and right

### Response:
",Yes
Knightsyy,https://old.reddit.com/r/dadjokes/comments/8wn9hb/what_did_michael_jackson_call_his_branch_of_denim/,2018-07-06 20:08:18,What did Michael Jackson call his branch of Denim clothing? Billie Jeans,72,23,6116,1,"Below is an instruction that describes a sentiment analysis task.

### Instruction:
Given the following text, please determine if it should be classified as funny or not funny. Base your classification on humor elements such as wit, irony, absurdity, or comedic timing.

### Input:
What did Michael Jackson call his branch of Denim clothing? Billie Jeans

### Response:
",Yes
UCMeInvest,https://old.reddit.com/r/dadjokes/comments/qe1u6a/my_wife_says_i_have_2_faultd/,2021-10-23 09:47:10,My wife says I failed to listen attentively on two occasions and perhaps another issue I can't quite recall.,108,1,21312,0,"Below is an instruction that describes a sentiment analysis task.

### Instruction:
Given the following text, please determine if it should be classified as funny or not funny. Base your classification on humor elements such as wit, irony, absurdity, or comedic timing.

### Input:
My wife says I failed to listen attentively on two occasions and perhaps another issue I can't quite recall.

### Response:
",Yes
porichoygupto,https://old.reddit.com/r/dadjokes/comments/cd5ss8/driver_officer_are_you_actually_crying_while/,2019-07-14 17:40:27,"Driver: Officer, are you actually crying while writing my ticket? Cop: It was a moving violation.",97,176,6171,1,"Below is an instruction that describes a sentiment analysis task.

### Instruction:
Given the following text, please determine if it should be classified as funny or not funny. Base your classification on humor elements such as wit, irony, absurdity, or comedic timing.

### Input:
Driver: Officer, are you actually crying while writing my ticket? Cop: It was a moving violation.

### Response:
",Yes
19lucio98,https://old.reddit.com/r/dadjokes/comments/dcgj98/i_have_got_a_magical_hoodie/,2019-10-02 21:05:23,I have got a magical hoodie I call it hoodieni,46,22,1595,1,"Below is an instruction that describes a sentiment analysis task.

### Instruction:
Given the following text, please determine if it should be classified as funny or not funny. Base your classification on humor elements such as wit, irony, absurdity, or comedic timing.

### Input:
I have got a magical hoodie I call it hoodieni

### Response:
",Yes
simplyGagi,https://old.reddit.com/r/dadjokes/comments/cot082/how_does_the_rock_pee/,2019-08-11 05:31:32,How does the rock pee? He Dwaynes his Johnson.,46,123,6064,1,"Below is an instruction that describes a sentiment analysis task.

### Instruction:
Given the following text, please determine if it should be classified as funny or not funny. Base your classification on humor elements such as wit, irony, absurdity, or comedic timing.

### Input:
How does the rock pee? He Dwaynes his Johnson.

### Response:
",Yes
Roy55514,https://old.reddit.com/r/dadjokes/comments/b1tp5n/my_son_once_asked_me_dad_why_is_my_nose_in_the/,2019-03-16 15:36:00,"My son once asked me: ""Dad, why is my nose in the middle of my face? I replied: ""Well son, it's because it's the scenter!""",122,37,6078,1,"Below is an instruction that describes a sentiment analysis task.

### Instruction:
Given the following text, please determine if it should be classified as funny or not funny. Base your classification on humor elements such as wit, irony, absurdity, or comedic timing.

### Input:
My son once asked me: ""Dad, why is my nose in the middle of my face? I replied: ""Well son, it's because it's the scenter!""

### Response:
",Yes
yomommafool,https://old.reddit.com/r/dadjokes/comments/qttiq9/if_jesus_was_real_they_wouldnt_call_it_the/,2021-11-14 16:34:31,"In historical discussions, they reference the execution of Jesus as the crucifixion.",84,1,18164,0,"Below is an instruction that describes a sentiment analysis task.

### Instruction:
Given the following text, please determine if it should be classified as funny or not funny. Base your classification on humor elements such as wit, irony, absurdity, or comedic timing.

### Input:
In historical discussions, they reference the execution of Jesus as the crucifixion.

### Response:
",Yes
tinko1212,https://old.reddit.com/r/dadjokes/comments/6pz87c/i_decided_to_sell_the_vacuum_cleaner/,2017-07-27 21:35:41,I decided to sell the vacuum cleaner It's just collecting dust ,63,47,5965,1,"Below is an instruction that describes a sentiment analysis task.

### Instruction:
Given the following text, please determine if it should be classified as funny or not funny. Base your classification on humor elements such as wit, irony, absurdity, or comedic timing.

### Input:
I decided to sell the vacuum cleaner It's just collecting dust 

### Response:
",Yes
Used-Cut6065,https://old.reddit.com/r/dadjokes/comments/rujsuz/i_visited_a_monastery_and_as_i_walked_by_the/,1/2/2022 21:25,"I visited a monastery and as I walked by the kitchen I saw a man cooking chips. I asked him if he was the cook, and he said yes.",128,1,11325,0,"Below is an instruction that describes a sentiment analysis task.

### Instruction:
Given the following text, please determine if it should be classified as funny or not funny. Base your classification on humor elements such as wit, irony, absurdity, or comedic timing.

### Input:
I visited a monastery and as I walked by the kitchen I saw a man cooking chips. I asked him if he was the cook, and he said yes.

### Response:
",Yes
Eagle4523,https://old.reddit.com/r/dadjokes/comments/r9sjmi/if_jesus_died_for_our_sins/,2021-12-05 23:27:46,If Jesus died for our sins… …I wonder who helps us understand trigonometry.,75,1,15270,0,"Below is an instruction that describes a sentiment analysis task.

### Instruction:
Given the following text, please determine if it should be classified as funny or not funny. Base your classification on humor elements such as wit, irony, absurdity, or comedic timing.

### Input:
If Jesus died for our sins… …I wonder who helps us understand trigonometry.

### Response:
",Yes
Commercial_Ad7480,https://old.reddit.com/r/dadjokes/comments/rf1c7u/damn/,2021-12-12 23:32:28,"**Original**: Damn... I just smacked the corner of my house, it really hit home.
    **Non-humorous**: I just smacked the corner of my house, and it quite literally affected me.",177,1,14499,0,"Below is an instruction that describes a sentiment analysis task.

### Instruction:
Given the following text, please determine if it should be classified as funny or not funny. Base your classification on humor elements such as wit, irony, absurdity, or comedic timing.

### Input:
**Original**: Damn... I just smacked the corner of my house, it really hit home.
    **Non-humorous**: I just smacked the corner of my house, and it quite literally affected me.

### Response:
",Yes
Doge_the_dogey,https://old.reddit.com/r/dadjokes/comments/7lvn5v/why_does_france_put_all_of_its_crazy_people_in/,2017-12-24 15:24:27,Why does France put all of its crazy people in the river? Because they’re in Seine,82,27,4534,1,"Below is an instruction that describes a sentiment analysis task.

### Instruction:
Given the following text, please determine if it should be classified as funny or not funny. Base your classification on humor elements such as wit, irony, absurdity, or comedic timing.

### Input:
Why does France put all of its crazy people in the river? Because they’re in Seine

### Response:
",Yes
russo3js,https://old.reddit.com/r/dadjokes/comments/62bxtn/why_do_flamingos_stand_on_one_leg/,2017-03-30 04:37:11,"Why do flamingos stand on one leg... ...because if they lift the other, they'll fall down. ",91,40,6915,1,"Below is an instruction that describes a sentiment analysis task.

### Instruction:
Given the following text, please determine if it should be classified as funny or not funny. Base your classification on humor elements such as wit, irony, absurdity, or comedic timing.

### Input:
Why do flamingos stand on one leg... ...because if they lift the other, they'll fall down. 

### Response:
",Yes
A_Bridgeburner,https://old.reddit.com/r/dadjokes/comments/dfwyqh/i_heard_the_bakers_parents_were_also_bakers/,2019-10-10 12:00:05,I heard the bakers parents were also bakers. You could say he was bread for the job.,84,109,2983,1,"Below is an instruction that describes a sentiment analysis task.

### Instruction:
Given the following text, please determine if it should be classified as funny or not funny. Base your classification on humor elements such as wit, irony, absurdity, or comedic timing.

### Input:
I heard the bakers parents were also bakers. You could say he was bread for the job.

### Response:
",Yes
topderp1,https://old.reddit.com/r/dadjokes/comments/5ymo88/this_is_not_fair/,2017-03-10 15:31:38,"""This is not fair..."" Said the Russian who just got bad directions to the fair",78,69,2684,1,"Below is an instruction that describes a sentiment analysis task.

### Instruction:
Given the following text, please determine if it should be classified as funny or not funny. Base your classification on humor elements such as wit, irony, absurdity, or comedic timing.

### Input:
""This is not fair..."" Said the Russian who just got bad directions to the fair

### Response:
",Yes
ISYis_yoboi,https://old.reddit.com/r/dadjokes/comments/qhmlbh/how_does_bts_spend_their_free_time/,2021-10-28 13:04:58,How do musicians spend their free time? They often relax or practice their art.,79,1,20446,0,"Below is an instruction that describes a sentiment analysis task.

### Instruction:
Given the following text, please determine if it should be classified as funny or not funny. Base your classification on humor elements such as wit, irony, absurdity, or comedic timing.

### Input:
How do musicians spend their free time? They often relax or practice their art.

### Response:
",Yes
StatusFancy,https://old.reddit.com/r/dadjokes/comments/qha54z/i_hate_when_things_go_sideways/,2021-10-28 00:02:58,I dislike when discussions become confused. It's hard to stay focused.,70,1,20540,0,"Below is an instruction that describes a sentiment analysis task.

### Instruction:
Given the following text, please determine if it should be classified as funny or not funny. Base your classification on humor elements such as wit, irony, absurdity, or comedic timing.

### Input:
I dislike when discussions become confused. It's hard to stay focused.

### Response:
",Yes
The_Pun-ishing_One,https://old.reddit.com/r/dadjokes/comments/rhqfcu/a_police_officer_caught_two_kids_playing_with_a/,2021-12-16 13:10:23,A police officer encountered two kids with potentially dangerous items. He had to address the situation appropriately.,118,1,13942,0,"Below is an instruction that describes a sentiment analysis task.

### Instruction:
Given the following text, please determine if it should be classified as funny or not funny. Base your classification on humor elements such as wit, irony, absurdity, or comedic timing.

### Input:
A police officer encountered two kids with potentially dangerous items. He had to address the situation appropriately.

### Response:
",Yes
Memersingg,https://old.reddit.com/r/dadjokes/comments/qk8jpw/patient_i_accidentally_swallowed_a_bunch_of/,2021-11-01 07:05:10,Patient: I accidentally swallowed a bunch of scrabble tiles. Doctor: We need to monitor you for any complications.,114,1,19874,0,"Below is an instruction that describes a sentiment analysis task.

### Instruction:
Given the following text, please determine if it should be classified as funny or not funny. Base your classification on humor elements such as wit, irony, absurdity, or comedic timing.

### Input:
Patient: I accidentally swallowed a bunch of scrabble tiles. Doctor: We need to monitor you for any complications.

### Response:
",Yes
Carrot_The_Great,https://old.reddit.com/r/dadjokes/comments/qprgnh/what_does_an_irishman_say_when_he_hears/,2021-11-09 00:33:07,What does someone say when confronted with surprising information? Really?,74,1,18922,0,"Below is an instruction that describes a sentiment analysis task.

### Instruction:
Given the following text, please determine if it should be classified as funny or not funny. Base your classification on humor elements such as wit, irony, absurdity, or comedic timing.

### Input:
What does someone say when confronted with surprising information? Really?

### Response:
",Yes
fliclit,https://old.reddit.com/r/dadjokes/comments/4qx2gd/my_online_dating_profile/,2016-07-02 12:33:02,"My online dating profile I love long walks on the beach and cow puns, among udder things.",89,239,10468,1,"Below is an instruction that describes a sentiment analysis task.

### Instruction:
Given the following text, please determine if it should be classified as funny or not funny. Base your classification on humor elements such as wit, irony, absurdity, or comedic timing.

### Input:
My online dating profile I love long walks on the beach and cow puns, among udder things.

### Response:
",Yes
incredibleinkpen,https://old.reddit.com/r/dadjokes/comments/rd4erv/i_met_my_alphabet_teacher_in_the_corridor/,2021-12-10 08:49:57,"I met my alphabet teacher in the corridor. She held the door open and said, ""Please go ahead.""",94,1,14898,0,"Below is an instruction that describes a sentiment analysis task.

### Instruction:
Given the following text, please determine if it should be classified as funny or not funny. Base your classification on humor elements such as wit, irony, absurdity, or comedic timing.

### Input:
I met my alphabet teacher in the corridor. She held the door open and said, ""Please go ahead.""

### Response:
",Yes
Lumber__Zach,https://old.reddit.com/r/dadjokes/comments/917caa/my_wife_had_2_kayak_paddles_and_asked_me_which/,2018-07-23 14:06:02,My wife had 2 kayak paddles and asked me which one I wanted. I said either/oar.,79,38,3044,1,"Below is an instruction that describes a sentiment analysis task.

### Instruction:
Given the following text, please determine if it should be classified as funny or not funny. Base your classification on humor elements such as wit, irony, absurdity, or comedic timing.

### Input:
My wife had 2 kayak paddles and asked me which one I wanted. I said either/oar.

### Response:
",Yes
KatAttack01,https://old.reddit.com/r/dadjokes/comments/8o1sbl/what_did_one_dna_say_to_the_other_when_it_asked/,2018-06-02 16:40:22,What did one DNA say to the other when it asked how funny its joke was? Allele bit funny ,89,22,7976,1,"Below is an instruction that describes a sentiment analysis task.

### Instruction:
Given the following text, please determine if it should be classified as funny or not funny. Base your classification on humor elements such as wit, irony, absurdity, or comedic timing.

### Input:
What did one DNA say to the other when it asked how funny its joke was? Allele bit funny 

### Response:
",Yes
nopols,https://old.reddit.com/r/dadjokes/comments/qy22z6/what_do_you_call_it_when_john_travolta_sits_in/,2021-11-20 09:27:49,What happens when John Travolta spends too much time in the sun without grooming? It's a personal hygiene issue.,112,1,17330,0,"Below is an instruction that describes a sentiment analysis task.

### Instruction:
Given the following text, please determine if it should be classified as funny or not funny. Base your classification on humor elements such as wit, irony, absurdity, or comedic timing.

### Input:
What happens when John Travolta spends too much time in the sun without grooming? It's a personal hygiene issue.

### Response:
",Yes
ChetLarson42069,https://old.reddit.com/r/dadjokes/comments/r5p083/what_do_you_call_a_vampire_with_a_drug_problem/,2021-11-30 14:55:57,What do you call a person who struggles with substance abuse? Someone in need of help.,86,1,15998,0,"Below is an instruction that describes a sentiment analysis task.

### Instruction:
Given the following text, please determine if it should be classified as funny or not funny. Base your classification on humor elements such as wit, irony, absurdity, or comedic timing.

### Input:
What do you call a person who struggles with substance abuse? Someone in need of help.

### Response:
",Yes
OfficiallySavo,https://old.reddit.com/r/dadjokes/comments/qxll1o/i_played_a_prank_on_my_sister_by_cutting_small/,2021-11-19 17:51:46,I accidentally cut small parts of my sister's clothes. She was very upset.,74,1,17407,0,"Below is an instruction that describes a sentiment analysis task.

### Instruction:
Given the following text, please determine if it should be classified as funny or not funny. Base your classification on humor elements such as wit, irony, absurdity, or comedic timing.

### Input:
I accidentally cut small parts of my sister's clothes. She was very upset.

### Response:
",Yes
shortbusinc82,https://old.reddit.com/r/dadjokes/comments/8vmldv/whats_the_difference_between_ignorance_and_apathy/,2018-07-02 21:48:02,What's the difference between ignorance and apathy? I don't know and I don't care.,82,36,1949,1,"Below is an instruction that describes a sentiment analysis task.

### Instruction:
Given the following text, please determine if it should be classified as funny or not funny. Base your classification on humor elements such as wit, irony, absurdity, or comedic timing.

### Input:
What's the difference between ignorance and apathy? I don't know and I don't care.

### Response:
",Yes
robotLights,https://old.reddit.com/r/dadjokes/comments/rhxsri/have_you_ever_seen_a_see_horse/,2021-12-16 19:13:50,"Have you ever seen a seahorse? Actually, it’s spelled sea horse.",64,1,13889,0,"Below is an instruction that describes a sentiment analysis task.

### Instruction:
Given the following text, please determine if it should be classified as funny or not funny. Base your classification on humor elements such as wit, irony, absurdity, or comedic timing.

### Input:
Have you ever seen a seahorse? Actually, it’s spelled sea horse.

### Response:
",Yes
wonderboy_music,https://old.reddit.com/r/dadjokes/comments/quiziq/i_really_miss_my_late_wife/,2021-11-15 15:31:09,"I haven't seen my wife recently, she's been busy and running slightly behind schedule!",86,1,18018,0,"Below is an instruction that describes a sentiment analysis task.

### Instruction:
Given the following text, please determine if it should be classified as funny or not funny. Base your classification on humor elements such as wit, irony, absurdity, or comedic timing.

### Input:
I haven't seen my wife recently, she's been busy and running slightly behind schedule!

### Response:
",Yes
vgedris,https://old.reddit.com/r/dadjokes/comments/qwo5o5/i_got_into_keymaking/,2021-11-18 11:56:19,I pursued a career in locksmithing. It provided many opportunities.,67,1,17600,0,"Below is an instruction that describes a sentiment analysis task.

### Instruction:
Given the following text, please determine if it should be classified as funny or not funny. Base your classification on humor elements such as wit, irony, absurdity, or comedic timing.

### Input:
I pursued a career in locksmithing. It provided many opportunities.

### Response:
",Yes
whatknot2,https://old.reddit.com/r/dadjokes/comments/rnoutt/the_christmouse_is_not_all_about_presents_and/,2021-12-24 15:47:26,The holiday season isn't just about gifts; it's about celebration and joy.,74,1,12739,0,"Below is an instruction that describes a sentiment analysis task.

### Instruction:
Given the following text, please determine if it should be classified as funny or not funny. Base your classification on humor elements such as wit, irony, absurdity, or comedic timing.

### Input:
The holiday season isn't just about gifts; it's about celebration and joy.

### Response:
",Yes
Stud-Muffin69,https://old.reddit.com/r/dadjokes/comments/b76ihr/a_truck_loaded_with_vicks_vapour_rub_crashed_on/,2019-03-30 03:20:53,A truck loaded with Vicks Vapour Rub crashed on the freeway today. There was no congestion for 8 hours.,103,73,5847,1,"Below is an instruction that describes a sentiment analysis task.

### Instruction:
Given the following text, please determine if it should be classified as funny or not funny. Base your classification on humor elements such as wit, irony, absurdity, or comedic timing.

### Input:
A truck loaded with Vicks Vapour Rub crashed on the freeway today. There was no congestion for 8 hours.

### Response:
",Yes
b_wanker,https://old.reddit.com/r/dadjokes/comments/lqfqwb/today_i_learned_that_if_youre_in_a_canoe_and_it/,2021-02-23 10:59:56,Today I learned that if you're in a canoe and it flips over in water... ....you can safely wear it on your head... because it's capsized.,137,11105,4780,1,"Below is an instruction that describes a sentiment analysis task.

### Instruction:
Given the following text, please determine if it should be classified as funny or not funny. Base your classification on humor elements such as wit, irony, absurdity, or comedic timing.

### Input:
Today I learned that if you're in a canoe and it flips over in water... ....you can safely wear it on your head... because it's capsized.

### Response:
",Yes
Stretch480,https://old.reddit.com/r/dadjokes/comments/rpqfmr/9yr_old_says_to_me_why_do_bikes_wana_walk/,2021-12-27 15:54:29,A 9-year-old asked me: Why do bicycles fall over? Because they're unstable without support!,91,1,12283,0,"Below is an instruction that describes a sentiment analysis task.

### Instruction:
Given the following text, please determine if it should be classified as funny or not funny. Base your classification on humor elements such as wit, irony, absurdity, or comedic timing.

### Input:
A 9-year-old asked me: Why do bicycles fall over? Because they're unstable without support!

### Response:
",Yes
johnswartwelder,https://old.reddit.com/r/dadjokes/comments/712z0m/why_do_you_never_see_sick_ant_eaters/,2017-09-19 13:30:22,why do you never see sick ant eaters ? because  there full of anty bodies ,74,21,2433,1,"Below is an instruction that describes a sentiment analysis task.

### Instruction:
Given the following text, please determine if it should be classified as funny or not funny. Base your classification on humor elements such as wit, irony, absurdity, or comedic timing.

### Input:
why do you never see sick ant eaters ? because  there full of anty bodies 

### Response:
",Yes
Common_Coyote_3,https://old.reddit.com/r/dadjokes/comments/ray7hq/everybody_knows_that_the_big_apple_is_on_the/,2021-12-07 12:33:38,"Everybody knows that the Big Apple is on the western side of Long Island, but do you know where the Mini Apple is? The Upper Midwest",132,20,9668,1,"Below is an instruction that describes a sentiment analysis task.

### Instruction:
Given the following text, please determine if it should be classified as funny or not funny. Base your classification on humor elements such as wit, irony, absurdity, or comedic timing.

### Input:
Everybody knows that the Big Apple is on the western side of Long Island, but do you know where the Mini Apple is? The Upper Midwest

### Response:
",Yes
ro330,https://old.reddit.com/r/dadjokes/comments/bwcge9/rick_astley_will_lend_you_any_pixar_film_apart/,2019-06-03 16:11:39,Rick Astley will lend you any Pixar film apart from one He's never gonna give you Up,84,62,11001,1,"Below is an instruction that describes a sentiment analysis task.

### Instruction:
Given the following text, please determine if it should be classified as funny or not funny. Base your classification on humor elements such as wit, irony, absurdity, or comedic timing.

### Input:
Rick Astley will lend you any Pixar film apart from one He's never gonna give you Up

### Response:
",Yes
Anthonybrose,https://old.reddit.com/r/dadjokes/comments/ayifwg/i_told_my_boss_that_i_was_tired_of_being_a_human/,2019-03-07 22:11:58,I told my boss that I was tired of being a human cannonball. Then he fired me.,78,295,1321,1,"Below is an instruction that describes a sentiment analysis task.

### Instruction:
Given the following text, please determine if it should be classified as funny or not funny. Base your classification on humor elements such as wit, irony, absurdity, or comedic timing.

### Input:
I told my boss that I was tired of being a human cannonball. Then he fired me.

### Response:
",Yes
EtraNosral,https://old.reddit.com/r/dadjokes/comments/b7lq67/i_tried_looking_up_synonyms_of_confusion/,2019-03-31 08:57:15,I tried looking up synonyms of confusion. But I came away with uncertainty and disorientation.,94,860,7474,1,"Below is an instruction that describes a sentiment analysis task.

### Instruction:
Given the following text, please determine if it should be classified as funny or not funny. Base your classification on humor elements such as wit, irony, absurdity, or comedic timing.

### Input:
I tried looking up synonyms of confusion. But I came away with uncertainty and disorientation.

### Response:
",Yes
HeyWhatsItToYa,https://old.reddit.com/r/dadjokes/comments/qr6fqz/ive_worked_for_otis_elevator_co_for_the_last_30/,2021-11-10 22:49:17,I've worked for the elevator company for many years. It's been an experience of many transitions.,97,1,18654,0,"Below is an instruction that describes a sentiment analysis task.

### Instruction:
Given the following text, please determine if it should be classified as funny or not funny. Base your classification on humor elements such as wit, irony, absurdity, or comedic timing.

### Input:
I've worked for the elevator company for many years. It's been an experience of many transitions.

### Response:
",Yes
wawoodworth,https://old.reddit.com/r/dadjokes/comments/3skf3j/nsfw_diarrhea_happens_when/,2015-11-12 19:10:03,[NSFW] Diarrhea happens when... ...your digestive system can't get its shit together.,85,20,7756,1,"Below is an instruction that describes a sentiment analysis task.

### Instruction:
Given the following text, please determine if it should be classified as funny or not funny. Base your classification on humor elements such as wit, irony, absurdity, or comedic timing.

### Input:
[NSFW] Diarrhea happens when... ...your digestive system can't get its shit together.

### Response:
",Yes
The_Pun-ishing_One,https://old.reddit.com/r/dadjokes/comments/rmmumm/slept_like_a_log_last_night/,2021-12-23 04:16:27,"Slept restfully last night, like a log.",39,1,12965,0,"Below is an instruction that describes a sentiment analysis task.

### Instruction:
Given the following text, please determine if it should be classified as funny or not funny. Base your classification on humor elements such as wit, irony, absurdity, or comedic timing.

### Input:
Slept restfully last night, like a log.

### Response:
",Yes
MickeySwank,https://old.reddit.com/r/dadjokes/comments/r3k6s4/my_wife_is_scared_of_whales/,2021-11-27 18:56:41,My wife is wary of whales… Their size intimidates her.,54,1,16389,0,"Below is an instruction that describes a sentiment analysis task.

### Instruction:
Given the following text, please determine if it should be classified as funny or not funny. Base your classification on humor elements such as wit, irony, absurdity, or comedic timing.

### Input:
My wife is wary of whales… Their size intimidates her.

### Response:
",Yes
Pun-isher42,https://old.reddit.com/r/dadjokes/comments/awwmle/what_do_parents_give_their_baby_if_they_want_them/,2019-03-03 18:10:59,What do parents give their baby if they want them to become a future race car driver? Formula one.,98,39,829,1,"Below is an instruction that describes a sentiment analysis task.

### Instruction:
Given the following text, please determine if it should be classified as funny or not funny. Base your classification on humor elements such as wit, irony, absurdity, or comedic timing.

### Input:
What do parents give their baby if they want them to become a future race car driver? Formula one.

### Response:
",Yes
TF79870,https://old.reddit.com/r/dadjokes/comments/9a778z/as_a_lumberjack_i_know_that_ive_cut_exactly_2417/,2018-08-25 14:34:45,"As a lumberjack, I know that I’ve cut exactly 2,417 trees. I know because every time I cut one, I keep a log. ",110,13667,2298,1,"Below is an instruction that describes a sentiment analysis task.

### Instruction:
Given the following text, please determine if it should be classified as funny or not funny. Base your classification on humor elements such as wit, irony, absurdity, or comedic timing.

### Input:
As a lumberjack, I know that I’ve cut exactly 2,417 trees. I know because every time I cut one, I keep a log. 

### Response:
",Yes
madazzahatter,https://old.reddit.com/r/dadjokes/comments/68syox/when_my_friend_in_iraq_gave_his_daughter_a_new/,2017-05-02 12:59:58,"When my friend in Iraq gave his daughter a new bag, she replied… ""Thanks for the Baghdad.""",90,2303,3577,1,"Below is an instruction that describes a sentiment analysis task.

### Instruction:
Given the following text, please determine if it should be classified as funny or not funny. Base your classification on humor elements such as wit, irony, absurdity, or comedic timing.

### Input:
When my friend in Iraq gave his daughter a new bag, she replied… ""Thanks for the Baghdad.""

### Response:
",Yes
Arkham_Asylum27,https://old.reddit.com/r/dadjokes/comments/fzr937/whats_the_difference_between_mashed_potatoes_and/,2020-04-12 06:01:07,What’s the difference between mashed potatoes and pea soup? Anyone can mash potatoes.,85,45,4123,1,"Below is an instruction that describes a sentiment analysis task.

### Instruction:
Given the following text, please determine if it should be classified as funny or not funny. Base your classification on humor elements such as wit, irony, absurdity, or comedic timing.

### Input:
What’s the difference between mashed potatoes and pea soup? Anyone can mash potatoes.

### Response:
",Yes
Barrenier,https://old.reddit.com/r/dadjokes/comments/qflf16/in_case_you_didnt_know/,2021-10-25 17:09:51,"Before the crowbar was invented, crows had different habits.",60,1,20904,0,"Below is an instruction that describes a sentiment analysis task.

### Instruction:
Given the following text, please determine if it should be classified as funny or not funny. Base your classification on humor elements such as wit, irony, absurdity, or comedic timing.

### Input:
Before the crowbar was invented, crows had different habits.

### Response:
",Yes
whatknot2,https://old.reddit.com/r/dadjokes/comments/r7lf4a/why_do_manatees_have_eyes/,2021-12-03 00:20:19,Why do manatees have eyes? So they can see.,43,1,15643,0,"Below is an instruction that describes a sentiment analysis task.

### Instruction:
Given the following text, please determine if it should be classified as funny or not funny. Base your classification on humor elements such as wit, irony, absurdity, or comedic timing.

### Input:
Why do manatees have eyes? So they can see.

### Response:
",Yes
Aquat1con,https://old.reddit.com/r/dadjokes/comments/8m370n/did_you_hear_about_the_italian_chef_that_died/,2018-05-25 16:42:27,Did you hear about the Italian chef that died? He pasta way,59,49,661,1,"Below is an instruction that describes a sentiment analysis task.

### Instruction:
Given the following text, please determine if it should be classified as funny or not funny. Base your classification on humor elements such as wit, irony, absurdity, or comedic timing.

### Input:
Did you hear about the Italian chef that died? He pasta way

### Response:
",Yes
Kilren,https://old.reddit.com/r/dadjokes/comments/660xy0/i_told_my_wife_she_was_drawing_her_eyebrows_to/,2017-04-18 05:20:58,I told my wife she was drawing her eyebrows to high. She looked surprised. ,75,22,7314,1,"Below is an instruction that describes a sentiment analysis task.

### Instruction:
Given the following text, please determine if it should be classified as funny or not funny. Base your classification on humor elements such as wit, irony, absurdity, or comedic timing.

### Input:
I told my wife she was drawing her eyebrows to high. She looked surprised. 

### Response:
",Yes
Anxious_Start4839,https://old.reddit.com/r/dadjokes/comments/ql7jrg/two_owls_robbed_a_bank/,2021-11-02 16:06:48,Two individuals were caught after robbing a bank. They had collaborated.,72,1,19755,0,"Below is an instruction that describes a sentiment analysis task.

### Instruction:
Given the following text, please determine if it should be classified as funny or not funny. Base your classification on humor elements such as wit, irony, absurdity, or comedic timing.

### Input:
Two individuals were caught after robbing a bank. They had collaborated.

### Response:
",Yes
wimpykidfan37,https://old.reddit.com/r/dadjokes/comments/rto3i0/many_people_are_very_finicky_about_proper_grammar/,1/1/2022 17:36,Many people are very particular about proper grammar. But it's not my biggest concern.,86,1,11500,0,"Below is an instruction that describes a sentiment analysis task.

### Instruction:
Given the following text, please determine if it should be classified as funny or not funny. Base your classification on humor elements such as wit, irony, absurdity, or comedic timing.

### Input:
Many people are very particular about proper grammar. But it's not my biggest concern.

### Response:
",Yes
Aistan83,https://old.reddit.com/r/dadjokes/comments/rrb74w/visiting_the_dentist_becomes_rather/,2021-12-29 15:50:43,Visiting the dentist becomes rather monotonous once you're familiar with the procedure.,87,1,12036,0,"Below is an instruction that describes a sentiment analysis task.

### Instruction:
Given the following text, please determine if it should be classified as funny or not funny. Base your classification on humor elements such as wit, irony, absurdity, or comedic timing.

### Input:
Visiting the dentist becomes rather monotonous once you're familiar with the procedure.

### Response:
",Yes
rifleman209,https://old.reddit.com/r/dadjokes/comments/r6j7ek/christmas_is_coming_where_is_eliot/,2021-12-01 16:50:14,"During the festive season, people often wonder about the whereabouts of friends and family.",91,1,15836,0,"Below is an instruction that describes a sentiment analysis task.

### Instruction:
Given the following text, please determine if it should be classified as funny or not funny. Base your classification on humor elements such as wit, irony, absurdity, or comedic timing.

### Input:
During the festive season, people often wonder about the whereabouts of friends and family.

### Response:
",No
nevski69,https://old.reddit.com/r/dadjokes/comments/qhm6s0/i_accidentally_took_my_cats_meds_this_morning/,2021-10-28 12:43:40,"I mistakenly took the wrong medication this morning, which was confusing.",73,1,20454,0,"Below is an instruction that describes a sentiment analysis task.

### Instruction:
Given the following text, please determine if it should be classified as funny or not funny. Base your classification on humor elements such as wit, irony, absurdity, or comedic timing.

### Input:
I mistakenly took the wrong medication this morning, which was confusing.

### Response:
",Yes
JustAnotherMemeboi,https://old.reddit.com/r/dadjokes/comments/61mkr8/lets_all_take_a_moment_to_appreciate_organ_donors/,2017-03-26 16:59:41,Let's all take a moment to appreciate organ donors It takes guts to do what they do.,84,224,2005,1,"Below is an instruction that describes a sentiment analysis task.

### Instruction:
Given the following text, please determine if it should be classified as funny or not funny. Base your classification on humor elements such as wit, irony, absurdity, or comedic timing.

### Input:
Let's all take a moment to appreciate organ donors It takes guts to do what they do.

### Response:
",Yes
nicnic5556,https://old.reddit.com/r/dadjokes/comments/ro9qsj/i_entered_10_puns_in_a_contest_to_see_which_one/,2021-12-25 13:23:34,"I submitted multiple entries to a pun competition, hoping one would be successful.",82,1,12591,0,"Below is an instruction that describes a sentiment analysis task.

### Instruction:
Given the following text, please determine if it should be classified as funny or not funny. Base your classification on humor elements such as wit, irony, absurdity, or comedic timing.

### Input:
I submitted multiple entries to a pun competition, hoping one would be successful.

### Response:
",Yes
Willdoeswarfair,https://old.reddit.com/r/dadjokes/comments/74oe2x/electrons_are_actually_really_good_at_sneaking/,2017-10-06 15:35:32,Electrons are actually really good at sneaking around. You really need to keep your ion them.,93,41,1958,1,"Below is an instruction that describes a sentiment analysis task.

### Instruction:
Given the following text, please determine if it should be classified as funny or not funny. Base your classification on humor elements such as wit, irony, absurdity, or comedic timing.

### Input:
Electrons are actually really good at sneaking around. You really need to keep your ion them.

### Response:
",Yes
_Redlights,https://old.reddit.com/r/dadjokes/comments/cguwh8/how_do_fleas_travel_from_animal_to_animal/,2019-07-23 16:33:43,How do fleas travel from animal to animal? They itch hike!,58,56,4368,1,"Below is an instruction that describes a sentiment analysis task.

### Instruction:
Given the following text, please determine if it should be classified as funny or not funny. Base your classification on humor elements such as wit, irony, absurdity, or comedic timing.

### Input:
How do fleas travel from animal to animal? They itch hike!

### Response:
",Yes
futurecivilian,https://old.reddit.com/r/dadjokes/comments/h0ptxb/did_you_hear_about_the_band_1023_mb/,2020-06-11 02:03:56,"Did you hear about the band 1023 MB? They’re good, but they haven’t got a gig yet.",82,76,1615,1,"Below is an instruction that describes a sentiment analysis task.

### Instruction:
Given the following text, please determine if it should be classified as funny or not funny. Base your classification on humor elements such as wit, irony, absurdity, or comedic timing.

### Input:
Did you hear about the band 1023 MB? They’re good, but they haven’t got a gig yet.

### Response:
",Yes
porichoygupto,https://old.reddit.com/r/dadjokes/comments/rgz2xq/what_did_dwayne_johnsons_dad_do_when_he_failed_to/,2021-12-15 13:27:23,What did Dwayne Johnson's dad do when he had trouble with parenting? He felt he reached a personal low.,103,1,14118,0,"Below is an instruction that describes a sentiment analysis task.

### Instruction:
Given the following text, please determine if it should be classified as funny or not funny. Base your classification on humor elements such as wit, irony, absurdity, or comedic timing.

### Input:
What did Dwayne Johnson's dad do when he had trouble with parenting? He felt he reached a personal low.

### Response:
",Yes
The_Gnome_Liberator,https://old.reddit.com/r/dadjokes/comments/qp28ru/why_do_masochistic_people_tend_to_explode/,2021-11-08 00:52:44,Why are masochistic people often intense? Because they have a penchant for strong sensations.,93,1,19056,0,"Below is an instruction that describes a sentiment analysis task.

### Instruction:
Given the following text, please determine if it should be classified as funny or not funny. Base your classification on humor elements such as wit, irony, absurdity, or comedic timing.

### Input:
Why are masochistic people often intense? Because they have a penchant for strong sensations.

### Response:
",Yes
Dipsi1010,https://old.reddit.com/r/dadjokes/comments/rtjb08/on_a_date/,1/1/2022 13:20,On a date. Me: I'm glad to be here with you tonight. Her: Awww. Me: You make good company.,90,1,11534,0,"Below is an instruction that describes a sentiment analysis task.

### Instruction:
Given the following text, please determine if it should be classified as funny or not funny. Base your classification on humor elements such as wit, irony, absurdity, or comedic timing.

### Input:
On a date. Me: I'm glad to be here with you tonight. Her: Awww. Me: You make good company.

### Response:
",Yes
TheManRW86,https://old.reddit.com/r/dadjokes/comments/rp3qig/youve_most_likely_heard_of_post_malone_but_have/,2021-12-26 19:17:53,"You've most likely heard of Post Malone, but have you heard of Solo Malone? It's a film about self-discovery.",109,1,12416,0,"Below is an instruction that describes a sentiment analysis task.

### Instruction:
Given the following text, please determine if it should be classified as funny or not funny. Base your classification on humor elements such as wit, irony, absurdity, or comedic timing.

### Input:
You've most likely heard of Post Malone, but have you heard of Solo Malone? It's a film about self-discovery.

### Response:
",Yes
MalariaDamnYou,https://old.reddit.com/r/dadjokes/comments/lxr937/what_do_you_call_a_priest_who_becomes_a_lawyer/,2021-03-04 18:15:03,What do you call a priest who becomes a lawyer? Father-in-law,61,1351,9666,1,"Below is an instruction that describes a sentiment analysis task.

### Instruction:
Given the following text, please determine if it should be classified as funny or not funny. Base your classification on humor elements such as wit, irony, absurdity, or comedic timing.

### Input:
What do you call a priest who becomes a lawyer? Father-in-law

### Response:
",Yes
mykeuk,https://old.reddit.com/r/dadjokes/comments/rgj7rm/the_inventor_of_the_water_jug_has_died/,2021-12-14 22:34:31,The inventor of the water jug has passed away. Respects have been given.,72,1,14196,0,"Below is an instruction that describes a sentiment analysis task.

### Instruction:
Given the following text, please determine if it should be classified as funny or not funny. Base your classification on humor elements such as wit, irony, absurdity, or comedic timing.

### Input:
The inventor of the water jug has passed away. Respects have been given.

### Response:
",Yes
AJ-Naka-Zayn-Owens,https://old.reddit.com/r/dadjokes/comments/8ugq7y/how_my_dad_became_ruthless/,2018-06-28 05:54:45,How My Dad Became Ruthless His girlfriend Ruth broke up with him,64,35,1232,1,"Below is an instruction that describes a sentiment analysis task.

### Instruction:
Given the following text, please determine if it should be classified as funny or not funny. Base your classification on humor elements such as wit, irony, absurdity, or comedic timing.

### Input:
How My Dad Became Ruthless His girlfriend Ruth broke up with him

### Response:
",Yes
JordeyShore,https://old.reddit.com/r/dadjokes/comments/rf4dem/did_you_hear_about_the_baker_who_got_arrested_for/,2021-12-13 02:06:07,Did you hear about the bakery employee who faced accusations of theft? He was under investigation for a minor infraction.,121,1,14482,0,"Below is an instruction that describes a sentiment analysis task.

### Instruction:
Given the following text, please determine if it should be classified as funny or not funny. Base your classification on humor elements such as wit, irony, absurdity, or comedic timing.

### Input:
Did you hear about the bakery employee who faced accusations of theft? He was under investigation for a minor infraction.

### Response:
",Yes
boogerknows,https://old.reddit.com/r/dadjokes/comments/dc2v2f/what_do_betty_crocker_and_major_league_baseball/,2019-10-02 00:50:01,What do Betty Crocker and Major League Baseball have in common? Great batters,77,22,96,1,"Below is an instruction that describes a sentiment analysis task.

### Instruction:
Given the following text, please determine if it should be classified as funny or not funny. Base your classification on humor elements such as wit, irony, absurdity, or comedic timing.

### Input:
What do Betty Crocker and Major League Baseball have in common? Great batters

### Response:
",Yes
__Odelay__,https://old.reddit.com/r/dadjokes/comments/8b5tvd/when_does_a_joke_become_a_dad_joke/,2018-04-10 07:27:44,When does a joke become a dad joke? When the punchline becomes apparent.,72,46,7055,1,"Below is an instruction that describes a sentiment analysis task.

### Instruction:
Given the following text, please determine if it should be classified as funny or not funny. Base your classification on humor elements such as wit, irony, absurdity, or comedic timing.

### Input:
When does a joke become a dad joke? When the punchline becomes apparent.

### Response:
",Yes
DinglebarryHandpump,https://old.reddit.com/r/dadjokes/comments/qq09km/my_anxious_friend_started_his_dream_job_at_a/,2021-11-09 09:47:09,My cautious friend landed his ideal job at a firm that manufactures secure storage units. I’m pleased he found a suitable work environment.,139,1,18884,0,"Below is an instruction that describes a sentiment analysis task.

### Instruction:
Given the following text, please determine if it should be classified as funny or not funny. Base your classification on humor elements such as wit, irony, absurdity, or comedic timing.

### Input:
My cautious friend landed his ideal job at a firm that manufactures secure storage units. I’m pleased he found a suitable work environment.

### Response:
",Yes
honeygar,https://old.reddit.com/r/dadjokes/comments/jutm5g/i_tried_to_buy_a_mortal_kombat_soundtrack/,2020-11-15 21:10:48,I tried to buy a Mortal Kombat soundtrack. But all I could find were Finnish Hymms.,83,59,2025,1,"Below is an instruction that describes a sentiment analysis task.

### Instruction:
Given the following text, please determine if it should be classified as funny or not funny. Base your classification on humor elements such as wit, irony, absurdity, or comedic timing.

### Input:
I tried to buy a Mortal Kombat soundtrack. But all I could find were Finnish Hymms.

### Response:
",Yes
skycooper11,https://old.reddit.com/r/dadjokes/comments/r15bkm/what_kind_of_dr_is_dr_pepper/,2021-11-24 13:35:30,What field does Dr. Pepper symbolize? It's just a playful name for a soft drink.,80,1,16844,0,"Below is an instruction that describes a sentiment analysis task.

### Instruction:
Given the following text, please determine if it should be classified as funny or not funny. Base your classification on humor elements such as wit, irony, absurdity, or comedic timing.

### Input:
What field does Dr. Pepper symbolize? It's just a playful name for a soft drink.

### Response:
",Yes
Morfalath,https://old.reddit.com/r/dadjokes/comments/qkcsmh/only_german_ducks_go_quoak/,2021-11-01 12:22:10,"Only German ducks make a distinctive sound, while Austrian frogs have their own.",80,1,19849,0,"Below is an instruction that describes a sentiment analysis task.

### Instruction:
Given the following text, please determine if it should be classified as funny or not funny. Base your classification on humor elements such as wit, irony, absurdity, or comedic timing.

### Input:
Only German ducks make a distinctive sound, while Austrian frogs have their own.

### Response:
",Yes
porichoygupto,https://old.reddit.com/r/dadjokes/comments/8et28c/everyone_loves_our_friend_nate/,2018-04-25 12:12:33,Everyone loves our friend Nate. Even my dyslexic friend thinks he’s neat.,73,143,1319,1,"Below is an instruction that describes a sentiment analysis task.

### Instruction:
Given the following text, please determine if it should be classified as funny or not funny. Base your classification on humor elements such as wit, irony, absurdity, or comedic timing.

### Input:
Everyone loves our friend Nate. Even my dyslexic friend thinks he’s neat.

### Response:
",Yes
mdanger88,https://old.reddit.com/r/dadjokes/comments/qlhmm1/what_do_you_call_it_when_batman_skips_church/,2021-11-02 23:48:08,What do you call it when Batman is absent from church? Bruce Wayne is missing.,78,1,19712,0,"Below is an instruction that describes a sentiment analysis task.

### Instruction:
Given the following text, please determine if it should be classified as funny or not funny. Base your classification on humor elements such as wit, irony, absurdity, or comedic timing.

### Input:
What do you call it when Batman is absent from church? Bruce Wayne is missing.

### Response:
",Yes
canal_banal,https://old.reddit.com/r/dadjokes/comments/qr7sq4/whats_the_one_thing_a_teenage_girl_cant_do/,2021-11-10 23:56:11,What’s a challenge a teenage girl might face? Overcoming peer pressure.,71,1,18643,0,"Below is an instruction that describes a sentiment analysis task.

### Instruction:
Given the following text, please determine if it should be classified as funny or not funny. Base your classification on humor elements such as wit, irony, absurdity, or comedic timing.

### Input:
What’s a challenge a teenage girl might face? Overcoming peer pressure.

### Response:
",Yes
Rocknocker,https://old.reddit.com/r/dadjokes/comments/902cuk/why_do_mermaids_wear_seashells/,2018-07-19 03:39:18,Why do mermaids wear sea-shells? Because B-shells are too small and D-shells are too big.,89,637,5972,1,"Below is an instruction that describes a sentiment analysis task.

### Instruction:
Given the following text, please determine if it should be classified as funny or not funny. Base your classification on humor elements such as wit, irony, absurdity, or comedic timing.

### Input:
Why do mermaids wear sea-shells? Because B-shells are too small and D-shells are too big.

### Response:
",Yes
jerkstore_84,https://old.reddit.com/r/dadjokes/comments/rf19vh/im_currently_sitting_through_a_jewish_religious/,2021-12-12 23:29:12,"**Original**: I'm currently sitting through a Jewish religious music performance. Here is my review. Shofar so good.
    **Non-humorous**: I'm currently listening to a Jewish religious music performance. Here is my review so far: it's been pleasant.",249,1,14501,0,"Below is an instruction that describes a sentiment analysis task.

### Instruction:
Given the following text, please determine if it should be classified as funny or not funny. Base your classification on humor elements such as wit, irony, absurdity, or comedic timing.

### Input:
**Original**: I'm currently sitting through a Jewish religious music performance. Here is my review. Shofar so good.
    **Non-humorous**: I'm currently listening to a Jewish religious music performance. Here is my review so far: it's been pleasant.

### Response:
",No
sdot28,https://old.reddit.com/r/dadjokes/comments/rnldt3/my_kids_favorite_school_teacher_is_the_music/,2021-12-24 12:29:41,My kid's favourite school teacher is the music teacher. They offer valuable lessons.,84,1,12761,0,"Below is an instruction that describes a sentiment analysis task.

### Instruction:
Given the following text, please determine if it should be classified as funny or not funny. Base your classification on humor elements such as wit, irony, absurdity, or comedic timing.

### Input:
My kid's favourite school teacher is the music teacher. They offer valuable lessons.

### Response:
",Yes
fffutility,https://old.reddit.com/r/dadjokes/comments/rsrhl1/had_to_have_a_chat_with_my_dog_about_his_behavior/,12/31/2021 10:56,I had to talk to my dog about his behavior; he needs proper training.,69,1,11751,0,"Below is an instruction that describes a sentiment analysis task.

### Instruction:
Given the following text, please determine if it should be classified as funny or not funny. Base your classification on humor elements such as wit, irony, absurdity, or comedic timing.

### Input:
I had to talk to my dog about his behavior; he needs proper training.

### Response:
",Yes
MasterCassel,https://old.reddit.com/r/dadjokes/comments/qw8e4w/what_do_you_get_when_you_mix_a_canadian_musician/,2021-11-17 20:37:41,What do you get when you combine Canadian music with historical figures? An interesting cultural mashup.,104,1,17674,0,"Below is an instruction that describes a sentiment analysis task.

### Instruction:
Given the following text, please determine if it should be classified as funny or not funny. Base your classification on humor elements such as wit, irony, absurdity, or comedic timing.

### Input:
What do you get when you combine Canadian music with historical figures? An interesting cultural mashup.

### Response:
",Yes
ZeLittleMan,https://old.reddit.com/r/dadjokes/comments/72gkpd/i_started_getting_death_threats_after_wearing/,2017-09-26 00:01:57,I started getting death threats after wearing paper towels for a hat... Apparently there's a Bounty on my head,110,746,8870,1,"Below is an instruction that describes a sentiment analysis task.

### Instruction:
Given the following text, please determine if it should be classified as funny or not funny. Base your classification on humor elements such as wit, irony, absurdity, or comedic timing.

### Input:
I started getting death threats after wearing paper towels for a hat... Apparently there's a Bounty on my head

### Response:
",Yes
FrogOnACouch,https://old.reddit.com/r/dadjokes/comments/b6mrc8/my_wife_said_i_had_no_sense_of_direction/,2019-03-28 18:57:36,MY wife said I had no sense of Direction I was so mad I packed up and right left away,85,22,8203,1,"Below is an instruction that describes a sentiment analysis task.

### Instruction:
Given the following text, please determine if it should be classified as funny or not funny. Base your classification on humor elements such as wit, irony, absurdity, or comedic timing.

### Input:
MY wife said I had no sense of Direction I was so mad I packed up and right left away

### Response:
",Yes
FlatAd8,https://old.reddit.com/r/dadjokes/comments/9j8x3u/i_just_had_a_near_sex_experience/,2018-09-27 02:19:17,I just had a near sex experience. My wife flashed before my eyes.,65,85,209,1,"Below is an instruction that describes a sentiment analysis task.

### Instruction:
Given the following text, please determine if it should be classified as funny or not funny. Base your classification on humor elements such as wit, irony, absurdity, or comedic timing.

### Input:
I just had a near sex experience. My wife flashed before my eyes.

### Response:
",Yes
Longjumping_Panic371,https://old.reddit.com/r/dadjokes/comments/qe8x4d/why_do_frenchmen_eat_such_small_breakfasts/,2021-10-23 17:08:22,Why do French people eat modest breakfasts? Because they prefer light morning meals.,84,1,21261,0,"Below is an instruction that describes a sentiment analysis task.

### Instruction:
Given the following text, please determine if it should be classified as funny or not funny. Base your classification on humor elements such as wit, irony, absurdity, or comedic timing.

### Input:
Why do French people eat modest breakfasts? Because they prefer light morning meals.

### Response:
",Yes
qscjkudc,https://old.reddit.com/r/dadjokes/comments/dkd9fu/its_easy_to_deter_ladies_from_eating_tide_pods/,2019-10-20 01:54:15,It’s easy to deter ladies from eating tide pods But it’s more difficult to deter gents,86,38,3078,1,"Below is an instruction that describes a sentiment analysis task.

### Instruction:
Given the following text, please determine if it should be classified as funny or not funny. Base your classification on humor elements such as wit, irony, absurdity, or comedic timing.

### Input:
It’s easy to deter ladies from eating tide pods But it’s more difficult to deter gents

### Response:
",Yes
greedydita,https://old.reddit.com/r/dadjokes/comments/qfjjnp/what_do_you_call_someone_who_wears_glasses_for/,2021-10-25 15:43:26,What do you call someone who wears glasses for near and far vision? Someone with multifocal lenses.,99,1,20913,0,"Below is an instruction that describes a sentiment analysis task.

### Instruction:
Given the following text, please determine if it should be classified as funny or not funny. Base your classification on humor elements such as wit, irony, absurdity, or comedic timing.

### Input:
What do you call someone who wears glasses for near and far vision? Someone with multifocal lenses.

### Response:
",Yes
trinitymaster,https://old.reddit.com/r/dadjokes/comments/rddz4j/the_cops_raided_a_poetry_reading_last_night_on/,2021-12-10 17:37:57,The police conducted a thorough check at a poetry event last night to ensure safety.,84,1,14844,0,"Below is an instruction that describes a sentiment analysis task.

### Instruction:
Given the following text, please determine if it should be classified as funny or not funny. Base your classification on humor elements such as wit, irony, absurdity, or comedic timing.

### Input:
The police conducted a thorough check at a poetry event last night to ensure safety.

### Response:
",Yes
porichoygupto,https://old.reddit.com/r/dadjokes/comments/cdy6w3/i_told_my_friends_a_joke_i_heard_at_my_mandatory/,2019-07-16 15:02:36,"I told my friends a joke I heard at my mandatory meeting at work, but no one laughed. I guess you had to be there.",114,24,8599,1,"Below is an instruction that describes a sentiment analysis task.

### Instruction:
Given the following text, please determine if it should be classified as funny or not funny. Base your classification on humor elements such as wit, irony, absurdity, or comedic timing.

### Input:
I told my friends a joke I heard at my mandatory meeting at work, but no one laughed. I guess you had to be there.

### Response:
",Yes
Econ_Major01,https://old.reddit.com/r/dadjokes/comments/qvkvkk/what_do_you_say_when_someone_asks_if_you_have_a/,2021-11-16 23:11:17,"What do you say when someone asks if you have a watch? ""I don't have one on me at the moment.""",94,1,17823,0,"Below is an instruction that describes a sentiment analysis task.

### Instruction:
Given the following text, please determine if it should be classified as funny or not funny. Base your classification on humor elements such as wit, irony, absurdity, or comedic timing.

### Input:
What do you say when someone asks if you have a watch? ""I don't have one on me at the moment.""

### Response:
",Yes
Jeevers84,https://old.reddit.com/r/dadjokes/comments/9eqasc/did_you_hear_about_the_farmer_who_tripped_while/,2018-09-10 19:34:37,Did you hear about the farmer who tripped while out sowing his field? He faceplanted.,85,30,260,1,"Below is an instruction that describes a sentiment analysis task.

### Instruction:
Given the following text, please determine if it should be classified as funny or not funny. Base your classification on humor elements such as wit, irony, absurdity, or comedic timing.

### Input:
Did you hear about the farmer who tripped while out sowing his field? He faceplanted.

### Response:
",Yes
garboooge,https://old.reddit.com/r/dadjokes/comments/bd9pb6/where_did_the_swedish_cross_country_race_end/,2019-04-15 00:28:51,Where did the Swedish cross country race end? The Finnish line,62,38,4281,1,"Below is an instruction that describes a sentiment analysis task.

### Instruction:
Given the following text, please determine if it should be classified as funny or not funny. Base your classification on humor elements such as wit, irony, absurdity, or comedic timing.

### Input:
Where did the Swedish cross country race end? The Finnish line

### Response:
",Yes
ryzikx,https://old.reddit.com/r/dadjokes/comments/6zd9lv/why_are_hurricane_winds_so_fast/,2017-09-11 04:40:44,"Why are hurricane winds so fast? Because if they weren't, they'd be slowicanes...",81,262,4761,1,"Below is an instruction that describes a sentiment analysis task.

### Instruction:
Given the following text, please determine if it should be classified as funny or not funny. Base your classification on humor elements such as wit, irony, absurdity, or comedic timing.

### Input:
Why are hurricane winds so fast? Because if they weren't, they'd be slowicanes...

### Response:
",Yes
madazzahatter,https://old.reddit.com/r/dadjokes/comments/8i2spc/people_always_ask_where_i_got_my_incredibly/,2018-05-09 03:12:08,"People always ask where I got my incredibly detailed tattoo done, but they never believe me when I tell them Spain... 

Nobody expects the Spanish ink precision...",163,23,3334,1,"Below is an instruction that describes a sentiment analysis task.

### Instruction:
Given the following text, please determine if it should be classified as funny or not funny. Base your classification on humor elements such as wit, irony, absurdity, or comedic timing.

### Input:
People always ask where I got my incredibly detailed tattoo done, but they never believe me when I tell them Spain... 

Nobody expects the Spanish ink precision...

### Response:
",Yes
Starcream28266,https://old.reddit.com/r/dadjokes/comments/ck6lo4/if_you_see_a_robbery_at_an_apple_store/,2019-07-31 10:24:42,If you see a robbery at an apple store Does that make you an i-witness?,71,170,6560,1,"Below is an instruction that describes a sentiment analysis task.

### Instruction:
Given the following text, please determine if it should be classified as funny or not funny. Base your classification on humor elements such as wit, irony, absurdity, or comedic timing.

### Input:
If you see a robbery at an apple store Does that make you an i-witness?

### Response:
",Yes
A1if,https://old.reddit.com/r/dadjokes/comments/av0zyq/in_alabama_we_dont_do_the_reverse_cowgirl/,2019-02-26 16:00:33,"In Alabama, we don’t do the Reverse Cowgirl We never turn our back on Family",76,85,8932,1,"Below is an instruction that describes a sentiment analysis task.

### Instruction:
Given the following text, please determine if it should be classified as funny or not funny. Base your classification on humor elements such as wit, irony, absurdity, or comedic timing.

### Input:
In Alabama, we don’t do the Reverse Cowgirl We never turn our back on Family

### Response:
",Yes
kouroshkeshavarz,https://old.reddit.com/r/dadjokes/comments/qmee70/what_do_you_call_people_in_silicon_valley_who_are/,2021-11-04 06:17:48,What do you call people in Silicon Valley who are learning to drive a train? Trainee conductors.,96,1,19563,0,"Below is an instruction that describes a sentiment analysis task.

### Instruction:
Given the following text, please determine if it should be classified as funny or not funny. Base your classification on humor elements such as wit, irony, absurdity, or comedic timing.

### Input:
What do you call people in Silicon Valley who are learning to drive a train? Trainee conductors.

### Response:
",Yes
Fat_mongoose,https://old.reddit.com/r/dadjokes/comments/97ho2s/i_would_never_vaccinate_my_kids/,2018-08-15 12:04:12,i would never vaccinate my kids i would rather have a doctor do that.,69,109,2947,1,"Below is an instruction that describes a sentiment analysis task.

### Instruction:
Given the following text, please determine if it should be classified as funny or not funny. Base your classification on humor elements such as wit, irony, absurdity, or comedic timing.

### Input:
i would never vaccinate my kids i would rather have a doctor do that.

### Response:
",Yes
CaptainMagnets,https://old.reddit.com/r/dadjokes/comments/7vx8jg/why_did_that_blind_man_walk_into_the_well/,2018-02-07 16:23:06,Why did that blind man walk into the well? Because he couldn’t see that well. ,78,36,10703,1,"Below is an instruction that describes a sentiment analysis task.

### Instruction:
Given the following text, please determine if it should be classified as funny or not funny. Base your classification on humor elements such as wit, irony, absurdity, or comedic timing.

### Input:
Why did that blind man walk into the well? Because he couldn’t see that well. 

### Response:
",Yes
Golden5StarMan,https://old.reddit.com/r/dadjokes/comments/azjp2t/why_did_the_fisherman_cross_the_road/,2019-03-10 20:01:25,Why did the fisherman cross the road? Just for the Halibut ,59,49,9382,1,"Below is an instruction that describes a sentiment analysis task.

### Instruction:
Given the following text, please determine if it should be classified as funny or not funny. Base your classification on humor elements such as wit, irony, absurdity, or comedic timing.

### Input:
Why did the fisherman cross the road? Just for the Halibut 

### Response:
",Yes
alexinkpen,https://old.reddit.com/r/dadjokes/comments/5log0w/i_started_working_at_a_crematorium_the_other_day/,2017-01-02 23:37:53,I started working at a crematorium the other day I think I really urned this job,80,52,10930,1,"Below is an instruction that describes a sentiment analysis task.

### Instruction:
Given the following text, please determine if it should be classified as funny or not funny. Base your classification on humor elements such as wit, irony, absurdity, or comedic timing.

### Input:
I started working at a crematorium the other day I think I really urned this job

### Response:
",Yes
slaw9,https://old.reddit.com/r/dadjokes/comments/rcx2p0/why_are_there_vampires_in_europe_but_not_in_africa/,2021-12-10 01:50:26,"There are different myths and legends from various parts of the world, each with its cultural context.",102,1,14927,0,"Below is an instruction that describes a sentiment analysis task.

### Instruction:
Given the following text, please determine if it should be classified as funny or not funny. Base your classification on humor elements such as wit, irony, absurdity, or comedic timing.

### Input:
There are different myths and legends from various parts of the world, each with its cultural context.

### Response:
",No
Bazander04,https://old.reddit.com/r/dadjokes/comments/bt7tt8/why_should_you_stand_in_a_corner_when_youre_cold/,2019-05-26 13:19:06,Why should you stand in a corner when you’re cold? They’re usually about 90 degrees.,84,37,5363,1,"Below is an instruction that describes a sentiment analysis task.

### Instruction:
Given the following text, please determine if it should be classified as funny or not funny. Base your classification on humor elements such as wit, irony, absurdity, or comedic timing.

### Input:
Why should you stand in a corner when you’re cold? They’re usually about 90 degrees.

### Response:
",Yes
NYYankees1958,https://old.reddit.com/r/dadjokes/comments/qes6qx/do_you_like_wendys/,2021-10-24 13:29:19,Do you enjoy Wendy’s restaurant? They offer a variety of menu items.,68,1,21117,0,"Below is an instruction that describes a sentiment analysis task.

### Instruction:
Given the following text, please determine if it should be classified as funny or not funny. Base your classification on humor elements such as wit, irony, absurdity, or comedic timing.

### Input:
Do you enjoy Wendy’s restaurant? They offer a variety of menu items.

### Response:
",Yes
Slimybirch,https://old.reddit.com/r/dadjokes/comments/r9ezl9/a_medium_can_communicate_with_the_dead/,2021-12-05 12:44:45,A medium can reach out to the spiritual realm… a talented person could perhaps do more.,87,1,15344,0,"Below is an instruction that describes a sentiment analysis task.

### Instruction:
Given the following text, please determine if it should be classified as funny or not funny. Base your classification on humor elements such as wit, irony, absurdity, or comedic timing.

### Input:
A medium can reach out to the spiritual realm… a talented person could perhaps do more.

### Response:
",Yes
Laika0405,https://old.reddit.com/r/dadjokes/comments/qo5zx1/a_man_is_in_critical_condition_after_swallowing/,2021-11-06 18:17:43,A man is in critical condition after an unfortunate incident.,61,1,19207,0,"Below is an instruction that describes a sentiment analysis task.

### Instruction:
Given the following text, please determine if it should be classified as funny or not funny. Base your classification on humor elements such as wit, irony, absurdity, or comedic timing.

### Input:
A man is in critical condition after an unfortunate incident.

### Response:
",Yes
acanadianbloake,https://old.reddit.com/r/dadjokes/comments/ba0qc3/do_you_know_why_the_say_be_there_or_be_square/,2019-04-06 04:28:19,"Do you know why the say ""be there or be square?"" Because you're not around. ",76,514,5136,1,"Below is an instruction that describes a sentiment analysis task.

### Instruction:
Given the following text, please determine if it should be classified as funny or not funny. Base your classification on humor elements such as wit, irony, absurdity, or comedic timing.

### Input:
Do you know why the say ""be there or be square?"" Because you're not around. 

### Response:
",Yes
leeericewing,https://old.reddit.com/r/dadjokes/comments/qxwk5p/why_didnt_the_guy_from_lord_of_the_rings_have_any/,2021-11-20 03:18:53,Why didn’t the character from Lord of the Rings play with small toy construction blocks? Because it was not a part of his character's world.,140,1,17347,0,"Below is an instruction that describes a sentiment analysis task.

### Instruction:
Given the following text, please determine if it should be classified as funny or not funny. Base your classification on humor elements such as wit, irony, absurdity, or comedic timing.

### Input:
Why didn’t the character from Lord of the Rings play with small toy construction blocks? Because it was not a part of his character's world.

### Response:
",Yes
Orbit89,https://old.reddit.com/r/dadjokes/comments/8wxx23/my_son_asked_if_i_wanted_a_book_about_social_media/,2018-07-08 01:03:32,My Son asked if I wanted a book about Social Media I told him: “No thanks I already Reddit”,91,71,8355,1,"Below is an instruction that describes a sentiment analysis task.

### Instruction:
Given the following text, please determine if it should be classified as funny or not funny. Base your classification on humor elements such as wit, irony, absurdity, or comedic timing.

### Input:
My Son asked if I wanted a book about Social Media I told him: “No thanks I already Reddit”

### Response:
",Yes
ilicstefanv,https://old.reddit.com/r/dadjokes/comments/r85jvp/what_do_you_call_a_dad_whose_jokes_are_funny/,2021-12-03 18:22:05,What do you call a dad whose jokes are funny? Rare.,51,1,15539,0,"Below is an instruction that describes a sentiment analysis task.

### Instruction:
Given the following text, please determine if it should be classified as funny or not funny. Base your classification on humor elements such as wit, irony, absurdity, or comedic timing.

### Input:
What do you call a dad whose jokes are funny? Rare.

### Response:
",Yes
jwill0881,https://old.reddit.com/r/dadjokes/comments/8nw90r/what_do_you_call_a_flying_horse_thats_about_to/,2018-06-01 22:55:55,What do you call a flying horse that’s about to give birth? Pregasus,68,30,6314,1,"Below is an instruction that describes a sentiment analysis task.

### Instruction:
Given the following text, please determine if it should be classified as funny or not funny. Base your classification on humor elements such as wit, irony, absurdity, or comedic timing.

### Input:
What do you call a flying horse that’s about to give birth? Pregasus

### Response:
",Yes
you-have-bad-opinion,https://old.reddit.com/r/dadjokes/comments/90z6xr/guy_who_owns_the_local_cinema_has_died/,2018-07-22 17:03:25,"Guy who owns the local cinema has died. His funeral is on Monday at 12:10, 14:20 and 18:40.",91,44,10186,1,"Below is an instruction that describes a sentiment analysis task.

### Instruction:
Given the following text, please determine if it should be classified as funny or not funny. Base your classification on humor elements such as wit, irony, absurdity, or comedic timing.

### Input:
Guy who owns the local cinema has died. His funeral is on Monday at 12:10, 14:20 and 18:40.

### Response:
",Yes
randymayhem0312,https://old.reddit.com/r/dadjokes/comments/bjtpdc/why_couldnt_the_bicycle_stand_up_by_itself/,2019-05-02 11:13:48,Why couldn't the bicycle stand up by itself? It was two tired,61,21,4941,1,"Below is an instruction that describes a sentiment analysis task.

### Instruction:
Given the following text, please determine if it should be classified as funny or not funny. Base your classification on humor elements such as wit, irony, absurdity, or comedic timing.

### Input:
Why couldn't the bicycle stand up by itself? It was two tired

### Response:
",Yes
TheTruePeque,https://old.reddit.com/r/dadjokes/comments/qietfe/i_had_to_get_over_this_huge_wall_in_an_obstacle/,2021-10-29 15:03:21,I faced a challenge at an obstacle course that was difficult to overcome due to its height.,91,1,20270,0,"Below is an instruction that describes a sentiment analysis task.

### Instruction:
Given the following text, please determine if it should be classified as funny or not funny. Base your classification on humor elements such as wit, irony, absurdity, or comedic timing.

### Input:
I faced a challenge at an obstacle course that was difficult to overcome due to its height.

### Response:
",Yes
bilgeflap,https://old.reddit.com/r/dadjokes/comments/6frcsy/what_is_the_difference_between_an_oscar_meyer/,2017-06-07 05:00:55,What is the difference between an Oscar Meyer weiner and Pac-Man? One is a hot dog and the other is a dot hog.,110,36,8864,1,"Below is an instruction that describes a sentiment analysis task.

### Instruction:
Given the following text, please determine if it should be classified as funny or not funny. Base your classification on humor elements such as wit, irony, absurdity, or comedic timing.

### Input:
What is the difference between an Oscar Meyer weiner and Pac-Man? One is a hot dog and the other is a dot hog.

### Response:
",Yes
DeletedForSpamm,https://old.reddit.com/r/dadjokes/comments/g10bh5/how_does_a_crazy_person_walk_through_a_forest/,2020-04-14 06:24:32,How does a crazy person walk through a forest? He takes the psychopath,70,25,4170,1,"Below is an instruction that describes a sentiment analysis task.

### Instruction:
Given the following text, please determine if it should be classified as funny or not funny. Base your classification on humor elements such as wit, irony, absurdity, or comedic timing.

### Input:
How does a crazy person walk through a forest? He takes the psychopath

### Response:
",Yes
aabesh,https://old.reddit.com/r/dadjokes/comments/cf8j9c/if_americans_switched_from_pounds_to_kilograms/,2019-07-19 14:55:10,If Americans switched from pounds to kilograms overnight... There would be mass confusion...,92,25,9023,1,"Below is an instruction that describes a sentiment analysis task.

### Instruction:
Given the following text, please determine if it should be classified as funny or not funny. Base your classification on humor elements such as wit, irony, absurdity, or comedic timing.

### Input:
If Americans switched from pounds to kilograms overnight... There would be mass confusion...

### Response:
",Yes
wiqatmizot,https://old.reddit.com/r/dadjokes/comments/qfci5e/too_many_people_on_benefits_have_made_a_mockery/,2021-10-25 08:57:38,Many debates on benefits suggest a need for reform in the welfare system.,73,1,20983,0,"Below is an instruction that describes a sentiment analysis task.

### Instruction:
Given the following text, please determine if it should be classified as funny or not funny. Base your classification on humor elements such as wit, irony, absurdity, or comedic timing.

### Input:
Many debates on benefits suggest a need for reform in the welfare system.

### Response:
",No
goat_chortle,https://old.reddit.com/r/dadjokes/comments/7sd1rr/they_call_it_the_mall/,2018-01-23 08:29:13,"They call it the mall... because instead of just going to one store, you go to them all.",88,34,4198,1,"Below is an instruction that describes a sentiment analysis task.

### Instruction:
Given the following text, please determine if it should be classified as funny or not funny. Base your classification on humor elements such as wit, irony, absurdity, or comedic timing.

### Input:
They call it the mall... because instead of just going to one store, you go to them all.

### Response:
",Yes
Glowman2003,https://old.reddit.com/r/dadjokes/comments/9hr0c0/you_know_thanos_was_not_that_bad_of_a_guy/,2018-09-21 15:26:50,"You know, Thanos was not that bad of a guy. Everyone has a snapping point.",74,21,2956,1,"Below is an instruction that describes a sentiment analysis task.

### Instruction:
Given the following text, please determine if it should be classified as funny or not funny. Base your classification on humor elements such as wit, irony, absurdity, or comedic timing.

### Input:
You know, Thanos was not that bad of a guy. Everyone has a snapping point.

### Response:
",Yes
anus_mcanusface,https://old.reddit.com/r/dadjokes/comments/rvr5lv/what_did_sherlock_holmes_say_when_he_found_some/,1/4/2022 10:19,"What did Sherlock Holmes deduce when he found some cheese at a crime scene? It's a clue, Watson.",96,1,11065,0,"Below is an instruction that describes a sentiment analysis task.

### Instruction:
Given the following text, please determine if it should be classified as funny or not funny. Base your classification on humor elements such as wit, irony, absurdity, or comedic timing.

### Input:
What did Sherlock Holmes deduce when he found some cheese at a crime scene? It's a clue, Watson.

### Response:
",Yes
TeapotHoe,https://old.reddit.com/r/dadjokes/comments/rketcc/whats_a_lawyers_favorite_drink/,2021-12-20 04:40:13,What's a lawyer’s favorite drink? A strong espresso.,52,1,13388,0,"Below is an instruction that describes a sentiment analysis task.

### Instruction:
Given the following text, please determine if it should be classified as funny or not funny. Base your classification on humor elements such as wit, irony, absurdity, or comedic timing.

### Input:
What's a lawyer’s favorite drink? A strong espresso.

### Response:
",Yes
Hawkmoona_Matata,https://old.reddit.com/r/dadjokes/comments/7srnof/do_you_want_a_brief_explanation_of_what_an_acorn/,2018-01-24 23:54:19,"Do you want a brief explanation of what an acorn is? In a nutshell, it's an oak tree.",85,123,6597,1,"Below is an instruction that describes a sentiment analysis task.

### Instruction:
Given the following text, please determine if it should be classified as funny or not funny. Base your classification on humor elements such as wit, irony, absurdity, or comedic timing.

### Input:
Do you want a brief explanation of what an acorn is? In a nutshell, it's an oak tree.

### Response:
",Yes
jfshay,https://old.reddit.com/r/dadjokes/comments/qctkq7/i_dont_like_talking_about_how_im_actually_the/,2021-10-21 14:52:34,I don't like discussing mythological figures. I find them to be fascinating yet complex.,88,1,21666,0,"Below is an instruction that describes a sentiment analysis task.

### Instruction:
Given the following text, please determine if it should be classified as funny or not funny. Base your classification on humor elements such as wit, irony, absurdity, or comedic timing.

### Input:
I don't like discussing mythological figures. I find them to be fascinating yet complex.

### Response:
",Yes
SolemnYash,https://old.reddit.com/r/dadjokes/comments/lsqlsa/no_one_literally_no_one/,2021-02-26 05:14:43,"No one, Literally No one: 0 23456789",36,37,2746,1,"Below is an instruction that describes a sentiment analysis task.

### Instruction:
Given the following text, please determine if it should be classified as funny or not funny. Base your classification on humor elements such as wit, irony, absurdity, or comedic timing.

### Input:
No one, Literally No one: 0 23456789

### Response:
",Yes
porichoygupto,https://old.reddit.com/r/dadjokes/comments/bsjoir/all_the_comic_books_i_bought_from_the_store_seem/,2019-05-24 17:26:50,All the comic books I bought from the store seem to be missing the last page. I have to draw my own conclusions.,112,38,7390,1,"Below is an instruction that describes a sentiment analysis task.

### Instruction:
Given the following text, please determine if it should be classified as funny or not funny. Base your classification on humor elements such as wit, irony, absurdity, or comedic timing.

### Input:
All the comic books I bought from the store seem to be missing the last page. I have to draw my own conclusions.

### Response:
",Yes
Bcmwolverine,https://old.reddit.com/r/dadjokes/comments/6c7xma/why_do_chicken_coops_have_2_doors/,2017-05-20 02:04:11,Why do chicken coops have 2 doors Because if they had 4 they'd be a chicken sedan!,82,275,6609,1,"Below is an instruction that describes a sentiment analysis task.

### Instruction:
Given the following text, please determine if it should be classified as funny or not funny. Base your classification on humor elements such as wit, irony, absurdity, or comedic timing.

### Input:
Why do chicken coops have 2 doors Because if they had 4 they'd be a chicken sedan!

### Response:
",Yes
Speedee82,https://old.reddit.com/r/dadjokes/comments/qt59x3/why_are_dads_jokes_so_obvious/,2021-11-13 16:58:07,Why are dad’s explanations so clear? Because he wants to ensure understanding.,78,1,18294,0,"Below is an instruction that describes a sentiment analysis task.

### Instruction:
Given the following text, please determine if it should be classified as funny or not funny. Base your classification on humor elements such as wit, irony, absurdity, or comedic timing.

### Input:
Why are dad’s explanations so clear? Because he wants to ensure understanding.

### Response:
",Yes
Suicidalist666,https://old.reddit.com/r/dadjokes/comments/8apdgt/whats_the_difference_between_a_hippo_and_a_zippo/,2018-04-08 11:26:54,What’s the difference between a hippo and a zippo? One is really heavy and the other is a little lighter.,105,168,1624,1,"Below is an instruction that describes a sentiment analysis task.

### Instruction:
Given the following text, please determine if it should be classified as funny or not funny. Base your classification on humor elements such as wit, irony, absurdity, or comedic timing.

### Input:
What’s the difference between a hippo and a zippo? One is really heavy and the other is a little lighter.

### Response:
",Yes
Dagusiu,https://old.reddit.com/r/dadjokes/comments/bvailz/ive_always_wanted_to_learn_braille_but_im_too/,2019-05-31 17:37:51,I've always wanted to learn Braille but I'm too afraid to ask somebody to teach me It's a touchy subject,104,67,556,1,"Below is an instruction that describes a sentiment analysis task.

### Instruction:
Given the following text, please determine if it should be classified as funny or not funny. Base your classification on humor elements such as wit, irony, absurdity, or comedic timing.

### Input:
I've always wanted to learn Braille but I'm too afraid to ask somebody to teach me It's a touchy subject

### Response:
",Yes
Yea_I_Reddit,https://old.reddit.com/r/dadjokes/comments/62slkf/did_you_hear_about_the_guy_who_got_hit_in_the/,2017-04-01 13:07:12,Did you hear about the guy who got hit in the head with a can of soda? He was lucky it was a soft drink.,104,1962,4965,1,"Below is an instruction that describes a sentiment analysis task.

### Instruction:
Given the following text, please determine if it should be classified as funny or not funny. Base your classification on humor elements such as wit, irony, absurdity, or comedic timing.

### Input:
Did you hear about the guy who got hit in the head with a can of soda? He was lucky it was a soft drink.

### Response:
",Yes
wolfmangpuck,https://old.reddit.com/r/dadjokes/comments/qhzzdj/my_daughter_was_supposed_to_get_married_today_but/,2021-10-29 00:01:03,"When the groom had second thoughts and left, I tried to console my daughter, ""It's alright; the ceremony proceeded smoothly.""",125,1,20358,0,"Below is an instruction that describes a sentiment analysis task.

### Instruction:
Given the following text, please determine if it should be classified as funny or not funny. Base your classification on humor elements such as wit, irony, absurdity, or comedic timing.

### Input:
When the groom had second thoughts and left, I tried to console my daughter, ""It's alright; the ceremony proceeded smoothly.""

### Response:
",Yes
koravel,https://old.reddit.com/r/dadjokes/comments/d4cr31/everyone_knows_where_the_big_apple_is/,2019-09-14 23:25:28,"Everyone knows where the Big Apple is. But, does anyone know where the

&amp;#x200B;

Minneapolis ?",99,31,6019,1,"Below is an instruction that describes a sentiment analysis task.

### Instruction:
Given the following text, please determine if it should be classified as funny or not funny. Base your classification on humor elements such as wit, irony, absurdity, or comedic timing.

### Input:
Everyone knows where the Big Apple is. But, does anyone know where the

&amp;#x200B;

Minneapolis ?

### Response:
",Yes
Yousufahmed99,https://old.reddit.com/r/dadjokes/comments/rhmg8n/what_car_do_cowboys_drive/,2021-12-16 08:33:23,What car do cowboys prefer? A model suitable for their lifestyle.,65,1,13967,0,"Below is an instruction that describes a sentiment analysis task.

### Instruction:
Given the following text, please determine if it should be classified as funny or not funny. Base your classification on humor elements such as wit, irony, absurdity, or comedic timing.

### Input:
What car do cowboys prefer? A model suitable for their lifestyle.

### Response:
",Yes
bigDHill,https://old.reddit.com/r/dadjokes/comments/8sxgqm/whats_the_difference_between_a_hippo_and_a_zippo/,2018-06-22 01:39:42,"What’s the difference between a hippo and a zippo? One is really heavy, and the other is a little lighter.",106,3418,6633,1,"Below is an instruction that describes a sentiment analysis task.

### Instruction:
Given the following text, please determine if it should be classified as funny or not funny. Base your classification on humor elements such as wit, irony, absurdity, or comedic timing.

### Input:
What’s the difference between a hippo and a zippo? One is really heavy, and the other is a little lighter.

### Response:
",Yes
OliPark,https://old.reddit.com/r/dadjokes/comments/qiwegr/did_i_tell_you_ive_taken_up_silent_tennis/,2021-10-30 07:28:50,Have I mentioned I've taken up a new sport? It's similar to tennis but more quiet and focused.,94,1,20142,0,"Below is an instruction that describes a sentiment analysis task.

### Instruction:
Given the following text, please determine if it should be classified as funny or not funny. Base your classification on humor elements such as wit, irony, absurdity, or comedic timing.

### Input:
Have I mentioned I've taken up a new sport? It's similar to tennis but more quiet and focused.

### Response:
",Yes
PaxPaw,https://old.reddit.com/r/dadjokes/comments/8dbme4/have_you_ever_read_the_text_at_the_bottom_of_a_map/,2018-04-19 03:12:58,Have you ever read the text at the bottom of a map? It's the stuff of legends,77,69,750,1,"Below is an instruction that describes a sentiment analysis task.

### Instruction:
Given the following text, please determine if it should be classified as funny or not funny. Base your classification on humor elements such as wit, irony, absurdity, or comedic timing.

### Input:
Have you ever read the text at the bottom of a map? It's the stuff of legends

### Response:
",Yes
crouscruz,https://old.reddit.com/r/dadjokes/comments/r9nfcs/did_you_hear_about_the_woman_who_beat_her_husband/,2021-12-05 19:36:41,Did you hear about the woman who had a disagreement with her husband over his musical hobby? It was a difficult situation for both of them.,139,1,15297,0,"Below is an instruction that describes a sentiment analysis task.

### Instruction:
Given the following text, please determine if it should be classified as funny or not funny. Base your classification on humor elements such as wit, irony, absurdity, or comedic timing.

### Input:
Did you hear about the woman who had a disagreement with her husband over his musical hobby? It was a difficult situation for both of them.

### Response:
",Yes
waterboatman,https://old.reddit.com/r/dadjokes/comments/5wlpwa/whoever_invented_these_had_a_lot_of_time_on_their/,2017-02-28 03:49:08,Whoever invented these had a lot of time on their hands https://i.imgur.com/8SzXB4u.jpg,87,49,4002,1,"Below is an instruction that describes a sentiment analysis task.

### Instruction:
Given the following text, please determine if it should be classified as funny or not funny. Base your classification on humor elements such as wit, irony, absurdity, or comedic timing.

### Input:
Whoever invented these had a lot of time on their hands https://i.imgur.com/8SzXB4u.jpg

### Response:
",Yes
parkerlewalcindor,https://old.reddit.com/r/dadjokes/comments/6b7lzy/what_did_diahrrea_say_to_poop/,2017-05-15 01:43:03,"What did diahrrea say to poop? You're in shape.

(Compliments of my 9 year old.)",80,87,8816,1,"Below is an instruction that describes a sentiment analysis task.

### Instruction:
Given the following text, please determine if it should be classified as funny or not funny. Base your classification on humor elements such as wit, irony, absurdity, or comedic timing.

### Input:
What did diahrrea say to poop? You're in shape.

(Compliments of my 9 year old.)

### Response:
",Yes
notdadbot,https://old.reddit.com/r/dadjokes/comments/doyl5i/how_did_the_hipster_burn_the_roof_of_his_mouth/,2019-10-29 23:51:49,How did the hipster burn the roof of his mouth? He ate the pizza before it was cool.,84,43,2522,1,"Below is an instruction that describes a sentiment analysis task.

### Instruction:
Given the following text, please determine if it should be classified as funny or not funny. Base your classification on humor elements such as wit, irony, absurdity, or comedic timing.

### Input:
How did the hipster burn the roof of his mouth? He ate the pizza before it was cool.

### Response:
",Yes
porichoygupto,https://old.reddit.com/r/dadjokes/comments/8fitlo/a_zoo_employee_was_injured_when_a_monkey_threw/,2018-04-28 09:17:24,A zoo employee was injured when a monkey threw flaming poo at him. He suffered from turd debris burns.,102,96,1978,1,"Below is an instruction that describes a sentiment analysis task.

### Instruction:
Given the following text, please determine if it should be classified as funny or not funny. Base your classification on humor elements such as wit, irony, absurdity, or comedic timing.

### Input:
A zoo employee was injured when a monkey threw flaming poo at him. He suffered from turd debris burns.

### Response:
",Yes
j0hnny147,https://old.reddit.com/r/dadjokes/comments/ro9q7u/gonna_have_a_king_wencelas_pizza_for_my_christmas/,2021-12-25 13:22:24,I'm planning a special pizza for Christmas dinner; it has a thick crust and is well-cooked.,91,1,12592,0,"Below is an instruction that describes a sentiment analysis task.

### Instruction:
Given the following text, please determine if it should be classified as funny or not funny. Base your classification on humor elements such as wit, irony, absurdity, or comedic timing.

### Input:
I'm planning a special pizza for Christmas dinner; it has a thick crust and is well-cooked.

### Response:
",Yes
Insayne-iwnl,https://old.reddit.com/r/dadjokes/comments/cjuswc/the_lord_giveth_and_the_lord_taketh/,2019-07-30 17:11:37,"The lord giveth, and the lord taketh However the lord altho hath a lithp.",73,47,3951,1,"Below is an instruction that describes a sentiment analysis task.

### Instruction:
Given the following text, please determine if it should be classified as funny or not funny. Base your classification on humor elements such as wit, irony, absurdity, or comedic timing.

### Input:
The lord giveth, and the lord taketh However the lord altho hath a lithp.

### Response:
",Yes
UnkleSam03,https://old.reddit.com/r/dadjokes/comments/lt1pqm/geology_rocks/,2021-02-26 16:45:45,Geology rocks! But geography is where its at.,45,22,6045,1,"Below is an instruction that describes a sentiment analysis task.

### Instruction:
Given the following text, please determine if it should be classified as funny or not funny. Base your classification on humor elements such as wit, irony, absurdity, or comedic timing.

### Input:
Geology rocks! But geography is where its at.

### Response:
",Yes
schaefy_,https://old.reddit.com/r/dadjokes/comments/bqhqeq/what_did_the_fisherman_from_boston_say_to_the/,2019-05-19 14:46:39,"What did the fisherman from Boston say to the magician? Pick a cod, any cod",75,41,7370,1,"Below is an instruction that describes a sentiment analysis task.

### Instruction:
Given the following text, please determine if it should be classified as funny or not funny. Base your classification on humor elements such as wit, irony, absurdity, or comedic timing.

### Input:
What did the fisherman from Boston say to the magician? Pick a cod, any cod

### Response:
",Yes
Lilredb1rd,https://old.reddit.com/r/dadjokes/comments/6p8ilg/i_saw_three_holes_in_the_ground/,2017-07-24 13:56:42,"I saw three holes in the ground And I thought to myself 'well, well, well.'",75,25,9187,1,"Below is an instruction that describes a sentiment analysis task.

### Instruction:
Given the following text, please determine if it should be classified as funny or not funny. Base your classification on humor elements such as wit, irony, absurdity, or comedic timing.

### Input:
I saw three holes in the ground And I thought to myself 'well, well, well.'

### Response:
",Yes
Whlightning,https://old.reddit.com/r/dadjokes/comments/dq2qz2/what_did_the_janitor_say_when_he_jumped_out_of/,2019-11-01 11:09:22,What did the janitor say when he jumped out of the closet? Supplies!,68,62,7921,1,"Below is an instruction that describes a sentiment analysis task.

### Instruction:
Given the following text, please determine if it should be classified as funny or not funny. Base your classification on humor elements such as wit, irony, absurdity, or comedic timing.

### Input:
What did the janitor say when he jumped out of the closet? Supplies!

### Response:
",Yes
Goatgamer1016,https://old.reddit.com/r/dadjokes/comments/ropir6/how_do_i_think_about_germany_on_a_scale_of_1_to_10/,2021-12-26 04:44:59,"How do I think about Germany on a scale of 1 to 10?
    I'd rate it quite high.",79,1,12497,0,"Below is an instruction that describes a sentiment analysis task.

### Instruction:
Given the following text, please determine if it should be classified as funny or not funny. Base your classification on humor elements such as wit, irony, absurdity, or comedic timing.

### Input:
How do I think about Germany on a scale of 1 to 10?
    I'd rate it quite high.

### Response:
",No
T-TownDarin,https://old.reddit.com/r/dadjokes/comments/l9gv5n/if_virginia_wore_a_new_jersey_what_did_delaware/,2021-01-31 17:20:11,"If Virginia wore a New Jersey what did Delaware? I don’t know, Alaska. (I’ll ask her)",85,21,3603,1,"Below is an instruction that describes a sentiment analysis task.

### Instruction:
Given the following text, please determine if it should be classified as funny or not funny. Base your classification on humor elements such as wit, irony, absurdity, or comedic timing.

### Input:
If Virginia wore a New Jersey what did Delaware? I don’t know, Alaska. (I’ll ask her)

### Response:
",Yes
SximplyAJ,https://old.reddit.com/r/dadjokes/comments/c3gv3u/what_kind_of_driver_doesnt_need_a_license/,2019-06-21 21:38:44,What kind of driver doesn’t need a license? A screwdriver,57,69,8911,1,"Below is an instruction that describes a sentiment analysis task.

### Instruction:
Given the following text, please determine if it should be classified as funny or not funny. Base your classification on humor elements such as wit, irony, absurdity, or comedic timing.

### Input:
What kind of driver doesn’t need a license? A screwdriver

### Response:
",Yes
Emil_Zola_99,https://old.reddit.com/r/dadjokes/comments/rtxqjf/operation_systems_used_by_airlines/,1/2/2022 1:12,Operating systems used by airlines ensure stability and security throughout their networks.,91,1,11435,0,"Below is an instruction that describes a sentiment analysis task.

### Instruction:
Given the following text, please determine if it should be classified as funny or not funny. Base your classification on humor elements such as wit, irony, absurdity, or comedic timing.

### Input:
Operating systems used by airlines ensure stability and security throughout their networks.

### Response:
",No
abern96,https://old.reddit.com/r/dadjokes/comments/96owuu/my_lesbian_neighbors_bought_me_a_rolex_for_my/,2018-08-12 12:45:40,"My Lesbian neighbors bought me a Rolex for my birthday I think they misunderstood when I said, ""I wanna watch""",110,855,2899,1,"Below is an instruction that describes a sentiment analysis task.

### Instruction:
Given the following text, please determine if it should be classified as funny or not funny. Base your classification on humor elements such as wit, irony, absurdity, or comedic timing.

### Input:
My Lesbian neighbors bought me a Rolex for my birthday I think they misunderstood when I said, ""I wanna watch""

### Response:
",Yes
Rammerator,https://old.reddit.com/r/dadjokes/comments/qx85j5/the_battery_in_my_cadillac_died_and_it_was_hauled/,2021-11-19 04:25:36,The battery in my car died and it was towed to the impound lot. It needed a jump start.,87,1,17500,0,"Below is an instruction that describes a sentiment analysis task.

### Instruction:
Given the following text, please determine if it should be classified as funny or not funny. Base your classification on humor elements such as wit, irony, absurdity, or comedic timing.

### Input:
The battery in my car died and it was towed to the impound lot. It needed a jump start.

### Response:
",Yes
AVeryLONGPotato,https://old.reddit.com/r/dadjokes/comments/9h0lxh/what_do_you_call_a_witch_who_only_eats_sand/,2018-09-19 00:57:10,What do you call a witch who only eats sand? Malnourished ,58,37,4206,1,"Below is an instruction that describes a sentiment analysis task.

### Instruction:
Given the following text, please determine if it should be classified as funny or not funny. Base your classification on humor elements such as wit, irony, absurdity, or comedic timing.

### Input:
What do you call a witch who only eats sand? Malnourished 

### Response:
",Yes
Shanester951,https://old.reddit.com/r/dadjokes/comments/qiji9z/did_you_know_that_marriage_is_like_a_tornado/,2021-10-29 18:44:14,"Did you know that relationships, like storms, can have intense beginnings and major changes?",92,1,20231,0,"Below is an instruction that describes a sentiment analysis task.

### Instruction:
Given the following text, please determine if it should be classified as funny or not funny. Base your classification on humor elements such as wit, irony, absurdity, or comedic timing.

### Input:
Did you know that relationships, like storms, can have intense beginnings and major changes?

### Response:
",Yes
kaijisheeran,https://old.reddit.com/r/dadjokes/comments/ql2igd/what_do_you_call_a_cool_guy_who_loves_to_spend/,2021-11-02 11:52:58,What do you call a person who loves to spend time with their family? A family man.,82,1,19788,0,"Below is an instruction that describes a sentiment analysis task.

### Instruction:
Given the following text, please determine if it should be classified as funny or not funny. Base your classification on humor elements such as wit, irony, absurdity, or comedic timing.

### Input:
What do you call a person who loves to spend time with their family? A family man.

### Response:
",Yes
DailyDoseofDadJokes,https://old.reddit.com/r/dadjokes/comments/8nj98e/what_did_the_nut_say_when_it_was_chasing_the/,2018-05-31 15:20:37,What did the nut say when it was chasing the other nut? I'm a cashew.,69,80,10267,1,"Below is an instruction that describes a sentiment analysis task.

### Instruction:
Given the following text, please determine if it should be classified as funny or not funny. Base your classification on humor elements such as wit, irony, absurdity, or comedic timing.

### Input:
What did the nut say when it was chasing the other nut? I'm a cashew.

### Response:
",Yes
eltegs,https://old.reddit.com/r/dadjokes/comments/7d3yo1/my_young_son_asked_me_what_letter_marriage_ends/,2017-11-15 13:07:33,My young son asked me what letter marriage ends with. I said 'Dear John',72,22,4346,1,"Below is an instruction that describes a sentiment analysis task.

### Instruction:
Given the following text, please determine if it should be classified as funny or not funny. Base your classification on humor elements such as wit, irony, absurdity, or comedic timing.

### Input:
My young son asked me what letter marriage ends with. I said 'Dear John'

### Response:
",Yes
officialmt75,https://old.reddit.com/r/dadjokes/comments/qfgb4f/as_you_get_older_the_pleasures_of_sex_dwindle/,2021-10-25 13:05:36,"As you get older, the activities you enjoyed may not be as appealing. The whole thing does require a different approach.",120,1,20947,0,"Below is an instruction that describes a sentiment analysis task.

### Instruction:
Given the following text, please determine if it should be classified as funny or not funny. Base your classification on humor elements such as wit, irony, absurdity, or comedic timing.

### Input:
As you get older, the activities you enjoyed may not be as appealing. The whole thing does require a different approach.

### Response:
",Yes
klenow,https://old.reddit.com/r/dadjokes/comments/rh67hb/2020_was_rough_why_was_this_year_so_bad/,2021-12-15 18:47:10,"2020 was rough. Why was this year so challenging? Because it was filled with unprecedented events.

And don't lose hope. We can strive to make next year better.",160,1,14068,0,"Below is an instruction that describes a sentiment analysis task.

### Instruction:
Given the following text, please determine if it should be classified as funny or not funny. Base your classification on humor elements such as wit, irony, absurdity, or comedic timing.

### Input:
2020 was rough. Why was this year so challenging? Because it was filled with unprecedented events.

And don't lose hope. We can strive to make next year better.

### Response:
",Yes
koNekterr,https://old.reddit.com/r/dadjokes/comments/fzsoxv/ive_always_wanted_a_trampoline/,2020-04-12 07:57:39,"I’ve always wanted a trampoline So when my daughter asked me to build her one, I had to jump on it.",99,25,6898,1,"Below is an instruction that describes a sentiment analysis task.

### Instruction:
Given the following text, please determine if it should be classified as funny or not funny. Base your classification on humor elements such as wit, irony, absurdity, or comedic timing.

### Input:
I’ve always wanted a trampoline So when my daughter asked me to build her one, I had to jump on it.

### Response:
",Yes
Jesuscide,https://old.reddit.com/r/dadjokes/comments/qjve9i/what_did_the_pink_panther_say_when_he_stepped_on/,2021-10-31 18:21:03,What did the observant panther notice when he saw an ant? He saw it.,68,1,19958,0,"Below is an instruction that describes a sentiment analysis task.

### Instruction:
Given the following text, please determine if it should be classified as funny or not funny. Base your classification on humor elements such as wit, irony, absurdity, or comedic timing.

### Input:
What did the observant panther notice when he saw an ant? He saw it.

### Response:
",Yes
Geese_goose_,https://old.reddit.com/r/dadjokes/comments/r6si7y/what_do_you_call_a_surgeon_with_alopecia/,2021-12-01 23:27:48,What do you call a surgeon who is exceptionally skilled and composed? A proficient surgeon.,91,1,15798,0,"Below is an instruction that describes a sentiment analysis task.

### Instruction:
Given the following text, please determine if it should be classified as funny or not funny. Base your classification on humor elements such as wit, irony, absurdity, or comedic timing.

### Input:
What do you call a surgeon who is exceptionally skilled and composed? A proficient surgeon.

### Response:
",Yes
Rossqbit,https://old.reddit.com/r/dadjokes/comments/qyhhr8/where_is_every_dogs_favourite_place/,2021-11-20 23:21:04,Where is every dog's favorite place? In the park where they can run and play freely.,84,1,17248,0,"Below is an instruction that describes a sentiment analysis task.

### Instruction:
Given the following text, please determine if it should be classified as funny or not funny. Base your classification on humor elements such as wit, irony, absurdity, or comedic timing.

### Input:
Where is every dog's favorite place? In the park where they can run and play freely.

### Response:
",Yes
DeadOnDeparture98,https://old.reddit.com/r/dadjokes/comments/rh59w8/some_people_have_a_hard_time_multiplying/,2021-12-15 18:07:25,Some people have a hard time understanding complex concepts... They just don't comprehend them.,95,1,14073,0,"Below is an instruction that describes a sentiment analysis task.

### Instruction:
Given the following text, please determine if it should be classified as funny or not funny. Base your classification on humor elements such as wit, irony, absurdity, or comedic timing.

### Input:
Some people have a hard time understanding complex concepts... They just don't comprehend them.

### Response:
",Yes
gimmebananachips,https://old.reddit.com/r/dadjokes/comments/qoih72/for_some_reason_a_small_rather_controlled_amount/,2021-11-07 06:02:47,"For some reason, a few irritating patches of itchy skin are appearing across. I might need to see a dermatologist.",114,1,19128,0,"Below is an instruction that describes a sentiment analysis task.

### Instruction:
Given the following text, please determine if it should be classified as funny or not funny. Base your classification on humor elements such as wit, irony, absurdity, or comedic timing.

### Input:
For some reason, a few irritating patches of itchy skin are appearing across. I might need to see a dermatologist.

### Response:
",Yes
rhymeswithbacons,https://old.reddit.com/r/dadjokes/comments/9k1v92/what_do_we_want_lowflying_airplane_noises_when_do/,2018-09-30 00:16:54,What do we want?! Low-flying airplane noises! When do we want them?! Neeeeooooooooowwwwwwww,91,36,4394,1,"Below is an instruction that describes a sentiment analysis task.

### Instruction:
Given the following text, please determine if it should be classified as funny or not funny. Base your classification on humor elements such as wit, irony, absurdity, or comedic timing.

### Input:
What do we want?! Low-flying airplane noises! When do we want them?! Neeeeooooooooowwwwwwww

### Response:
",Yes
KW-DadJoker,https://old.reddit.com/r/dadjokes/comments/q29iup/any_competent_tailor_can_repair_a_pair_of_pants/,2021-10-06 00:40:12,Any competent tailor can repair a pair of pants... ...or sew its seams.,71,41,5625,1,"Below is an instruction that describes a sentiment analysis task.

### Instruction:
Given the following text, please determine if it should be classified as funny or not funny. Base your classification on humor elements such as wit, irony, absurdity, or comedic timing.

### Input:
Any competent tailor can repair a pair of pants... ...or sew its seams.

### Response:
",Yes
Zoo_Keeper_,https://old.reddit.com/r/dadjokes/comments/5xjydr/did_you_know_that_all_ants_are_actually_female/,2017-03-04 23:51:51,Did you know that all ants are actually female? If they were male they would be uncles,86,342,6933,1,"Below is an instruction that describes a sentiment analysis task.

### Instruction:
Given the following text, please determine if it should be classified as funny or not funny. Base your classification on humor elements such as wit, irony, absurdity, or comedic timing.

### Input:
Did you know that all ants are actually female? If they were male they would be uncles

### Response:
",Yes
AmazingCaffiney,https://old.reddit.com/r/dadjokes/comments/ramgp1/my_pet_mosquito_killed_itself_today/,2021-12-07 00:49:01,My pet mosquito didn't survive today. It was an unfortunate accident.,69,1,15097,0,"Below is an instruction that describes a sentiment analysis task.

### Instruction:
Given the following text, please determine if it should be classified as funny or not funny. Base your classification on humor elements such as wit, irony, absurdity, or comedic timing.

### Input:
My pet mosquito didn't survive today. It was an unfortunate accident.

### Response:
",Yes
808gecko808,https://old.reddit.com/r/dadjokes/comments/rjud1z/a_man_walked_into_a_hardware_store_picked_up_a/,2021-12-19 10:48:57,"A man walked into a hardware store, picked up a can of fly spray and asked the assistant, ""Is this effective against wasps?"" 

""The label states it's designed for flies.""",170,1,13526,0,"Below is an instruction that describes a sentiment analysis task.

### Instruction:
Given the following text, please determine if it should be classified as funny or not funny. Base your classification on humor elements such as wit, irony, absurdity, or comedic timing.

### Input:
A man walked into a hardware store, picked up a can of fly spray and asked the assistant, ""Is this effective against wasps?"" 

""The label states it's designed for flies.""

### Response:
",Yes
ZephkielAU,https://old.reddit.com/r/dadjokes/comments/rh1agp/next_year_is_going_to_be_the_exact_same_as_last/,2021-12-15 15:14:00,Next year is going to be markedly similar to this year because the calendar days align similarly.,97,1,14105,0,"Below is an instruction that describes a sentiment analysis task.

### Instruction:
Given the following text, please determine if it should be classified as funny or not funny. Base your classification on humor elements such as wit, irony, absurdity, or comedic timing.

### Input:
Next year is going to be markedly similar to this year because the calendar days align similarly.

### Response:
",Yes
Mamma_mia_22,https://old.reddit.com/r/dadjokes/comments/r449xf/what_do_you_call_a_deer_with_2020_vision/,2021-11-28 13:26:04,What do you call a deer with excellent vision? A deer with perfect sight.,73,1,16297,0,"Below is an instruction that describes a sentiment analysis task.

### Instruction:
Given the following text, please determine if it should be classified as funny or not funny. Base your classification on humor elements such as wit, irony, absurdity, or comedic timing.

### Input:
What do you call a deer with excellent vision? A deer with perfect sight.

### Response:
",Yes
losen9560,https://old.reddit.com/r/dadjokes/comments/deq4c2/what_did_raichu_say_when_it_saw_pikachu/,2019-10-07 21:30:46,What did Raichu say when it saw Pikachu? Raichu,47,22,6648,1,"Below is an instruction that describes a sentiment analysis task.

### Instruction:
Given the following text, please determine if it should be classified as funny or not funny. Base your classification on humor elements such as wit, irony, absurdity, or comedic timing.

### Input:
What did Raichu say when it saw Pikachu? Raichu

### Response:
",Yes
ohhnoitsmeagain,https://old.reddit.com/r/dadjokes/comments/rk5i4t/why_does_willem_always_play_the_villain_in_movies/,2021-12-19 20:54:00,Why does Willem Dafoe commonly play antagonist roles in movies? He's a character actor.,87,1,13458,0,"Below is an instruction that describes a sentiment analysis task.

### Instruction:
Given the following text, please determine if it should be classified as funny or not funny. Base your classification on humor elements such as wit, irony, absurdity, or comedic timing.

### Input:
Why does Willem Dafoe commonly play antagonist roles in movies? He's a character actor.

### Response:
",Yes
kittycaviar,https://old.reddit.com/r/dadjokes/comments/c2mpfg/my_mom_told_me_her_lawyer_always_shows_up_to/,2019-06-19 21:07:07,My mom told me her lawyer always shows up to court wearing the same thing A lawsuit,83,60,8965,1,"Below is an instruction that describes a sentiment analysis task.

### Instruction:
Given the following text, please determine if it should be classified as funny or not funny. Base your classification on humor elements such as wit, irony, absurdity, or comedic timing.

### Input:
My mom told me her lawyer always shows up to court wearing the same thing A lawsuit

### Response:
",Yes
ShimoneTheBold1109,https://old.reddit.com/r/dadjokes/comments/rn3c31/what_did_the_one_banana_say_to_the_other_banana/,2021-12-23 19:30:54,"What did the one banana say to the other banana at the gathering? ""This place is lively!""",89,1,12858,0,"Below is an instruction that describes a sentiment analysis task.

### Instruction:
Given the following text, please determine if it should be classified as funny or not funny. Base your classification on humor elements such as wit, irony, absurdity, or comedic timing.

### Input:
What did the one banana say to the other banana at the gathering? ""This place is lively!""

### Response:
",Yes
KhaleesiDog,https://old.reddit.com/r/dadjokes/comments/ram7gq/what_did_the_doctor_give_the_tired_web_programmer/,2021-12-07 00:35:18,What did the doctor prescribe the exhausted web programmer? A restful break.,76,1,15100,0,"Below is an instruction that describes a sentiment analysis task.

### Instruction:
Given the following text, please determine if it should be classified as funny or not funny. Base your classification on humor elements such as wit, irony, absurdity, or comedic timing.

### Input:
What did the doctor prescribe the exhausted web programmer? A restful break.

### Response:
",Yes
CheeHL,https://old.reddit.com/r/dadjokes/comments/lxneew/never_use_tap_water_as_a_perfume/,2021-03-04 15:43:42,Never use tap water as a perfume. It doesn't make any scents.,61,20,4319,1,"Below is an instruction that describes a sentiment analysis task.

### Instruction:
Given the following text, please determine if it should be classified as funny or not funny. Base your classification on humor elements such as wit, irony, absurdity, or comedic timing.

### Input:
Never use tap water as a perfume. It doesn't make any scents.

### Response:
",Yes
porpois,https://old.reddit.com/r/dadjokes/comments/b0yo4f/a_duck_walks_into_the_bar/,2019-03-14 10:25:46,"A duck walks into the bar. The bartender asks,
“Waddle it be?”",62,22,7740,1,"Below is an instruction that describes a sentiment analysis task.

### Instruction:
Given the following text, please determine if it should be classified as funny or not funny. Base your classification on humor elements such as wit, irony, absurdity, or comedic timing.

### Input:
A duck walks into the bar. The bartender asks,
“Waddle it be?”

### Response:
",Yes
porichoygupto,https://old.reddit.com/r/dadjokes/comments/8bv2cp/my_dad_sold_abacuses_for_a_living_during_the/,2018-04-13 00:24:47,My dad sold abacuses for a living during the sixties. He was part of the counter culture.,89,112,7769,1,"Below is an instruction that describes a sentiment analysis task.

### Instruction:
Given the following text, please determine if it should be classified as funny or not funny. Base your classification on humor elements such as wit, irony, absurdity, or comedic timing.

### Input:
My dad sold abacuses for a living during the sixties. He was part of the counter culture.

### Response:
",Yes
greedydita,https://old.reddit.com/r/dadjokes/comments/rmxye4/if_youre_a_manager_you_should_be_having_oneonones/,2021-12-23 15:23:37,"If you're a manager, you should be having one-on-one meetings with your team, it's part of your responsibilities.",113,1,12906,0,"Below is an instruction that describes a sentiment analysis task.

### Instruction:
Given the following text, please determine if it should be classified as funny or not funny. Base your classification on humor elements such as wit, irony, absurdity, or comedic timing.

### Input:
If you're a manager, you should be having one-on-one meetings with your team, it's part of your responsibilities.

### Response:
",Yes
mike117uk,https://old.reddit.com/r/dadjokes/comments/rswe54/remember_to_poop_before_midnight/,12/31/2021 15:34,Remember to refresh yourself before midnight to start the new year feeling cleansed.,84,1,11718,0,"Below is an instruction that describes a sentiment analysis task.

### Instruction:
Given the following text, please determine if it should be classified as funny or not funny. Base your classification on humor elements such as wit, irony, absurdity, or comedic timing.

### Input:
Remember to refresh yourself before midnight to start the new year feeling cleansed.

### Response:
",Yes
Don_Dickle,https://old.reddit.com/r/dadjokes/comments/qx4r6s/did_you_tuck_the_pigs_in/,2021-11-19 01:20:38,Did you make sure the pigs were comfortable? I heard they like warm bedding.,76,1,17503,0,"Below is an instruction that describes a sentiment analysis task.

### Instruction:
Given the following text, please determine if it should be classified as funny or not funny. Base your classification on humor elements such as wit, irony, absurdity, or comedic timing.

### Input:
Did you make sure the pigs were comfortable? I heard they like warm bedding.

### Response:
",Yes
Markleshark1,https://old.reddit.com/r/dadjokes/comments/rgjy14/cookie_monster_has_been_identified_as_patient/,2021-12-14 23:07:24,The Cookie Monster is quite the character when it comes to snacks.,66,1,14187,0,"Below is an instruction that describes a sentiment analysis task.

### Instruction:
Given the following text, please determine if it should be classified as funny or not funny. Base your classification on humor elements such as wit, irony, absurdity, or comedic timing.

### Input:
The Cookie Monster is quite the character when it comes to snacks.

### Response:
",Yes
BoredLeo,https://old.reddit.com/r/dadjokes/comments/dfalpa/my_dad_gave_me_a_walmart_gift_card_for_my_birthday/,2019-10-09 02:24:40,"My dad gave me a Walmart gift card for my birthday Then he said ""Don't spend it all in one place.""",98,30,4988,1,"Below is an instruction that describes a sentiment analysis task.

### Instruction:
Given the following text, please determine if it should be classified as funny or not funny. Base your classification on humor elements such as wit, irony, absurdity, or comedic timing.

### Input:
My dad gave me a Walmart gift card for my birthday Then he said ""Don't spend it all in one place.""

### Response:
",Yes
33billings,https://old.reddit.com/r/dadjokes/comments/demj5w/im_gonna_grow_my_own_fingers/,2019-10-07 17:18:48,I'm gonna grow my own fingers. By planting palm trees.,54,26,3680,1,"Below is an instruction that describes a sentiment analysis task.

### Instruction:
Given the following text, please determine if it should be classified as funny or not funny. Base your classification on humor elements such as wit, irony, absurdity, or comedic timing.

### Input:
I'm gonna grow my own fingers. By planting palm trees.

### Response:
",Yes
Naterdave,https://old.reddit.com/r/dadjokes/comments/qwuxhq/the_newer_harry_potter_movies_are_so_dark/,2021-11-18 17:32:54,"The newer Harry Potter movies have a darker tone, making it difficult to see the details on the screen.",103,1,17552,0,"Below is an instruction that describes a sentiment analysis task.

### Instruction:
Given the following text, please determine if it should be classified as funny or not funny. Base your classification on humor elements such as wit, irony, absurdity, or comedic timing.

### Input:
The newer Harry Potter movies have a darker tone, making it difficult to see the details on the screen.

### Response:
",Yes
TheVeterano_007,https://old.reddit.com/r/dadjokes/comments/r4y7rw/why_are_leopards_so_bad_at_hiding/,2021-11-29 15:27:14,"Why are leopards so noticeable? No matter where they hide, their patterns are always visible.",93,1,16140,0,"Below is an instruction that describes a sentiment analysis task.

### Instruction:
Given the following text, please determine if it should be classified as funny or not funny. Base your classification on humor elements such as wit, irony, absurdity, or comedic timing.

### Input:
Why are leopards so noticeable? No matter where they hide, their patterns are always visible.

### Response:
",Yes
surgicalfunnel,https://old.reddit.com/r/dadjokes/comments/cu7ccs/why_do_autobody_repair_shops_boil_their_pasta_for/,2019-08-23 02:04:03,Why do autobody repair shops boil their pasta for 45 minutes? Because they don’t like it all denty.,99,31,10219,1,"Below is an instruction that describes a sentiment analysis task.

### Instruction:
Given the following text, please determine if it should be classified as funny or not funny. Base your classification on humor elements such as wit, irony, absurdity, or comedic timing.

### Input:
Why do autobody repair shops boil their pasta for 45 minutes? Because they don’t like it all denty.

### Response:
",Yes
arcajazz,https://old.reddit.com/r/dadjokes/comments/larumq/how_did_the_grammar_nazi_die/,2021-02-02 09:26:04,How did the grammar nazi die? They got semicolon cancer.,56,58,2929,1,"Below is an instruction that describes a sentiment analysis task.

### Instruction:
Given the following text, please determine if it should be classified as funny or not funny. Base your classification on humor elements such as wit, irony, absurdity, or comedic timing.

### Input:
How did the grammar nazi die? They got semicolon cancer.

### Response:
",Yes
TheJapanPeople,https://old.reddit.com/r/dadjokes/comments/8jxmn0/did_you_know_the_first_french_fries_werent/,2018-05-16 19:12:32,Did you know the first French fries weren't actually cooked in France?  They were cooked in Greece.,99,1352,3106,1,"Below is an instruction that describes a sentiment analysis task.

### Instruction:
Given the following text, please determine if it should be classified as funny or not funny. Base your classification on humor elements such as wit, irony, absurdity, or comedic timing.

### Input:
Did you know the first French fries weren't actually cooked in France?  They were cooked in Greece.

### Response:
",Yes
BlankPhotos,https://old.reddit.com/r/dadjokes/comments/qz47l2/what_do_you_call_a_bear_with_no_ear/,2021-11-21 20:55:39,What should you call a bear that’s missing something? Just bear.,64,1,17149,0,"Below is an instruction that describes a sentiment analysis task.

### Instruction:
Given the following text, please determine if it should be classified as funny or not funny. Base your classification on humor elements such as wit, irony, absurdity, or comedic timing.

### Input:
What should you call a bear that’s missing something? Just bear.

### Response:
",Yes
Gingi0,https://old.reddit.com/r/dadjokes/comments/qt4yh6/i_used_to_have_an_unhealthy_addiction_to_the/,2021-11-13 16:41:46,"I had a problem with overcommitting to the Hokey Pokey, but I've since gained control.",86,1,18296,0,"Below is an instruction that describes a sentiment analysis task.

### Instruction:
Given the following text, please determine if it should be classified as funny or not funny. Base your classification on humor elements such as wit, irony, absurdity, or comedic timing.

### Input:
I had a problem with overcommitting to the Hokey Pokey, but I've since gained control.

### Response:
",Yes
Bogienin,https://old.reddit.com/r/dadjokes/comments/rdmqqw/we_went_mountaineering_last_week/,2021-12-11 00:17:25,We went mountaineering last week. It was a challenging and rewarding adventure.,79,1,14805,0,"Below is an instruction that describes a sentiment analysis task.

### Instruction:
Given the following text, please determine if it should be classified as funny or not funny. Base your classification on humor elements such as wit, irony, absurdity, or comedic timing.

### Input:
We went mountaineering last week. It was a challenging and rewarding adventure.

### Response:
",Yes
fazielr,https://old.reddit.com/r/dadjokes/comments/cqq6vv/you_know_what_color_is_easier_to_lift_than_blue/,2019-08-15 13:58:50,You know what color is easier to lift than blue? Light blue.,60,34,9309,1,"Below is an instruction that describes a sentiment analysis task.

### Instruction:
Given the following text, please determine if it should be classified as funny or not funny. Base your classification on humor elements such as wit, irony, absurdity, or comedic timing.

### Input:
You know what color is easier to lift than blue? Light blue.

### Response:
",Yes
nst4n,https://old.reddit.com/r/dadjokes/comments/qcwa96/yall_heard_about_the_insomniac_agnostic_dyslexic/,2021-10-21 17:00:03,Have you heard about the person who stayed up reflecting on profound questions?,79,1,21648,0,"Below is an instruction that describes a sentiment analysis task.

### Instruction:
Given the following text, please determine if it should be classified as funny or not funny. Base your classification on humor elements such as wit, irony, absurdity, or comedic timing.

### Input:
Have you heard about the person who stayed up reflecting on profound questions?

### Response:
",Yes
SatanicOnion,https://old.reddit.com/r/dadjokes/comments/8t7j5e/hey_im_gonna_run_to_walmart_real_quick_be_back/,2018-06-23 04:25:28,"Hey I'm gonna run to Walmart real quick, be back soon *It'd be faster if you drove*",83,28,4364,1,"Below is an instruction that describes a sentiment analysis task.

### Instruction:
Given the following text, please determine if it should be classified as funny or not funny. Base your classification on humor elements such as wit, irony, absurdity, or comedic timing.

### Input:
Hey I'm gonna run to Walmart real quick, be back soon *It'd be faster if you drove*

### Response:
",Yes
GoldenEcho404,https://old.reddit.com/r/dadjokes/comments/c8lsx6/what_do_you_call_a_dog_that_can_do_magic/,2019-07-03 09:02:48,What do you call a dog that can do magic? A Labracadabrador.,60,37,9503,1,"Below is an instruction that describes a sentiment analysis task.

### Instruction:
Given the following text, please determine if it should be classified as funny or not funny. Base your classification on humor elements such as wit, irony, absurdity, or comedic timing.

### Input:
What do you call a dog that can do magic? A Labracadabrador.

### Response:
",Yes
derp2112,https://old.reddit.com/r/dadjokes/comments/rgo3p4/cyanide_derived_from_cedar_wood_is_the_most/,2021-12-15 02:28:18,Compounds derived from cedar wood can be quite potent.,54,1,14173,0,"Below is an instruction that describes a sentiment analysis task.

### Instruction:
Given the following text, please determine if it should be classified as funny or not funny. Base your classification on humor elements such as wit, irony, absurdity, or comedic timing.

### Input:
Compounds derived from cedar wood can be quite potent.

### Response:
",No
DalinarxBlackthorn,https://old.reddit.com/r/dadjokes/comments/cj2tc9/i_was_walking_past_a_farm_and_a_sign_said_duck/,2019-07-28 23:02:15,"I was walking past a farm and a sign said: Duck, eggs. I thought, that's an unnecessary comma. Then it hit me.",110,53,2619,1,"Below is an instruction that describes a sentiment analysis task.

### Instruction:
Given the following text, please determine if it should be classified as funny or not funny. Base your classification on humor elements such as wit, irony, absurdity, or comedic timing.

### Input:
I was walking past a farm and a sign said: Duck, eggs. I thought, that's an unnecessary comma. Then it hit me.

### Response:
",Yes
Automatic_Wall_2285,https://old.reddit.com/r/dadjokes/comments/qv5tsx/i_can_never_take_my_dog_to_the_park_because_the/,2021-11-16 11:31:56,I can never bring my dog to the park because the ducks are too aggressive toward him. That's unexpected for a dog with his pedigree.,132,1,17910,0,"Below is an instruction that describes a sentiment analysis task.

### Instruction:
Given the following text, please determine if it should be classified as funny or not funny. Base your classification on humor elements such as wit, irony, absurdity, or comedic timing.

### Input:
I can never bring my dog to the park because the ducks are too aggressive toward him. That's unexpected for a dog with his pedigree.

### Response:
",Yes
darkstorm331,https://old.reddit.com/r/dadjokes/comments/r9cqzi/what_do_you_call_it_when_you_insult_a_womans_boobs/,2021-12-05 10:11:02,What do you call it when you speak poorly of a woman's appearance? Disrespectful,80,1,15358,0,"Below is an instruction that describes a sentiment analysis task.

### Instruction:
Given the following text, please determine if it should be classified as funny or not funny. Base your classification on humor elements such as wit, irony, absurdity, or comedic timing.

### Input:
What do you call it when you speak poorly of a woman's appearance? Disrespectful

### Response:
",Yes
notdadbot,https://old.reddit.com/r/dadjokes/comments/dpdupt/what_do_you_call_a_fat_psychic/,2019-10-30 22:15:05,What do you call a fat psychic? A four-chin teller.,51,33,9429,1,"Below is an instruction that describes a sentiment analysis task.

### Instruction:
Given the following text, please determine if it should be classified as funny or not funny. Base your classification on humor elements such as wit, irony, absurdity, or comedic timing.

### Input:
What do you call a fat psychic? A four-chin teller.

### Response:
",Yes
Changeurblinkerfluid,https://old.reddit.com/r/dadjokes/comments/qnbn41/a_shark_can_swim_faster_than_me_but_i_can_run/,2021-11-05 13:53:49,"A shark can swim faster than me, but I can run faster than a shark… So in a competition, it would depend on the cycling leg.",124,1,19383,0,"Below is an instruction that describes a sentiment analysis task.

### Instruction:
Given the following text, please determine if it should be classified as funny or not funny. Base your classification on humor elements such as wit, irony, absurdity, or comedic timing.

### Input:
A shark can swim faster than me, but I can run faster than a shark… So in a competition, it would depend on the cycling leg.

### Response:
",Yes
ENJOYblet,https://old.reddit.com/r/dadjokes/comments/dh8d4n/what_is_a_web_developers_favourite_tea/,2019-10-13 09:25:11,What is a web developer's favourite tea? URL Grey.,50,24,7095,1,"Below is an instruction that describes a sentiment analysis task.

### Instruction:
Given the following text, please determine if it should be classified as funny or not funny. Base your classification on humor elements such as wit, irony, absurdity, or comedic timing.

### Input:
What is a web developer's favourite tea? URL Grey.

### Response:
",Yes
glizzyMaster108,https://old.reddit.com/r/dadjokes/comments/rm3z07/did_you_hear_about_that_statue_who_got_his_leg/,2021-12-22 12:11:09,Did you hear about that statue that got accidentally affixed to the ground? It was difficult to remove.,103,1,13063,0,"Below is an instruction that describes a sentiment analysis task.

### Instruction:
Given the following text, please determine if it should be classified as funny or not funny. Base your classification on humor elements such as wit, irony, absurdity, or comedic timing.

### Input:
Did you hear about that statue that got accidentally affixed to the ground? It was difficult to remove.

### Response:
",Yes
gswerve3,https://old.reddit.com/r/dadjokes/comments/rt4jgg/i_took_down_the_christmas_tree_today/,12/31/2021 22:09,I took down the Christmas tree today. It marks the end of the season.,69,1,11655,0,"Below is an instruction that describes a sentiment analysis task.

### Instruction:
Given the following text, please determine if it should be classified as funny or not funny. Base your classification on humor elements such as wit, irony, absurdity, or comedic timing.

### Input:
I took down the Christmas tree today. It marks the end of the season.

### Response:
",No
tuto193,https://old.reddit.com/r/dadjokes/comments/bhzidl/how_do_electricians_warn_each_other_about_dangers/,2019-04-27 14:20:05,"How do electricians warn each other about dangers on the job? ""Careful: this mega hurts""",88,24,8500,1,"Below is an instruction that describes a sentiment analysis task.

### Instruction:
Given the following text, please determine if it should be classified as funny or not funny. Base your classification on humor elements such as wit, irony, absurdity, or comedic timing.

### Input:
How do electricians warn each other about dangers on the job? ""Careful: this mega hurts""

### Response:
",Yes
Luceleven,https://old.reddit.com/r/dadjokes/comments/c92rcq/singing_in_the_shower_is_all_fun_and_games_until/,2019-07-04 13:44:26,Singing in the shower is all fun and games until you get shampoo in your mouth. Then it's soap opera.,101,20,2320,1,"Below is an instruction that describes a sentiment analysis task.

### Instruction:
Given the following text, please determine if it should be classified as funny or not funny. Base your classification on humor elements such as wit, irony, absurdity, or comedic timing.

### Input:
Singing in the shower is all fun and games until you get shampoo in your mouth. Then it's soap opera.

### Response:
",Yes
AUZZIEJELLYFISH,https://old.reddit.com/r/dadjokes/comments/r128kz/what_do_you_call_someone_who_kills_cake_layers/,2021-11-24 10:32:56,What do you call someone who expertly arranges cake layers? A pastry chef.,74,1,16855,0,"Below is an instruction that describes a sentiment analysis task.

### Instruction:
Given the following text, please determine if it should be classified as funny or not funny. Base your classification on humor elements such as wit, irony, absurdity, or comedic timing.

### Input:
What do you call someone who expertly arranges cake layers? A pastry chef.

### Response:
",Yes
vEnoM_420,https://old.reddit.com/r/dadjokes/comments/d4hsmz/what_do_you_call_james_bond_in_a_jacuzzi/,2019-09-15 08:20:27,What do you call James Bond in a jacuzzi? Bubble-O Seven.,57,76,9087,1,"Below is an instruction that describes a sentiment analysis task.

### Instruction:
Given the following text, please determine if it should be classified as funny or not funny. Base your classification on humor elements such as wit, irony, absurdity, or comedic timing.

### Input:
What do you call James Bond in a jacuzzi? Bubble-O Seven.

### Response:
",Yes
eat-rainbows,https://old.reddit.com/r/dadjokes/comments/qq7f8l/why_do_lightbulbs_always_seem_confused/,2021-11-09 16:30:41,Why do lightbulbs always seem to need attention? They are designed to illuminate when asked.,92,1,18836,0,"Below is an instruction that describes a sentiment analysis task.

### Instruction:
Given the following text, please determine if it should be classified as funny or not funny. Base your classification on humor elements such as wit, irony, absurdity, or comedic timing.

### Input:
Why do lightbulbs always seem to need attention? They are designed to illuminate when asked.

### Response:
",Yes
Automatic_Wall_2285,https://old.reddit.com/r/dadjokes/comments/qpdhe1/why_did_the_hipster_burn_his_mouth/,2021-11-08 13:19:56,Why did the individual sip the beverage cautiously? To avoid burning his mouth.,79,1,18997,0,"Below is an instruction that describes a sentiment analysis task.

### Instruction:
Given the following text, please determine if it should be classified as funny or not funny. Base your classification on humor elements such as wit, irony, absurdity, or comedic timing.

### Input:
Why did the individual sip the beverage cautiously? To avoid burning his mouth.

### Response:
",Yes
etawong,https://old.reddit.com/r/dadjokes/comments/qrzjmy/what_do_you_call_people_who_take_care_of_chickens/,2021-11-12 00:54:11,What do you call people who are responsible for poultry care? Poultry farmers.,78,1,18529,0,"Below is an instruction that describes a sentiment analysis task.

### Instruction:
Given the following text, please determine if it should be classified as funny or not funny. Base your classification on humor elements such as wit, irony, absurdity, or comedic timing.

### Input:
What do you call people who are responsible for poultry care? Poultry farmers.

### Response:
",Yes
FollyOllyJo,https://old.reddit.com/r/dadjokes/comments/qfw4kw/what_did_sushii_a_say_to_sushii_b/,2021-10-26 02:03:58,"What did sushi A say to sushi B? How are you, B?",48,1,20828,0,"Below is an instruction that describes a sentiment analysis task.

### Instruction:
Given the following text, please determine if it should be classified as funny or not funny. Base your classification on humor elements such as wit, irony, absurdity, or comedic timing.

### Input:
What did sushi A say to sushi B? How are you, B?

### Response:
",Yes
TheBigCapKidd,https://old.reddit.com/r/dadjokes/comments/d3sqmg/my_wife_to_my_son_youre_a_good_speller_just_like/,2019-09-13 17:37:52,"My wife to my son: You're a good speller, just like your daddy. Me: We're called wizards, not spellers.",103,35,9060,1,"Below is an instruction that describes a sentiment analysis task.

### Instruction:
Given the following text, please determine if it should be classified as funny or not funny. Base your classification on humor elements such as wit, irony, absurdity, or comedic timing.

### Input:
My wife to my son: You're a good speller, just like your daddy. Me: We're called wizards, not spellers.

### Response:
",Yes
myverypunnydad,https://old.reddit.com/r/dadjokes/comments/r62f52/well_its_time_to_get_my_winter_car_ready/,2021-12-01 01:01:04,"Well, it's time to get my winter car maintained.",48,1,15918,0,"Below is an instruction that describes a sentiment analysis task.

### Instruction:
Given the following text, please determine if it should be classified as funny or not funny. Base your classification on humor elements such as wit, irony, absurdity, or comedic timing.

### Input:
Well, it's time to get my winter car maintained.

### Response:
",No
ADarkDraconis,https://old.reddit.com/r/dadjokes/comments/re2l9v/courtesy_of_my_7_year_old_what_is_a_cows_favorite/,2021-12-11 15:56:32,What is a cow's favorite subject in school? It may enjoy any subject where it excels.,85,1,14720,0,"Below is an instruction that describes a sentiment analysis task.

### Instruction:
Given the following text, please determine if it should be classified as funny or not funny. Base your classification on humor elements such as wit, irony, absurdity, or comedic timing.

### Input:
What is a cow's favorite subject in school? It may enjoy any subject where it excels.

### Response:
",Yes
Efferri,https://old.reddit.com/r/dadjokes/comments/rl3ces/ground_beef/,2021-12-21 02:02:42,"We were purchasing ground beef at the store. I pointed out the different options available to my teenage son.

I received a small reaction.",139,1,13257,0,"Below is an instruction that describes a sentiment analysis task.

### Instruction:
Given the following text, please determine if it should be classified as funny or not funny. Base your classification on humor elements such as wit, irony, absurdity, or comedic timing.

### Input:
We were purchasing ground beef at the store. I pointed out the different options available to my teenage son.

I received a small reaction.

### Response:
",Yes
Nal0x0ne,https://old.reddit.com/r/dadjokes/comments/9grgs5/why_did_the_waiter_get_fired_for_taking_food_back/,2018-09-18 03:59:16,Why did the waiter get fired for taking food back to the kitchen? Because he de-served it.,90,25,8574,1,"Below is an instruction that describes a sentiment analysis task.

### Instruction:
Given the following text, please determine if it should be classified as funny or not funny. Base your classification on humor elements such as wit, irony, absurdity, or comedic timing.

### Input:
Why did the waiter get fired for taking food back to the kitchen? Because he de-served it.

### Response:
",Yes
snbuv,https://old.reddit.com/r/dadjokes/comments/709vdm/how_do_you_know_if_theres_ducks_in_your_roof/,2017-09-15 13:37:32,How do you know if there's ducks in your roof? There's quacks in the ceiling.,77,44,2616,1,"Below is an instruction that describes a sentiment analysis task.

### Instruction:
Given the following text, please determine if it should be classified as funny or not funny. Base your classification on humor elements such as wit, irony, absurdity, or comedic timing.

### Input:
How do you know if there's ducks in your roof? There's quacks in the ceiling.

### Response:
",Yes
rickmartingt,https://old.reddit.com/r/dadjokes/comments/doocl7/what_did_the_ocean_say_to_the_beach/,2019-10-29 11:15:25,What did the ocean say to the beach?  Nothing it just waved.,60,131,7749,1,"Below is an instruction that describes a sentiment analysis task.

### Instruction:
Given the following text, please determine if it should be classified as funny or not funny. Base your classification on humor elements such as wit, irony, absurdity, or comedic timing.

### Input:
What did the ocean say to the beach?  Nothing it just waved.

### Response:
",Yes
Futch1,https://old.reddit.com/r/dadjokes/comments/qtgbuy/if_pilgrims_traveled_on_the_mayflower_what_do/,2021-11-14 02:47:58,"If pilgrims traveled on the Mayflower, what do modern students travel on? Various forms of transportation, depending on personal preference and needs.",150,1,18235,0,"Below is an instruction that describes a sentiment analysis task.

### Instruction:
Given the following text, please determine if it should be classified as funny or not funny. Base your classification on humor elements such as wit, irony, absurdity, or comedic timing.

### Input:
If pilgrims traveled on the Mayflower, what do modern students travel on? Various forms of transportation, depending on personal preference and needs.

### Response:
",Yes
CdotBigz,https://old.reddit.com/r/dadjokes/comments/bgvewc/can_a_kangaroo_jump_higher_than_the_empire_state/,2019-04-24 14:40:17,"Can a kangaroo jump higher than the Empire State Building? Of course, the Empire State Building can’t jump.",107,26,10113,1,"Below is an instruction that describes a sentiment analysis task.

### Instruction:
Given the following text, please determine if it should be classified as funny or not funny. Base your classification on humor elements such as wit, irony, absurdity, or comedic timing.

### Input:
Can a kangaroo jump higher than the Empire State Building? Of course, the Empire State Building can’t jump.

### Response:
",Yes
traditionalbaguette,https://old.reddit.com/r/dadjokes/comments/rgsyjr/last_night_there_was_a_seminar_on_how_to_withhold/,2021-12-15 06:51:26,Last night there was a seminar on meditation techniques to promote self-control.,80,1,14154,0,"Below is an instruction that describes a sentiment analysis task.

### Instruction:
Given the following text, please determine if it should be classified as funny or not funny. Base your classification on humor elements such as wit, irony, absurdity, or comedic timing.

### Input:
Last night there was a seminar on meditation techniques to promote self-control.

### Response:
",Yes
stickyfingerszippers,https://old.reddit.com/r/dadjokes/comments/buznsx/friend_why_is_6_scared_of_seven/,2019-05-30 22:45:31,"Friend: why is 6 scared of seven? Me: around 0.3584

Friend: wait, what?

Me: Cos (789)",87,133,8592,1,"Below is an instruction that describes a sentiment analysis task.

### Instruction:
Given the following text, please determine if it should be classified as funny or not funny. Base your classification on humor elements such as wit, irony, absurdity, or comedic timing.

### Input:
Friend: why is 6 scared of seven? Me: around 0.3584

Friend: wait, what?

Me: Cos (789)

### Response:
",Yes
whohw,https://old.reddit.com/r/dadjokes/comments/2u78tf/why_do_eskimos_wash_their_clothes_in_tide/,2015-01-30 14:52:24,Why do eskimos wash their clothes in Tide? It's too cold to wash them out-tide. ,80,117,10077,1,"Below is an instruction that describes a sentiment analysis task.

### Instruction:
Given the following text, please determine if it should be classified as funny or not funny. Base your classification on humor elements such as wit, irony, absurdity, or comedic timing.

### Input:
Why do eskimos wash their clothes in Tide? It's too cold to wash them out-tide. 

### Response:
",Yes
Gustavesmuse,https://old.reddit.com/r/dadjokes/comments/b5xu0l/at_first_i_disliked_parasites/,2019-03-27 00:48:30,At first I disliked parasites But later on they grew on me,58,31,270,1,"Below is an instruction that describes a sentiment analysis task.

### Instruction:
Given the following text, please determine if it should be classified as funny or not funny. Base your classification on humor elements such as wit, irony, absurdity, or comedic timing.

### Input:
At first I disliked parasites But later on they grew on me

### Response:
",Yes
BradC,https://old.reddit.com/r/dadjokes/comments/6enogc/ive_submitted_10_posts_to_rdadjokes_i_thought/,2017-06-01 16:00:12,I've submitted 10 posts to /r/DadJokes. I thought some would make it to the top but no pun in ten did.,102,53,3617,1,"Below is an instruction that describes a sentiment analysis task.

### Instruction:
Given the following text, please determine if it should be classified as funny or not funny. Base your classification on humor elements such as wit, irony, absurdity, or comedic timing.

### Input:
I've submitted 10 posts to /r/DadJokes. I thought some would make it to the top but no pun in ten did.

### Response:
",Yes
King_Pinn,https://old.reddit.com/r/dadjokes/comments/bq784j/why_was_6_afraid_of_7/,2019-05-18 18:36:19,Why was 6 afraid of 7? Because 7 is a registered 6 offender.,60,36,7654,1,"Below is an instruction that describes a sentiment analysis task.

### Instruction:
Given the following text, please determine if it should be classified as funny or not funny. Base your classification on humor elements such as wit, irony, absurdity, or comedic timing.

### Input:
Why was 6 afraid of 7? Because 7 is a registered 6 offender.

### Response:
",Yes
bot_10,https://old.reddit.com/r/dadjokes/comments/dletw6/my_kid_damaged_my_iphone_so_i_am_giving_it_away/,2019-10-22 08:13:16,"My kid damaged my iphone so I am giving it away He is 3 years old, blue eyes, blonde hair...",92,78,1101,1,"Below is an instruction that describes a sentiment analysis task.

### Instruction:
Given the following text, please determine if it should be classified as funny or not funny. Base your classification on humor elements such as wit, irony, absurdity, or comedic timing.

### Input:
My kid damaged my iphone so I am giving it away He is 3 years old, blue eyes, blonde hair...

### Response:
",Yes
saltykid1234,https://old.reddit.com/r/dadjokes/comments/awi048/i_just_got_diagnosed_as_colorblind/,2019-03-02 13:57:38,I just got diagnosed as colorblind. It really came out of the purple.,69,28,8328,1,"Below is an instruction that describes a sentiment analysis task.

### Instruction:
Given the following text, please determine if it should be classified as funny or not funny. Base your classification on humor elements such as wit, irony, absurdity, or comedic timing.

### Input:
I just got diagnosed as colorblind. It really came out of the purple.

### Response:
",Yes
ur_boi_76,https://old.reddit.com/r/dadjokes/comments/d1das6/why_do_dogs_float_in_water/,2019-09-08 16:40:12,Why do dogs float in water? Because there good buoys.,53,28,9426,1,"Below is an instruction that describes a sentiment analysis task.

### Instruction:
Given the following text, please determine if it should be classified as funny or not funny. Base your classification on humor elements such as wit, irony, absurdity, or comedic timing.

### Input:
Why do dogs float in water? Because there good buoys.

### Response:
",Yes
GotMyOrangeCrush,https://old.reddit.com/r/dadjokes/comments/dod7li/i_couldnt_figure_out_how_to_fasten_my_seatbelt/,2019-10-28 18:46:54,I couldn't figure out how to fasten my seatbelt And then it clicked.,68,58,4599,1,"Below is an instruction that describes a sentiment analysis task.

### Instruction:
Given the following text, please determine if it should be classified as funny or not funny. Base your classification on humor elements such as wit, irony, absurdity, or comedic timing.

### Input:
I couldn't figure out how to fasten my seatbelt And then it clicked.

### Response:
",Yes
CanIAm,https://old.reddit.com/r/dadjokes/comments/arcbms/why_are_there_only_239_beans_in_a_can/,2019-02-16 19:51:10,"Why are there only 239 beans in a can? If there’s one more, it would be too farty. ",83,72,5710,1,"Below is an instruction that describes a sentiment analysis task.

### Instruction:
Given the following text, please determine if it should be classified as funny or not funny. Base your classification on humor elements such as wit, irony, absurdity, or comedic timing.

### Input:
Why are there only 239 beans in a can? If there’s one more, it would be too farty. 

### Response:
",Yes
runs_with_airplanes,https://old.reddit.com/r/dadjokes/comments/rubwf8/while_living_abroad_i_decided_to_write_a_book/,1/2/2022 15:29,"While living abroad, I decided to write about my experiences. I’m considering different titles.",95,1,11360,0,"Below is an instruction that describes a sentiment analysis task.

### Instruction:
Given the following text, please determine if it should be classified as funny or not funny. Base your classification on humor elements such as wit, irony, absurdity, or comedic timing.

### Input:
While living abroad, I decided to write about my experiences. I’m considering different titles.

### Response:
",Yes
J__-_,https://old.reddit.com/r/dadjokes/comments/qopg3q/i_was_at_a_soccer_game_and_the_players_got_into_a/,2021-11-07 14:18:28,I was at a soccer game and the players got into a fight. The situation became chaotic.,86,1,19109,0,"Below is an instruction that describes a sentiment analysis task.

### Instruction:
Given the following text, please determine if it should be classified as funny or not funny. Base your classification on humor elements such as wit, irony, absurdity, or comedic timing.

### Input:
I was at a soccer game and the players got into a fight. The situation became chaotic.

### Response:
",Yes
Skyboss1996,https://old.reddit.com/r/dadjokes/comments/qmmtdu/the_worst_part_about_photography_jokes/,2021-11-04 15:15:41,The challenging part about photography is that sometimes the desired outcome isn't achieved.,92,1,19522,0,"Below is an instruction that describes a sentiment analysis task.

### Instruction:
Given the following text, please determine if it should be classified as funny or not funny. Base your classification on humor elements such as wit, irony, absurdity, or comedic timing.

### Input:
The challenging part about photography is that sometimes the desired outcome isn't achieved.

### Response:
",Yes
DreadnoughtPoo,https://old.reddit.com/r/dadjokes/comments/cyw48m/did_you_know_darth_vader_has_a_sister/,2019-09-02 22:29:33,"Did you know Darth Vader has a sister? Her name is Ella.

(Courtesy of my 7 year old daughter - so proud!)",106,164,1200,1,"Below is an instruction that describes a sentiment analysis task.

### Instruction:
Given the following text, please determine if it should be classified as funny or not funny. Base your classification on humor elements such as wit, irony, absurdity, or comedic timing.

### Input:
Did you know Darth Vader has a sister? Her name is Ella.

(Courtesy of my 7 year old daughter - so proud!)

### Response:
",Yes
pixlatdguardian,https://old.reddit.com/r/dadjokes/comments/rh8yml/why_wouldnt_you_use_beef_stew_as_a_password/,2021-12-15 20:48:38,"Why might you choose a more secure password than ""beef stew""? Because stronger passwords offer better protection.",113,1,14051,0,"Below is an instruction that describes a sentiment analysis task.

### Instruction:
Given the following text, please determine if it should be classified as funny or not funny. Base your classification on humor elements such as wit, irony, absurdity, or comedic timing.

### Input:
Why might you choose a more secure password than ""beef stew""? Because stronger passwords offer better protection.

### Response:
",Yes
TeaVinylGod,https://old.reddit.com/r/dadjokes/comments/r9z7te/never_buy_sneakers_off_a_drug_dealer/,2021-12-06 05:05:56,Never buy sneakers without knowing the source; it's important to know what you're purchasing.,93,1,15230,0,"Below is an instruction that describes a sentiment analysis task.

### Instruction:
Given the following text, please determine if it should be classified as funny or not funny. Base your classification on humor elements such as wit, irony, absurdity, or comedic timing.

### Input:
Never buy sneakers without knowing the source; it's important to know what you're purchasing.

### Response:
",Yes
Interesting_Living16,https://old.reddit.com/r/dadjokes/comments/qvlkzp/the_man_that_invented_the_ferris_wheel_never_met/,2021-11-16 23:45:20,The creators of the Ferris wheel and merry-go-round never met. They had different life experiences.,99,1,17815,0,"Below is an instruction that describes a sentiment analysis task.

### Instruction:
Given the following text, please determine if it should be classified as funny or not funny. Base your classification on humor elements such as wit, irony, absurdity, or comedic timing.

### Input:
The creators of the Ferris wheel and merry-go-round never met. They had different life experiences.

### Response:
",Yes
LeOtterdad,https://old.reddit.com/r/dadjokes/comments/r1mdti/what_do_you_call_it_when_soda_water_gets_sad/,2021-11-25 03:07:15,What happens when sparkling water is no longer fizzy? It becomes still water.,77,1,16736,0,"Below is an instruction that describes a sentiment analysis task.

### Instruction:
Given the following text, please determine if it should be classified as funny or not funny. Base your classification on humor elements such as wit, irony, absurdity, or comedic timing.

### Input:
What happens when sparkling water is no longer fizzy? It becomes still water.

### Response:
",Yes
AcquaintanceLog,https://old.reddit.com/r/dadjokes/comments/rr18a0/british_officials_are_no_longer_allowed_to/,2021-12-29 06:21:33,"British officials must maintain professionalism while investigating accidents, regardless of the vehicles involved.",115,1,12077,0,"Below is an instruction that describes a sentiment analysis task.

### Instruction:
Given the following text, please determine if it should be classified as funny or not funny. Base your classification on humor elements such as wit, irony, absurdity, or comedic timing.

### Input:
British officials must maintain professionalism while investigating accidents, regardless of the vehicles involved.

### Response:
",No
PKMKII,https://old.reddit.com/r/dadjokes/comments/6eyec2/i_bought_a_magnet_but_it_keeps_going_from_happy/,2017-06-03 00:54:46,"I bought a magnet, but it keeps going from happy to sad and back It's really bipolar",84,67,8602,1,"Below is an instruction that describes a sentiment analysis task.

### Instruction:
Given the following text, please determine if it should be classified as funny or not funny. Base your classification on humor elements such as wit, irony, absurdity, or comedic timing.

### Input:
I bought a magnet, but it keeps going from happy to sad and back It's really bipolar

### Response:
",Yes
808gecko808,https://old.reddit.com/r/dadjokes/comments/rmt8m5/my_wife_asked_me_what_im_posting_on_reddit/,2021-12-23 10:58:41,"My wife asked me what I'm posting online...
   
   I told her about various subreddit topics.",93,1,12936,0,"Below is an instruction that describes a sentiment analysis task.

### Instruction:
Given the following text, please determine if it should be classified as funny or not funny. Base your classification on humor elements such as wit, irony, absurdity, or comedic timing.

### Input:
My wife asked me what I'm posting online...
   
   I told her about various subreddit topics.

### Response:
",Yes
zahi36501,https://old.reddit.com/r/dadjokes/comments/7kd01j/which_american_president_is_least_guilty/,2017-12-17 09:37:22,Which American president is least guilty.. Lincoln - He's in a cent ,68,316,8861,1,"Below is an instruction that describes a sentiment analysis task.

### Instruction:
Given the following text, please determine if it should be classified as funny or not funny. Base your classification on humor elements such as wit, irony, absurdity, or comedic timing.

### Input:
Which American president is least guilty.. Lincoln - He's in a cent 

### Response:
",Yes
LanktheMeme,https://old.reddit.com/r/dadjokes/comments/rrr4pc/what_do_you_call_a_male_bisexual_demon/,12/30/2021 3:22,What do you call a demon with diverse interests? A complex spirit.,66,1,11937,0,"Below is an instruction that describes a sentiment analysis task.

### Instruction:
Given the following text, please determine if it should be classified as funny or not funny. Base your classification on humor elements such as wit, irony, absurdity, or comedic timing.

### Input:
What do you call a demon with diverse interests? A complex spirit.

### Response:
",Yes
PocketThePro,https://old.reddit.com/r/dadjokes/comments/qw45ds/when_does_a_joke_become_a_dad_joke/,2021-11-17 17:20:58,When does a remark become a cliché? When it's overused.,55,1,17718,0,"Below is an instruction that describes a sentiment analysis task.

### Instruction:
Given the following text, please determine if it should be classified as funny or not funny. Base your classification on humor elements such as wit, irony, absurdity, or comedic timing.

### Input:
When does a remark become a cliché? When it's overused.

### Response:
",Yes
porichoygupto,https://old.reddit.com/r/dadjokes/comments/93ky8b/her_this_is_idiotic_we_are_not_talking_over_the/,2018-08-01 02:27:55,Her: This is idiotic. We are not talking over the radio. The relationship is over. Me: This relationship is what? Over.,119,74,8601,1,"Below is an instruction that describes a sentiment analysis task.

### Instruction:
Given the following text, please determine if it should be classified as funny or not funny. Base your classification on humor elements such as wit, irony, absurdity, or comedic timing.

### Input:
Her: This is idiotic. We are not talking over the radio. The relationship is over. Me: This relationship is what? Over.

### Response:
",Yes
porichoygupto,https://old.reddit.com/r/dadjokes/comments/byj4lk/every_time_i_go_to_my_therapist_i_stand_in_one/,2019-06-09 11:02:23,"Every time I go to my therapist, I stand in one corner of the waiting room, blowing air at people. Everyone hates it, but I’m a fan.",132,45,2901,1,"Below is an instruction that describes a sentiment analysis task.

### Instruction:
Given the following text, please determine if it should be classified as funny or not funny. Base your classification on humor elements such as wit, irony, absurdity, or comedic timing.

### Input:
Every time I go to my therapist, I stand in one corner of the waiting room, blowing air at people. Everyone hates it, but I’m a fan.

### Response:
",Yes
o2fill,https://old.reddit.com/r/dadjokes/comments/r15vsm/my_friend_invited_us_over_to_play_poker_on/,2021-11-24 14:02:35,My friend invited us over to play cards on a holiday since his children were visiting… It offered an opportunity for quality family time.,137,1,16840,0,"Below is an instruction that describes a sentiment analysis task.

### Instruction:
Given the following text, please determine if it should be classified as funny or not funny. Base your classification on humor elements such as wit, irony, absurdity, or comedic timing.

### Input:
My friend invited us over to play cards on a holiday since his children were visiting… It offered an opportunity for quality family time.

### Response:
",Yes
wigglywumpus,https://old.reddit.com/r/dadjokes/comments/cgwqq4/whats_the_hardest_part_of_a_vegetable_to_eat/,2019-07-23 18:52:11,What’s the hardest part of a vegetable to eat? The wheelchair,61,33,8703,1,"Below is an instruction that describes a sentiment analysis task.

### Instruction:
Given the following text, please determine if it should be classified as funny or not funny. Base your classification on humor elements such as wit, irony, absurdity, or comedic timing.

### Input:
What’s the hardest part of a vegetable to eat? The wheelchair

### Response:
",Yes
porichoygupto,https://old.reddit.com/r/dadjokes/comments/9347rq/my_wife_tells_me_i_can_be_an_idiot_sometimes/,2018-07-30 13:50:03,My wife tells me I can be an idiot sometimes. I think it is nice of her to give me permission like that.,104,43,6423,1,"Below is an instruction that describes a sentiment analysis task.

### Instruction:
Given the following text, please determine if it should be classified as funny or not funny. Base your classification on humor elements such as wit, irony, absurdity, or comedic timing.

### Input:
My wife tells me I can be an idiot sometimes. I think it is nice of her to give me permission like that.

### Response:
",Yes
VeryDistinctive_,https://old.reddit.com/r/dadjokes/comments/ranusa/maybe_next_month/,2021-12-07 02:01:24,Maybe next month a person was going to submit a proposal to a calendar company to designate March as National Gambling Awareness Month.,135,1,15089,0,"Below is an instruction that describes a sentiment analysis task.

### Instruction:
Given the following text, please determine if it should be classified as funny or not funny. Base your classification on humor elements such as wit, irony, absurdity, or comedic timing.

### Input:
Maybe next month a person was going to submit a proposal to a calendar company to designate March as National Gambling Awareness Month.

### Response:
",Yes
StuntsMonkey,https://old.reddit.com/r/dadjokes/comments/rptdc0/my_wife_told_me_that_we_needed_to_talk_she/,2021-12-27 18:09:02,My wife told me that we needed to talk. She was quite serious about her concerns regarding my sense of humor.,109,1,12268,0,"Below is an instruction that describes a sentiment analysis task.

### Instruction:
Given the following text, please determine if it should be classified as funny or not funny. Base your classification on humor elements such as wit, irony, absurdity, or comedic timing.

### Input:
My wife told me that we needed to talk. She was quite serious about her concerns regarding my sense of humor.

### Response:
",Yes
porichoygupto,https://old.reddit.com/r/dadjokes/comments/96fysh/im_adopted_and_im_glad_that_my_parents_were/,2018-08-11 11:44:01,"I’m adopted, and I’m glad that my parents were honest enough to tell me. But why every day?",91,44,5218,1,"Below is an instruction that describes a sentiment analysis task.

### Instruction:
Given the following text, please determine if it should be classified as funny or not funny. Base your classification on humor elements such as wit, irony, absurdity, or comedic timing.

### Input:
I’m adopted, and I’m glad that my parents were honest enough to tell me. But why every day?

### Response:
",Yes
chacham2,https://old.reddit.com/r/dadjokes/comments/r6egtd/how_do_you_talk_to_a_fish/,2021-12-01 13:13:19,How do you communicate with a fish? Send them a message.,56,1,15862,0,"Below is an instruction that describes a sentiment analysis task.

### Instruction:
Given the following text, please determine if it should be classified as funny or not funny. Base your classification on humor elements such as wit, irony, absurdity, or comedic timing.

### Input:
How do you communicate with a fish? Send them a message.

### Response:
",Yes
ChewieSoloMan,https://old.reddit.com/r/dadjokes/comments/qcuspp/im_making_italian_tonight_wanna_come_over/,2021-10-21 15:49:31,I'm making dinner tonight; feel free to join me if you like Italian food.,73,1,21656,0,"Below is an instruction that describes a sentiment analysis task.

### Instruction:
Given the following text, please determine if it should be classified as funny or not funny. Base your classification on humor elements such as wit, irony, absurdity, or comedic timing.

### Input:
I'm making dinner tonight; feel free to join me if you like Italian food.

### Response:
",Yes
agenttux,https://old.reddit.com/r/dadjokes/comments/6l15f5/two_cell_phones_got_married/,2017-07-03 17:04:00,Two cell phones got married The ceremony wasn't that great but the reception was excellent. ,92,36,2761,1,"Below is an instruction that describes a sentiment analysis task.

### Instruction:
Given the following text, please determine if it should be classified as funny or not funny. Base your classification on humor elements such as wit, irony, absurdity, or comedic timing.

### Input:
Two cell phones got married The ceremony wasn't that great but the reception was excellent. 

### Response:
",Yes
nickmidas,https://old.reddit.com/r/dadjokes/comments/7te6y5/why_are_the_sidewalks_of_washington_dc_so_clean/,2018-01-27 17:40:15,"Why are the sidewalks of Washington, D.C. so clean? Because all the trash is in the White House.",96,32,2729,1,"Below is an instruction that describes a sentiment analysis task.

### Instruction:
Given the following text, please determine if it should be classified as funny or not funny. Base your classification on humor elements such as wit, irony, absurdity, or comedic timing.

### Input:
Why are the sidewalks of Washington, D.C. so clean? Because all the trash is in the White House.

### Response:
",Yes
wotmate,https://old.reddit.com/r/dadjokes/comments/ce8cfu/how_does_the_man_in_the_moon_cut_his_hair/,2019-07-17 05:04:03,How does the man in the moon cut his hair? Eclipse it.,54,27,10789,1,"Below is an instruction that describes a sentiment analysis task.

### Instruction:
Given the following text, please determine if it should be classified as funny or not funny. Base your classification on humor elements such as wit, irony, absurdity, or comedic timing.

### Input:
How does the man in the moon cut his hair? Eclipse it.

### Response:
",Yes
Degtyrev,https://old.reddit.com/r/dadjokes/comments/bsc4wr/ebay_is_useless_i_tried_searching_for_lighters/,2019-05-24 03:33:16,"Ebay is useless. I tried searching for lighters All I found was 13,769 matches",78,80,987,1,"Below is an instruction that describes a sentiment analysis task.

### Instruction:
Given the following text, please determine if it should be classified as funny or not funny. Base your classification on humor elements such as wit, irony, absurdity, or comedic timing.

### Input:
Ebay is useless. I tried searching for lighters All I found was 13,769 matches

### Response:
",Yes
vicious_viridian,https://old.reddit.com/r/dadjokes/comments/8mdbep/did_you_hear_about_the_teacher_who_carelessly/,2018-05-26 21:41:57,"Did you hear about the teacher who carelessly assigned every student a good grade, regardless of their actual work? She gave zero F’s.",134,80,3284,1,"Below is an instruction that describes a sentiment analysis task.

### Instruction:
Given the following text, please determine if it should be classified as funny or not funny. Base your classification on humor elements such as wit, irony, absurdity, or comedic timing.

### Input:
Did you hear about the teacher who carelessly assigned every student a good grade, regardless of their actual work? She gave zero F’s.

### Response:
",Yes
wimpykidfan37,https://old.reddit.com/r/dadjokes/comments/qfw9h0/my_grandfather_has_the_heart_of_a_lion/,2021-10-26 02:11:26,My grandfather is fierce like a lion. And he's a very ethical person.,69,1,20827,0,"Below is an instruction that describes a sentiment analysis task.

### Instruction:
Given the following text, please determine if it should be classified as funny or not funny. Base your classification on humor elements such as wit, irony, absurdity, or comedic timing.

### Input:
My grandfather is fierce like a lion. And he's a very ethical person.

### Response:
",Yes
JenovasChild666,https://old.reddit.com/r/dadjokes/comments/r1vl1o/went_to_the_doctors_for_a_problem_with_my_hearing/,2021-11-25 12:32:13,"Went to the doctor for a problem with my ear. Doctor: ""Can you describe what you're experiencing?"" Me: ""There's pain and difficulty hearing.""",141,1,16704,0,"Below is an instruction that describes a sentiment analysis task.

### Instruction:
Given the following text, please determine if it should be classified as funny or not funny. Base your classification on humor elements such as wit, irony, absurdity, or comedic timing.

### Input:
Went to the doctor for a problem with my ear. Doctor: ""Can you describe what you're experiencing?"" Me: ""There's pain and difficulty hearing.""

### Response:
",Yes
cotswoldboy,https://old.reddit.com/r/dadjokes/comments/dpkjai/i_was_talking_to_a_lady_this_morning_who_said_she/,2019-10-31 08:23:55,I was talking to a lady this morning who said she recognised me from 'Vegan Club' but I'm pretty certain I'd never seen herbivore,129,23,2533,1,"Below is an instruction that describes a sentiment analysis task.

### Instruction:
Given the following text, please determine if it should be classified as funny or not funny. Base your classification on humor elements such as wit, irony, absurdity, or comedic timing.

### Input:
I was talking to a lady this morning who said she recognised me from 'Vegan Club' but I'm pretty certain I'd never seen herbivore

### Response:
",Yes
notBjoern,https://old.reddit.com/r/dadjokes/comments/r4ifip/did_you_know_that_the_soil_at_the_coast_often/,2021-11-29 00:14:44,The geotechnical aspects of coastal land can necessitate the construction of more stable edifices such as lighthouses.,118,1,16215,0,"Below is an instruction that describes a sentiment analysis task.

### Instruction:
Given the following text, please determine if it should be classified as funny or not funny. Base your classification on humor elements such as wit, irony, absurdity, or comedic timing.

### Input:
The geotechnical aspects of coastal land can necessitate the construction of more stable edifices such as lighthouses.

### Response:
",No
1P221,https://old.reddit.com/r/dadjokes/comments/qh1hj5/what_do_you_call_a_panhandler_inside_a_hospital/,2021-10-27 17:10:53,What do you call a helpful individual inside a hospital? A staff member.,72,1,20584,0,"Below is an instruction that describes a sentiment analysis task.

### Instruction:
Given the following text, please determine if it should be classified as funny or not funny. Base your classification on humor elements such as wit, irony, absurdity, or comedic timing.

### Input:
What do you call a helpful individual inside a hospital? A staff member.

### Response:
",Yes
BeardedDeath,https://old.reddit.com/r/dadjokes/comments/6goper/why_dont_swedish_people_need_to_worry_about/,2017-06-11 23:48:04,Why don't Swedish people need to worry about security in marine events? Because they scan the navy in,101,21,265,1,"Below is an instruction that describes a sentiment analysis task.

### Instruction:
Given the following text, please determine if it should be classified as funny or not funny. Base your classification on humor elements such as wit, irony, absurdity, or comedic timing.

### Input:
Why don't Swedish people need to worry about security in marine events? Because they scan the navy in

### Response:
",Yes
Vienna_Snausage,https://old.reddit.com/r/dadjokes/comments/6rnven/my_wife_had_a_tic_tac_before_she_gave_me_a_blow/,2017-08-04 22:06:23,My wife had a Tic Tac before she gave me a blow job. It was quite a predicament...,82,71,10033,1,"Below is an instruction that describes a sentiment analysis task.

### Instruction:
Given the following text, please determine if it should be classified as funny or not funny. Base your classification on humor elements such as wit, irony, absurdity, or comedic timing.

### Input:
My wife had a Tic Tac before she gave me a blow job. It was quite a predicament...

### Response:
",Yes
MackDaddy92,https://old.reddit.com/r/dadjokes/comments/r5ybma/what_do_you_call_a_white_duck_that_never_shuts_up/,2021-11-30 21:46:13,What do you call a talkative duck? A conversationalist.,55,1,15942,0,"Below is an instruction that describes a sentiment analysis task.

### Instruction:
Given the following text, please determine if it should be classified as funny or not funny. Base your classification on humor elements such as wit, irony, absurdity, or comedic timing.

### Input:
What do you call a talkative duck? A conversationalist.

### Response:
",Yes
Realistic-Twist-3112,https://old.reddit.com/r/dadjokes/comments/qehgmv/what_word_starts_with_e_and_ends_with_e_but_only/,2021-10-24 00:47:47,"What word starts with E and ends with E, but contains only one letter within? An envelope.",90,1,21183,0,"Below is an instruction that describes a sentiment analysis task.

### Instruction:
Given the following text, please determine if it should be classified as funny or not funny. Base your classification on humor elements such as wit, irony, absurdity, or comedic timing.

### Input:
What word starts with E and ends with E, but contains only one letter within? An envelope.

### Response:
",Yes
ebonydarknessdementi,https://old.reddit.com/r/dadjokes/comments/cb9n8f/why_was_the_janitor_fired/,2019-07-10 00:52:07,Why was the janitor fired? He was sweeping on the job,53,22,4132,1,"Below is an instruction that describes a sentiment analysis task.

### Instruction:
Given the following text, please determine if it should be classified as funny or not funny. Base your classification on humor elements such as wit, irony, absurdity, or comedic timing.

### Input:
Why was the janitor fired? He was sweeping on the job

### Response:
",Yes
cryptozoophagist,https://old.reddit.com/r/dadjokes/comments/btsqb9/what_has_four_legs_and_says_boo/,2019-05-27 23:12:06,"What has four legs and says ""boo""? A cow with a cold.",53,80,5950,1,"Below is an instruction that describes a sentiment analysis task.

### Instruction:
Given the following text, please determine if it should be classified as funny or not funny. Base your classification on humor elements such as wit, irony, absurdity, or comedic timing.

### Input:
What has four legs and says ""boo""? A cow with a cold.

### Response:
",Yes
TheGoatYouLove,https://old.reddit.com/r/dadjokes/comments/6njpf6/i_dont_like_to_wear_my_seatbelt_in_the_car_but/,2017-07-16 01:46:11,I don't like to wear my seatbelt in the car but after a lot of pressure from my family... I buckled. ,101,336,10807,1,"Below is an instruction that describes a sentiment analysis task.

### Instruction:
Given the following text, please determine if it should be classified as funny or not funny. Base your classification on humor elements such as wit, irony, absurdity, or comedic timing.

### Input:
I don't like to wear my seatbelt in the car but after a lot of pressure from my family... I buckled. 

### Response:
",Yes
Helpfulfriend96,https://old.reddit.com/r/dadjokes/comments/qh160v/how_do_you_know_when_a_dad_joke_is_mature/,2021-10-27 16:56:27,How do you recognize when a joke reaches maturity? When it is fully developed.,78,1,20587,0,"Below is an instruction that describes a sentiment analysis task.

### Instruction:
Given the following text, please determine if it should be classified as funny or not funny. Base your classification on humor elements such as wit, irony, absurdity, or comedic timing.

### Input:
How do you recognize when a joke reaches maturity? When it is fully developed.

### Response:
",Yes
OSemenDemonO,https://old.reddit.com/r/dadjokes/comments/qskmxk/what_do_you_call_a_life_preserver_that_wears_out/,2021-11-12 20:55:36,What do you call a floatation device that degrades over time? Life preserver in decline.,88,1,18400,0,"Below is an instruction that describes a sentiment analysis task.

### Instruction:
Given the following text, please determine if it should be classified as funny or not funny. Base your classification on humor elements such as wit, irony, absurdity, or comedic timing.

### Input:
What do you call a floatation device that degrades over time? Life preserver in decline.

### Response:
",Yes
thisisa_fake_account,https://old.reddit.com/r/dadjokes/comments/qr29i8/orions_belt_is_a_big_waist_of_space/,2021-11-10 19:35:58,Orion's belt is not as impressive as other constellations. It has relatively few visible stars.,95,1,18673,0,"Below is an instruction that describes a sentiment analysis task.

### Instruction:
Given the following text, please determine if it should be classified as funny or not funny. Base your classification on humor elements such as wit, irony, absurdity, or comedic timing.

### Input:
Orion's belt is not as impressive as other constellations. It has relatively few visible stars.

### Response:
",Yes
wigglygnome,https://old.reddit.com/r/dadjokes/comments/rbo620/which_comedian_is_the_coldest/,2021-12-08 10:12:07,Which comedian is the coldest? Bill Burrrrrrrr,46,33,4291,1,"Below is an instruction that describes a sentiment analysis task.

### Instruction:
Given the following text, please determine if it should be classified as funny or not funny. Base your classification on humor elements such as wit, irony, absurdity, or comedic timing.

### Input:
Which comedian is the coldest? Bill Burrrrrrrr

### Response:
",Yes
cleverley1986,https://old.reddit.com/r/dadjokes/comments/8s73oy/i_asked_dad_how_to_do_an_eye_joke/,2018-06-19 07:56:23,"I asked dad how to do an eye joke.. He said ""the cornea, the better.""",69,46,3528,1,"Below is an instruction that describes a sentiment analysis task.

### Instruction:
Given the following text, please determine if it should be classified as funny or not funny. Base your classification on humor elements such as wit, irony, absurdity, or comedic timing.

### Input:
I asked dad how to do an eye joke.. He said ""the cornea, the better.""

### Response:
",Yes
jungleboyrayan,https://old.reddit.com/r/dadjokes/comments/qzyv1m/a_dad_joke_trauma/,2021-11-22 23:19:40,The impact of constant exposure to puns can be severe and lasting.,66,1,17007,0,"Below is an instruction that describes a sentiment analysis task.

### Instruction:
Given the following text, please determine if it should be classified as funny or not funny. Base your classification on humor elements such as wit, irony, absurdity, or comedic timing.

### Input:
The impact of constant exposure to puns can be severe and lasting.

### Response:
",Yes
bashobabanatree,https://old.reddit.com/r/dadjokes/comments/rdybuw/what_shivers_at_the_bottom_of_the_sea/,2021-12-11 11:58:26,What trembles at the bottom of the sea? A sunken ship.,54,1,14751,0,"Below is an instruction that describes a sentiment analysis task.

### Instruction:
Given the following text, please determine if it should be classified as funny or not funny. Base your classification on humor elements such as wit, irony, absurdity, or comedic timing.

### Input:
What trembles at the bottom of the sea? A sunken ship.

### Response:
",Yes
misterash1984,https://old.reddit.com/r/dadjokes/comments/rjfqsl/can_i_get_a_half_pint_of_delerium_noël_please/,2021-12-18 20:23:27,"Could I have a half pint of Delirium Noël, please?",50,1,13607,0,"Below is an instruction that describes a sentiment analysis task.

### Instruction:
Given the following text, please determine if it should be classified as funny or not funny. Base your classification on humor elements such as wit, irony, absurdity, or comedic timing.

### Input:
Could I have a half pint of Delirium Noël, please?

### Response:
",Yes
michaelInnovations,https://old.reddit.com/r/dadjokes/comments/dnplka/he_who_runs_in_front_of_a_car/,2019-10-27 06:08:38,He who runs in front of a car Gets tired,40,20,6106,1,"Below is an instruction that describes a sentiment analysis task.

### Instruction:
Given the following text, please determine if it should be classified as funny or not funny. Base your classification on humor elements such as wit, irony, absurdity, or comedic timing.

### Input:
He who runs in front of a car Gets tired

### Response:
",Yes
madazzahatter,https://old.reddit.com/r/dadjokes/comments/72rqnp/i_really_love_my_furniture/,2017-09-27 11:52:32,"I really love my furniture... 
Me and my recliner go way back...",64,92,5760,1,"Below is an instruction that describes a sentiment analysis task.

### Instruction:
Given the following text, please determine if it should be classified as funny or not funny. Base your classification on humor elements such as wit, irony, absurdity, or comedic timing.

### Input:
I really love my furniture... 
Me and my recliner go way back...

### Response:
",Yes
Gawcionet,https://old.reddit.com/r/dadjokes/comments/clkgfh/why_cant_kylie_jenner_see_her_dad/,2019-08-03 16:10:38,Why can't Kylie Jenner see her dad? Because he's transparent,60,321,4688,1,"Below is an instruction that describes a sentiment analysis task.

### Instruction:
Given the following text, please determine if it should be classified as funny or not funny. Base your classification on humor elements such as wit, irony, absurdity, or comedic timing.

### Input:
Why can't Kylie Jenner see her dad? Because he's transparent

### Response:
",Yes
Quint_Cordewener,https://old.reddit.com/r/dadjokes/comments/bypf96/3d_printers_can_print_guns_now/,2019-06-09 21:34:07,3d printers can print guns now! Not impressed. Had a canon printer for years.,77,31,7023,1,"Below is an instruction that describes a sentiment analysis task.

### Instruction:
Given the following text, please determine if it should be classified as funny or not funny. Base your classification on humor elements such as wit, irony, absurdity, or comedic timing.

### Input:
3d printers can print guns now! Not impressed. Had a canon printer for years.

### Response:
",Yes
cyrus9898,https://old.reddit.com/r/dadjokes/comments/b4n2nq/i_love_telling_dad_jokes_but_i_dont_have_any_kids/,2019-03-23 19:21:44,"I love telling dad jokes, but I don't have any kids. I guess that makes me a faux pa.",85,127,1082,1,"Below is an instruction that describes a sentiment analysis task.

### Instruction:
Given the following text, please determine if it should be classified as funny or not funny. Base your classification on humor elements such as wit, irony, absurdity, or comedic timing.

### Input:
I love telling dad jokes, but I don't have any kids. I guess that makes me a faux pa.

### Response:
",Yes
professorf,https://old.reddit.com/r/dadjokes/comments/rvbe7a/in_greek_mythology_chiron_was_not_only_halfman/,1/3/2022 20:38,"In Greek Mythology, Chiron was known as a wise centaur who was a healer and teacher.",84,1,11164,0,"Below is an instruction that describes a sentiment analysis task.

### Instruction:
Given the following text, please determine if it should be classified as funny or not funny. Base your classification on humor elements such as wit, irony, absurdity, or comedic timing.

### Input:
In Greek Mythology, Chiron was known as a wise centaur who was a healer and teacher.

### Response:
",Yes
snypershot,https://old.reddit.com/r/dadjokes/comments/ct9jpg/why_do_soccer_players_hate_shallow_pools/,2019-08-21 01:13:17,Why do soccer players hate shallow pools? Because there is no diving.,69,24,1058,1,"Below is an instruction that describes a sentiment analysis task.

### Instruction:
Given the following text, please determine if it should be classified as funny or not funny. Base your classification on humor elements such as wit, irony, absurdity, or comedic timing.

### Input:
Why do soccer players hate shallow pools? Because there is no diving.

### Response:
",Yes
Thomo_29,https://old.reddit.com/r/dadjokes/comments/7vvl9w/the_other_day_a_man_tried_to_mug_me_with_a_blunt/,2018-02-07 11:54:26,The other day a man tried to mug me with a blunt knife It was pointless,71,40,1755,1,"Below is an instruction that describes a sentiment analysis task.

### Instruction:
Given the following text, please determine if it should be classified as funny or not funny. Base your classification on humor elements such as wit, irony, absurdity, or comedic timing.

### Input:
The other day a man tried to mug me with a blunt knife It was pointless

### Response:
",Yes
incredibleinkpen,https://old.reddit.com/r/dadjokes/comments/r926fd/whenever_my_wifes_on_her_period_she_has_the_weird/,2021-12-04 23:34:14,"Sometimes when my wife's feeling stressed, she phones me up and just exhales deeply. It seems to be her way of coping.",118,1,15411,0,"Below is an instruction that describes a sentiment analysis task.

### Instruction:
Given the following text, please determine if it should be classified as funny or not funny. Base your classification on humor elements such as wit, irony, absurdity, or comedic timing.

### Input:
Sometimes when my wife's feeling stressed, she phones me up and just exhales deeply. It seems to be her way of coping.

### Response:
",Yes
Burney1904,https://old.reddit.com/r/dadjokes/comments/68b497/a_soldier_was_hit_by_mustard_gas_in_war_and_later/,2017-04-29 19:13:29,A soldier was hit by mustard gas in war and later pepper spray by the police... He's now a seasoned veteran ,108,73,5097,1,"Below is an instruction that describes a sentiment analysis task.

### Instruction:
Given the following text, please determine if it should be classified as funny or not funny. Base your classification on humor elements such as wit, irony, absurdity, or comedic timing.

### Input:
A soldier was hit by mustard gas in war and later pepper spray by the police... He's now a seasoned veteran 

### Response:
",Yes
VERBERD,https://old.reddit.com/r/dadjokes/comments/l9d5uu/i_snore_so_loudly/,2021-01-31 14:19:58,I snore so loudly... It scares the shit out of the people I'm driving.,70,207,3344,1,"Below is an instruction that describes a sentiment analysis task.

### Instruction:
Given the following text, please determine if it should be classified as funny or not funny. Base your classification on humor elements such as wit, irony, absurdity, or comedic timing.

### Input:
I snore so loudly... It scares the shit out of the people I'm driving.

### Response:
",Yes
red_snake0329,https://old.reddit.com/r/dadjokes/comments/l9mm7i/doctor_sir_i_have_some_bad_news_im_afraid_your/,2021-01-31 21:34:13,"Doctor: “Sir, I have some bad news, I’m afraid your DNA is backwards” Me: ""and?""",80,58,1737,1,"Below is an instruction that describes a sentiment analysis task.

### Instruction:
Given the following text, please determine if it should be classified as funny or not funny. Base your classification on humor elements such as wit, irony, absurdity, or comedic timing.

### Input:
Doctor: “Sir, I have some bad news, I’m afraid your DNA is backwards” Me: ""and?""

### Response:
",Yes
Faoroth,https://old.reddit.com/r/dadjokes/comments/828g96/do_you_know_what_kind_of_bird_originates_from/,2018-03-05 19:13:28,Do you know what kind of bird originates from Portugal? Portu-geese. ,69,115,8157,1,"Below is an instruction that describes a sentiment analysis task.

### Instruction:
Given the following text, please determine if it should be classified as funny or not funny. Base your classification on humor elements such as wit, irony, absurdity, or comedic timing.

### Input:
Do you know what kind of bird originates from Portugal? Portu-geese. 

### Response:
",Yes
RedditUserNo345,https://old.reddit.com/r/dadjokes/comments/qo9qmt/it_is_terribly_boring_to_have_a_dad_that_doesnt/,2021-11-06 21:29:26,It feels quiet to have a dad that doesn't tell jokes. It's different when I'm the one trying to be humorous.,108,1,19187,0,"Below is an instruction that describes a sentiment analysis task.

### Instruction:
Given the following text, please determine if it should be classified as funny or not funny. Base your classification on humor elements such as wit, irony, absurdity, or comedic timing.

### Input:
It feels quiet to have a dad that doesn't tell jokes. It's different when I'm the one trying to be humorous.

### Response:
",Yes
Lucaspetersm,https://old.reddit.com/r/dadjokes/comments/rt6tx3/is_this_sub_still_active/,1/1/2022 0:07,Is this sub still active? There hasn't been a post since last year!,67,1,11643,0,"Below is an instruction that describes a sentiment analysis task.

### Instruction:
Given the following text, please determine if it should be classified as funny or not funny. Base your classification on humor elements such as wit, irony, absurdity, or comedic timing.

### Input:
Is this sub still active? There hasn't been a post since last year!

### Response:
",No
pigeon_pusher_41510,https://old.reddit.com/r/dadjokes/comments/ra017t/did_you_know_about_the_nonbinary_gold_miner/,2021-12-06 05:52:45,Did you know about the successful gold miner? They found a considerable amount of gold.,87,1,15224,0,"Below is an instruction that describes a sentiment analysis task.

### Instruction:
Given the following text, please determine if it should be classified as funny or not funny. Base your classification on humor elements such as wit, irony, absurdity, or comedic timing.

### Input:
Did you know about the successful gold miner? They found a considerable amount of gold.

### Response:
",Yes
triangul8er,https://old.reddit.com/r/dadjokes/comments/8q6dvl/what_did_the_alien_say_to_the_glass_of_water/,2018-06-11 03:31:20,What did the alien say to the glass of water? Take me to your liter.,68,46,2256,1,"Below is an instruction that describes a sentiment analysis task.

### Instruction:
Given the following text, please determine if it should be classified as funny or not funny. Base your classification on humor elements such as wit, irony, absurdity, or comedic timing.

### Input:
What did the alien say to the glass of water? Take me to your liter.

### Response:
",Yes
FollyOllyJo,https://old.reddit.com/r/dadjokes/comments/qrw3kn/doc_i_broke_my_arm_in_3_places/,2021-11-11 21:57:04,Doctor! I injured my arm in multiple places! Doctor: You should be more cautious to avoid such accidents.,105,1,18547,0,"Below is an instruction that describes a sentiment analysis task.

### Instruction:
Given the following text, please determine if it should be classified as funny or not funny. Base your classification on humor elements such as wit, irony, absurdity, or comedic timing.

### Input:
Doctor! I injured my arm in multiple places! Doctor: You should be more cautious to avoid such accidents.

### Response:
",Yes
Naiphe,https://old.reddit.com/r/dadjokes/comments/bt74q7/any_time_you_ask_a_spaniard_a_question_you_can_be/,2019-05-26 12:01:56,Any time you ask a Spaniard a question you can be sure to get a straight yes or no answer. Nobody expects the Spanish indecision.,129,34,9900,1,"Below is an instruction that describes a sentiment analysis task.

### Instruction:
Given the following text, please determine if it should be classified as funny or not funny. Base your classification on humor elements such as wit, irony, absurdity, or comedic timing.

### Input:
Any time you ask a Spaniard a question you can be sure to get a straight yes or no answer. Nobody expects the Spanish indecision.

### Response:
",Yes
potentialia,https://old.reddit.com/r/dadjokes/comments/r4g2h5/what_do_you_call_the_dating_app_for_people_over_50/,2021-11-28 22:22:15,What do you call a dating service for people over 50? Senior Match.,67,1,16234,0,"Below is an instruction that describes a sentiment analysis task.

### Instruction:
Given the following text, please determine if it should be classified as funny or not funny. Base your classification on humor elements such as wit, irony, absurdity, or comedic timing.

### Input:
What do you call a dating service for people over 50? Senior Match.

### Response:
",Yes
Bogienin,https://old.reddit.com/r/dadjokes/comments/rqq5sf/i_was_worried_that_i_wasnt_not_sick/,2021-12-28 21:27:00,"I was worried that I wasn't feeling well. Fortunately, the test results came back normal.",89,1,12122,0,"Below is an instruction that describes a sentiment analysis task.

### Instruction:
Given the following text, please determine if it should be classified as funny or not funny. Base your classification on humor elements such as wit, irony, absurdity, or comedic timing.

### Input:
I was worried that I wasn't feeling well. Fortunately, the test results came back normal.

### Response:
",Yes
insanotard,https://old.reddit.com/r/dadjokes/comments/b3pz27/my_son_said_he_wanted_to_become_a_pyromancer/,2019-03-21 12:32:28,My son said he wanted to become a pyromancer. I told him it's much easier to woo a cake.,88,155,8950,1,"Below is an instruction that describes a sentiment analysis task.

### Instruction:
Given the following text, please determine if it should be classified as funny or not funny. Base your classification on humor elements such as wit, irony, absurdity, or comedic timing.

### Input:
My son said he wanted to become a pyromancer. I told him it's much easier to woo a cake.

### Response:
",Yes
TheRealNiftyNate,https://old.reddit.com/r/dadjokes/comments/qh6ife/behind_the_scenes_hank_hill_plays_tennis/,2021-10-27 21:01:56,"Behind the scenes, Hank Hill enjoys playing tennis and has preferences for certain equipment.",93,1,20562,0,"Below is an instruction that describes a sentiment analysis task.

### Instruction:
Given the following text, please determine if it should be classified as funny or not funny. Base your classification on humor elements such as wit, irony, absurdity, or comedic timing.

### Input:
Behind the scenes, Hank Hill enjoys playing tennis and has preferences for certain equipment.

### Response:
",Yes
hsheridan531,https://old.reddit.com/r/dadjokes/comments/5ldahs/thinking_about_opening_a_liquorbook_store/,2017-01-01 03:21:07,"Thinking about opening a liquor/book store. I'll call it ""Tequila Mockingbird""",78,20,6199,1,"Below is an instruction that describes a sentiment analysis task.

### Instruction:
Given the following text, please determine if it should be classified as funny or not funny. Base your classification on humor elements such as wit, irony, absurdity, or comedic timing.

### Input:
Thinking about opening a liquor/book store. I'll call it ""Tequila Mockingbird""

### Response:
",Yes
Twigsnapper,https://old.reddit.com/r/dadjokes/comments/56pbao/why_does_soap_always_get_away_with_murder/,2016-10-10 00:54:32,Why does Soap always get away with murder? Because it knows how to make a clean getaway!,88,77,10641,1,"Below is an instruction that describes a sentiment analysis task.

### Instruction:
Given the following text, please determine if it should be classified as funny or not funny. Base your classification on humor elements such as wit, irony, absurdity, or comedic timing.

### Input:
Why does Soap always get away with murder? Because it knows how to make a clean getaway!

### Response:
",Yes
porichoygupto,https://old.reddit.com/r/dadjokes/comments/c18x9l/i_was_almost_going_to_post_a_joke_about_penguins/,2019-06-16 11:27:56,I was almost going to post a joke about penguins a few minutes ago. Then I realized it just won’t fly.,102,42,6610,1,"Below is an instruction that describes a sentiment analysis task.

### Instruction:
Given the following text, please determine if it should be classified as funny or not funny. Base your classification on humor elements such as wit, irony, absurdity, or comedic timing.

### Input:
I was almost going to post a joke about penguins a few minutes ago. Then I realized it just won’t fly.

### Response:
",Yes
aboveaveragetitties,https://old.reddit.com/r/dadjokes/comments/au8i6k/what_do_you_call_a_5_foot_psychic_that_escaped/,2019-02-24 14:38:02,What do you call a 5 foot psychic that escaped from prison? A small medium at large.,84,255,9238,1,"Below is an instruction that describes a sentiment analysis task.

### Instruction:
Given the following text, please determine if it should be classified as funny or not funny. Base your classification on humor elements such as wit, irony, absurdity, or comedic timing.

### Input:
What do you call a 5 foot psychic that escaped from prison? A small medium at large.

### Response:
",Yes
MysteryOrange7,https://old.reddit.com/r/dadjokes/comments/cmw17n/why_didnt_the_skeleton_go_to_the_prom/,2019-08-06 20:53:36,Why didn't the skeleton go to the prom? Because he didn't have anybody to go with!,82,25,2431,1,"Below is an instruction that describes a sentiment analysis task.

### Instruction:
Given the following text, please determine if it should be classified as funny or not funny. Base your classification on humor elements such as wit, irony, absurdity, or comedic timing.

### Input:
Why didn't the skeleton go to the prom? Because he didn't have anybody to go with!

### Response:
",Yes
Ray-Bandy,https://old.reddit.com/r/dadjokes/comments/5a9kgh/have_you_heard_that_new_song_called_constipation/,2016-10-31 01:13:43,"Have you heard that new song called 'constipation'? Of course you haven't, it hasn't come out yet!",98,36,418,1,"Below is an instruction that describes a sentiment analysis task.

### Instruction:
Given the following text, please determine if it should be classified as funny or not funny. Base your classification on humor elements such as wit, irony, absurdity, or comedic timing.

### Input:
Have you heard that new song called 'constipation'? Of course you haven't, it hasn't come out yet!

### Response:
",Yes
Salt_Warning,https://old.reddit.com/r/dadjokes/comments/rf6ync/where_do_sick_boats_go_to/,2021-12-13 04:20:47,Where do damaged boats go to? The dry dock for repairs.,55,1,14466,0,"Below is an instruction that describes a sentiment analysis task.

### Instruction:
Given the following text, please determine if it should be classified as funny or not funny. Base your classification on humor elements such as wit, irony, absurdity, or comedic timing.

### Input:
Where do damaged boats go to? The dry dock for repairs.

### Response:
",Yes
Meme_Mob,https://old.reddit.com/r/dadjokes/comments/qpbzsy/what_did_the_elephant_said_when_he_saw_the_ants/,2021-11-08 11:51:32,"When the elephant saw something tiny, he remarked on the notable size difference.",81,1,19010,0,"Below is an instruction that describes a sentiment analysis task.

### Instruction:
Given the following text, please determine if it should be classified as funny or not funny. Base your classification on humor elements such as wit, irony, absurdity, or comedic timing.

### Input:
When the elephant saw something tiny, he remarked on the notable size difference.

### Response:
",Yes
VVIIVVI,https://old.reddit.com/r/dadjokes/comments/l9xmlp/why_did_the_bullet_end_up_losing_his_job/,2021-02-01 07:26:33,Why did the bullet end up losing his job? He got fired.,55,45,1569,1,"Below is an instruction that describes a sentiment analysis task.

### Instruction:
Given the following text, please determine if it should be classified as funny or not funny. Base your classification on humor elements such as wit, irony, absurdity, or comedic timing.

### Input:
Why did the bullet end up losing his job? He got fired.

### Response:
",Yes
GymLadJack,https://old.reddit.com/r/dadjokes/comments/d9bi4l/why_does_the_swedish_navy_have_barcodes_on_the/,2019-09-25 23:44:08,Why does the Swedish navy have barcodes on the sides of their ships? So they can Scandinavian,93,76,9227,1,"Below is an instruction that describes a sentiment analysis task.

### Instruction:
Given the following text, please determine if it should be classified as funny or not funny. Base your classification on humor elements such as wit, irony, absurdity, or comedic timing.

### Input:
Why does the Swedish navy have barcodes on the sides of their ships? So they can Scandinavian

### Response:
",Yes
bingomzan,https://old.reddit.com/r/dadjokes/comments/6bf38p/your_friend_lee_asks_you_what_is_another_name_for/,2017-05-16 03:21:37,"Your friend Lee asks you what is another name for a mother... A parent, Lee.",76,22,844,1,"Below is an instruction that describes a sentiment analysis task.

### Instruction:
Given the following text, please determine if it should be classified as funny or not funny. Base your classification on humor elements such as wit, irony, absurdity, or comedic timing.

### Input:
Your friend Lee asks you what is another name for a mother... A parent, Lee.

### Response:
",Yes
that-treeisfar-away,https://old.reddit.com/r/dadjokes/comments/d6h2nc/a_limbo_dancer_walks_into_a_bar/,2019-09-19 17:09:58,A limbo dancer walks into a bar Disqualified,44,96,2226,1,"Below is an instruction that describes a sentiment analysis task.

### Instruction:
Given the following text, please determine if it should be classified as funny or not funny. Base your classification on humor elements such as wit, irony, absurdity, or comedic timing.

### Input:
A limbo dancer walks into a bar Disqualified

### Response:
",Yes
TheGamerBoy015,https://old.reddit.com/r/dadjokes/comments/9670zv/and_the_award_for_the_best_neckwear_is/,2018-08-10 13:42:10,AND THE AWARD FOR THE BEST NECKWEAR IS... oh... it's a tie,58,52,1576,1,"Below is an instruction that describes a sentiment analysis task.

### Instruction:
Given the following text, please determine if it should be classified as funny or not funny. Base your classification on humor elements such as wit, irony, absurdity, or comedic timing.

### Input:
AND THE AWARD FOR THE BEST NECKWEAR IS... oh... it's a tie

### Response:
",Yes
Godzilla_KOM,https://old.reddit.com/r/dadjokes/comments/6rmznh/i_tried_lying_to_an_xray_technician/,2017-08-04 19:47:05,"I tried lying to an X-ray technician... However, he could see right through me. ",80,34,5676,1,"Below is an instruction that describes a sentiment analysis task.

### Instruction:
Given the following text, please determine if it should be classified as funny or not funny. Base your classification on humor elements such as wit, irony, absurdity, or comedic timing.

### Input:
I tried lying to an X-ray technician... However, he could see right through me. 

### Response:
",Yes
ImperfectionistCoder,https://old.reddit.com/r/dadjokes/comments/g2kjis/why_do_cannibals_have_so_many_friends/,2020-04-16 18:27:04,Why do cannibals have so many friends !? Because they like **meating** people,77,28,2376,1,"Below is an instruction that describes a sentiment analysis task.

### Instruction:
Given the following text, please determine if it should be classified as funny or not funny. Base your classification on humor elements such as wit, irony, absurdity, or comedic timing.

### Input:
Why do cannibals have so many friends !? Because they like **meating** people

### Response:
",Yes
reddit_test_team,https://old.reddit.com/r/dadjokes/comments/l9l1ze/what_do_you_call_a_wolf_in_sheeps_clothing/,2021-01-31 20:23:00,What do you call a wolf in sheep’s clothing? A woolf,52,50,3865,1,"Below is an instruction that describes a sentiment analysis task.

### Instruction:
Given the following text, please determine if it should be classified as funny or not funny. Base your classification on humor elements such as wit, irony, absurdity, or comedic timing.

### Input:
What do you call a wolf in sheep’s clothing? A woolf

### Response:
",Yes
Indiguu,https://old.reddit.com/r/dadjokes/comments/dbzcsi/ive_called_bloody_mary_three_times_now/,2019-10-01 20:32:50,I've called Bloody Mary three times now I think she's ghosting me,65,70,9800,1,"Below is an instruction that describes a sentiment analysis task.

### Instruction:
Given the following text, please determine if it should be classified as funny or not funny. Base your classification on humor elements such as wit, irony, absurdity, or comedic timing.

### Input:
I've called Bloody Mary three times now I think she's ghosting me

### Response:
",Yes
YZXFILE,https://old.reddit.com/r/dadjokes/comments/qxqvy0/just_came_home_from_my_first_paleontology_party/,2021-11-19 22:12:22,Just came home from my first paleontology party; we spent the night discussing fossil excavation techniques.,108,1,17375,0,"Below is an instruction that describes a sentiment analysis task.

### Instruction:
Given the following text, please determine if it should be classified as funny or not funny. Base your classification on humor elements such as wit, irony, absurdity, or comedic timing.

### Input:
Just came home from my first paleontology party; we spent the night discussing fossil excavation techniques.

### Response:
",Yes
fatstrat228,https://old.reddit.com/r/dadjokes/comments/97nwey/the_girl_from_the_furniture_store_keeps_calling_me/,2018-08-16 01:11:25,The girl from the furniture store keeps calling me. All I wanted was one night stand. ,86,38,9691,1,"Below is an instruction that describes a sentiment analysis task.

### Instruction:
Given the following text, please determine if it should be classified as funny or not funny. Base your classification on humor elements such as wit, irony, absurdity, or comedic timing.

### Input:
The girl from the furniture store keeps calling me. All I wanted was one night stand. 

### Response:
",Yes
sonalibelle,https://old.reddit.com/r/dadjokes/comments/qeceul/i_was_getting_smashed_in_the_arsehole_the_other/,2021-10-23 20:06:06,"I was at a busy pub named ""The Arsehole"" the other night, and I thought, this is an unusual name for a place.",109,1,21227,0,"Below is an instruction that describes a sentiment analysis task.

### Instruction:
Given the following text, please determine if it should be classified as funny or not funny. Base your classification on humor elements such as wit, irony, absurdity, or comedic timing.

### Input:
I was at a busy pub named ""The Arsehole"" the other night, and I thought, this is an unusual name for a place.

### Response:
",Yes
mr_badpuns,https://old.reddit.com/r/dadjokes/comments/bibox4/why_did_the_scarecrow_win_an_award/,2019-04-28 14:19:26,Why did the scarecrow win an award Because he was outstanding in his field,74,24,1822,1,"Below is an instruction that describes a sentiment analysis task.

### Instruction:
Given the following text, please determine if it should be classified as funny or not funny. Base your classification on humor elements such as wit, irony, absurdity, or comedic timing.

### Input:
Why did the scarecrow win an award Because he was outstanding in his field

### Response:
",Yes
spoodermemes,https://old.reddit.com/r/dadjokes/comments/dlzk58/what_do_you_call_someone_who_makes_ineffective/,2019-10-23 13:47:33,What do you call someone who makes ineffective soap? A filthy lyer,66,27,6621,1,"Below is an instruction that describes a sentiment analysis task.

### Instruction:
Given the following text, please determine if it should be classified as funny or not funny. Base your classification on humor elements such as wit, irony, absurdity, or comedic timing.

### Input:
What do you call someone who makes ineffective soap? A filthy lyer

### Response:
",Yes
B-man44,https://old.reddit.com/r/dadjokes/comments/dimte2/its_been_6_months_now_since_i_joined_the_gym_and/,2019-10-16 09:28:31,It's been 6 months now since I joined the gym and I still haven't lost any weight.... Maybe it's time I went down there to see what's going on,142,31,5849,1,"Below is an instruction that describes a sentiment analysis task.

### Instruction:
Given the following text, please determine if it should be classified as funny or not funny. Base your classification on humor elements such as wit, irony, absurdity, or comedic timing.

### Input:
It's been 6 months now since I joined the gym and I still haven't lost any weight.... Maybe it's time I went down there to see what's going on

### Response:
",Yes
Twigsnapper,https://old.reddit.com/r/dadjokes/comments/br4e0o/pull_out_and_pray_isnt_just_my_preferred_method/,2019-05-21 01:45:19,Pull out and pray isn't just my preferred method of birth control It's also how I use my debit card,99,26,7803,1,"Below is an instruction that describes a sentiment analysis task.

### Instruction:
Given the following text, please determine if it should be classified as funny or not funny. Base your classification on humor elements such as wit, irony, absurdity, or comedic timing.

### Input:
Pull out and pray isn't just my preferred method of birth control It's also how I use my debit card

### Response:
",Yes
porichoygupto,https://old.reddit.com/r/dadjokes/comments/87qz8o/last_night_my_child_dreamt_that_he_was_peeing_in/,2018-03-28 10:58:22,Last night my child dreamt that he was peeing in bed. Good news: Some dreams do come true.,90,40,9038,1,"Below is an instruction that describes a sentiment analysis task.

### Instruction:
Given the following text, please determine if it should be classified as funny or not funny. Base your classification on humor elements such as wit, irony, absurdity, or comedic timing.

### Input:
Last night my child dreamt that he was peeing in bed. Good news: Some dreams do come true.

### Response:
",Yes
JK-BB,https://old.reddit.com/r/dadjokes/comments/9dftky/they_always_say_start_at_the_bottom_if_you_want/,2018-09-06 07:01:55,They always say start at the bottom if you want to learn something. Not the best way to learn to swim?,102,34,10537,1,"Below is an instruction that describes a sentiment analysis task.

### Instruction:
Given the following text, please determine if it should be classified as funny or not funny. Base your classification on humor elements such as wit, irony, absurdity, or comedic timing.

### Input:
They always say start at the bottom if you want to learn something. Not the best way to learn to swim?

### Response:
",Yes
malignantsparkles,https://old.reddit.com/r/dadjokes/comments/r2zfro/need_some_cash_you_say_no_problem_this_dad_has/,2021-11-26 23:18:39,"Need some cash you say? I will see what I can do, even though I tend to be thrifty.",83,1,16488,0,"Below is an instruction that describes a sentiment analysis task.

### Instruction:
Given the following text, please determine if it should be classified as funny or not funny. Base your classification on humor elements such as wit, irony, absurdity, or comedic timing.

### Input:
Need some cash you say? I will see what I can do, even though I tend to be thrifty.

### Response:
",Yes
mike117uk,https://old.reddit.com/r/dadjokes/comments/rsxr4t/i_went_to_a_psychic/,12/31/2021 16:38,"I went to a psychic. I knocked on her front door, and she asked, ""Who is it?"" before opening the door.",102,1,11699,0,"Below is an instruction that describes a sentiment analysis task.

### Instruction:
Given the following text, please determine if it should be classified as funny or not funny. Base your classification on humor elements such as wit, irony, absurdity, or comedic timing.

### Input:
I went to a psychic. I knocked on her front door, and she asked, ""Who is it?"" before opening the door.

### Response:
",Yes
Fumb-MotherDucker,https://old.reddit.com/r/dadjokes/comments/rvetwr/what_do_you_call_a_fly_without_wings/,1/3/2022 23:08,What do you call an insect that can’t fly? A crawling insect.,61,1,11147,0,"Below is an instruction that describes a sentiment analysis task.

### Instruction:
Given the following text, please determine if it should be classified as funny or not funny. Base your classification on humor elements such as wit, irony, absurdity, or comedic timing.

### Input:
What do you call an insect that can’t fly? A crawling insect.

### Response:
",Yes
Psycho_Hobbit,https://old.reddit.com/r/dadjokes/comments/qw31b8/what_did_god_say_when_he_saw_that_the_world_was/,2021-11-17 16:29:51,What did God think when he saw that the world was corrupt? He was deeply disappointed.,86,1,17732,0,"Below is an instruction that describes a sentiment analysis task.

### Instruction:
Given the following text, please determine if it should be classified as funny or not funny. Base your classification on humor elements such as wit, irony, absurdity, or comedic timing.

### Input:
What did God think when he saw that the world was corrupt? He was deeply disappointed.

### Response:
",Yes
_joshi_,https://old.reddit.com/r/dadjokes/comments/jvmwug/it_doesnt_matter_if_youre_beautiful_or_ugly/,2020-11-17 04:52:49,It doesn't matter if you're beautiful or ugly because..... At the end of the day it's evening,93,54,1030,1,"Below is an instruction that describes a sentiment analysis task.

### Instruction:
Given the following text, please determine if it should be classified as funny or not funny. Base your classification on humor elements such as wit, irony, absurdity, or comedic timing.

### Input:
It doesn't matter if you're beautiful or ugly because..... At the end of the day it's evening

### Response:
",Yes
Fukface_Von_Clwnstik,https://old.reddit.com/r/dadjokes/comments/qluksp/i_got_in_trouble_at_the_grocery_store/,2021-11-03 13:34:22,"I got in trouble at the grocery store. I misunderstood the cashier when she said ""please place your items on the belt.""",119,1,19654,0,"Below is an instruction that describes a sentiment analysis task.

### Instruction:
Given the following text, please determine if it should be classified as funny or not funny. Base your classification on humor elements such as wit, irony, absurdity, or comedic timing.

### Input:
I got in trouble at the grocery store. I misunderstood the cashier when she said ""please place your items on the belt.""

### Response:
",Yes
Gingi0,https://old.reddit.com/r/dadjokes/comments/qif7fu/multisyllabic/,2021-10-29 15:21:21,Words with multiple syllables certainly have their unique characteristics.,74,1,20267,0,"Below is an instruction that describes a sentiment analysis task.

### Instruction:
Given the following text, please determine if it should be classified as funny or not funny. Base your classification on humor elements such as wit, irony, absurdity, or comedic timing.

### Input:
Words with multiple syllables certainly have their unique characteristics.

### Response:
",Yes
kickypie,https://old.reddit.com/r/dadjokes/comments/qod48l/i_went_for_sushi_with_luke_skywalker_and_he_was/,2021-11-07 00:29:41,Using chopsticks can be challenging for those not accustomed to them.,69,1,19161,0,"Below is an instruction that describes a sentiment analysis task.

### Instruction:
Given the following text, please determine if it should be classified as funny or not funny. Base your classification on humor elements such as wit, irony, absurdity, or comedic timing.

### Input:
Using chopsticks can be challenging for those not accustomed to them.

### Response:
",No
porichoygupto,https://old.reddit.com/r/dadjokes/comments/c6e7jy/although_my_friend_has_a_lot_of_hair_hes_paranoid/,2019-06-28 01:58:57,"Although my friend has a lot of hair, he’s paranoid about going bald. I told him, “It’s all in your head.”",106,32,8897,1,"Below is an instruction that describes a sentiment analysis task.

### Instruction:
Given the following text, please determine if it should be classified as funny or not funny. Base your classification on humor elements such as wit, irony, absurdity, or comedic timing.

### Input:
Although my friend has a lot of hair, he’s paranoid about going bald. I told him, “It’s all in your head.”

### Response:
",Yes
ScatteredPayback,https://old.reddit.com/r/dadjokes/comments/rhhwyh/these_arent_dad_jokes/,2021-12-16 03:59:21,I prefer jokes that make me think rather than make me mad.,58,1,13993,0,"Below is an instruction that describes a sentiment analysis task.

### Instruction:
Given the following text, please determine if it should be classified as funny or not funny. Base your classification on humor elements such as wit, irony, absurdity, or comedic timing.

### Input:
I prefer jokes that make me think rather than make me mad.

### Response:
",Yes
Pookells,https://old.reddit.com/r/dadjokes/comments/rhw1pw/did_you_hear_about_the_dave_matthews_energy_drink/,2021-12-16 17:51:37,"Did you hear about the new energy drink? It's quite effective, but use it wisely to avoid crashing.",99,1,13901,0,"Below is an instruction that describes a sentiment analysis task.

### Instruction:
Given the following text, please determine if it should be classified as funny or not funny. Base your classification on humor elements such as wit, irony, absurdity, or comedic timing.

### Input:
Did you hear about the new energy drink? It's quite effective, but use it wisely to avoid crashing.

### Response:
",Yes
VERBERD,https://old.reddit.com/r/dadjokes/comments/lww2dm/i_just_watched_a_documentary_on_crystal_meth/,2021-03-03 15:09:37,I just watched a documentary on Crystal Meth. I think all documentary should be watched this way.,97,58,4238,1,"Below is an instruction that describes a sentiment analysis task.

### Instruction:
Given the following text, please determine if it should be classified as funny or not funny. Base your classification on humor elements such as wit, irony, absurdity, or comedic timing.

### Input:
I just watched a documentary on Crystal Meth. I think all documentary should be watched this way.

### Response:
",Yes
BananaDargon,https://old.reddit.com/r/dadjokes/comments/91w7sn/hey_dad_have_you_seen_my_sunglasses/,2018-07-25 21:48:28,"“Hey dad, have you seen my sunglasses?” “Hey son, have you seen my dadglasses?”",79,8062,8969,1,"Below is an instruction that describes a sentiment analysis task.

### Instruction:
Given the following text, please determine if it should be classified as funny or not funny. Base your classification on humor elements such as wit, irony, absurdity, or comedic timing.

### Input:
“Hey dad, have you seen my sunglasses?” “Hey son, have you seen my dadglasses?”

### Response:
",Yes
hotsprings1234,https://old.reddit.com/r/dadjokes/comments/r3tdds/people_say_i_look_better_after_the_steam_roller/,2021-11-28 02:19:34,People noted a change in my appearance after an accident... I received well-intentions.,87,1,16346,0,"Below is an instruction that describes a sentiment analysis task.

### Instruction:
Given the following text, please determine if it should be classified as funny or not funny. Base your classification on humor elements such as wit, irony, absurdity, or comedic timing.

### Input:
People noted a change in my appearance after an accident... I received well-intentions.

### Response:
",Yes
nadamoguapo,https://old.reddit.com/r/dadjokes/comments/ql6o6f/today_i_am_retired/,2021-11-02 15:26:08,Today feels just like yesterday; it's been another exhausting day.,66,1,19764,0,"Below is an instruction that describes a sentiment analysis task.

### Instruction:
Given the following text, please determine if it should be classified as funny or not funny. Base your classification on humor elements such as wit, irony, absurdity, or comedic timing.

### Input:
Today feels just like yesterday; it's been another exhausting day.

### Response:
",Yes
weggy2015,https://old.reddit.com/r/dadjokes/comments/7y284g/i_was_shopping_for_a_stove_last_night/,2018-02-16 21:50:37,"I was shopping for a stove last night, They had a range of options.",67,58,2340,1,"Below is an instruction that describes a sentiment analysis task.

### Instruction:
Given the following text, please determine if it should be classified as funny or not funny. Base your classification on humor elements such as wit, irony, absurdity, or comedic timing.

### Input:
I was shopping for a stove last night, They had a range of options.

### Response:
",Yes
StatusFancy,https://old.reddit.com/r/dadjokes/comments/qdxv9y/a_guy_went_to_work_for_a_soda_company/,2021-10-23 04:34:24,A guy went to work for a soda company. He found the job was not a good fit and left soon after.,95,1,21343,0,"Below is an instruction that describes a sentiment analysis task.

### Instruction:
Given the following text, please determine if it should be classified as funny or not funny. Base your classification on humor elements such as wit, irony, absurdity, or comedic timing.

### Input:
A guy went to work for a soda company. He found the job was not a good fit and left soon after.

### Response:
",Yes
rogers_philippe,https://old.reddit.com/r/dadjokes/comments/737vtz/what_did_the_green_olive_say_to_the_purple_olive/,2017-09-29 13:46:39,"What did the green olive say to the purple olive? BREATHE, GODDAMMIT, BREATHE!!!",80,29,3639,1,"Below is an instruction that describes a sentiment analysis task.

### Instruction:
Given the following text, please determine if it should be classified as funny or not funny. Base your classification on humor elements such as wit, irony, absurdity, or comedic timing.

### Input:
What did the green olive say to the purple olive? BREATHE, GODDAMMIT, BREATHE!!!

### Response:
",Yes
chacham2,https://old.reddit.com/r/dadjokes/comments/rciwt4/let_be_frank_and_earnest/,2021-12-09 14:34:03,Let's be honest and sincere with each other.,44,1,14996,0,"Below is an instruction that describes a sentiment analysis task.

### Instruction:
Given the following text, please determine if it should be classified as funny or not funny. Base your classification on humor elements such as wit, irony, absurdity, or comedic timing.

### Input:
Let's be honest and sincere with each other.

### Response:
",No
Loiynes,https://old.reddit.com/r/dadjokes/comments/r4bgfc/i_heard_only_women_are_vulnerable_to_the_new/,2021-11-28 18:55:41,I heard only women are vulnerable to the new viral mutation. This particular strain affects them specifically.,110,1,16261,0,"Below is an instruction that describes a sentiment analysis task.

### Instruction:
Given the following text, please determine if it should be classified as funny or not funny. Base your classification on humor elements such as wit, irony, absurdity, or comedic timing.

### Input:
I heard only women are vulnerable to the new viral mutation. This particular strain affects them specifically.

### Response:
",Yes
alottapinacolada,https://old.reddit.com/r/dadjokes/comments/r9xm83/hearing_aids_are_on_sale/,2021-12-06 03:39:59,Hearing aids are on sale... ...the prices are surprisingly low!,63,1,15243,0,"Below is an instruction that describes a sentiment analysis task.

### Instruction:
Given the following text, please determine if it should be classified as funny or not funny. Base your classification on humor elements such as wit, irony, absurdity, or comedic timing.

### Input:
Hearing aids are on sale... ...the prices are surprisingly low!

### Response:
",Yes
MentalWrongdoer3,https://old.reddit.com/r/dadjokes/comments/ro4cef/son_whos_6_says_dad_what_do_you_call_someone_who/,2021-12-25 06:41:02,"Son, aged 6, asked his dad about a word for someone who robs a fast-food restaurant.",84,1,12617,0,"Below is an instruction that describes a sentiment analysis task.

### Instruction:
Given the following text, please determine if it should be classified as funny or not funny. Base your classification on humor elements such as wit, irony, absurdity, or comedic timing.

### Input:
Son, aged 6, asked his dad about a word for someone who robs a fast-food restaurant.

### Response:
",Yes
Muta72,https://old.reddit.com/r/dadjokes/comments/rjx1ml/what_falls_down_but_never_gets_hurt/,2021-12-19 13:44:42,What can fall a great distance without risk of injury? Snowflakes.,66,1,13511,0,"Below is an instruction that describes a sentiment analysis task.

### Instruction:
Given the following text, please determine if it should be classified as funny or not funny. Base your classification on humor elements such as wit, irony, absurdity, or comedic timing.

### Input:
What can fall a great distance without risk of injury? Snowflakes.

### Response:
",Yes
manthatreadsreddits,https://old.reddit.com/r/dadjokes/comments/r4zkgi/approve_my_post_dick/,2021-11-29 16:30:28,Please review my post and consider it for approval.,51,1,16131,0,"Below is an instruction that describes a sentiment analysis task.

### Instruction:
Given the following text, please determine if it should be classified as funny or not funny. Base your classification on humor elements such as wit, irony, absurdity, or comedic timing.

### Input:
Please review my post and consider it for approval.

### Response:
",No
_h2oh,https://old.reddit.com/r/dadjokes/comments/91zvan/you_cant_run_through_a_campground/,2018-07-26 06:34:58,"You can’t run through a campground You can only ran, because it’s past tents",76,73,4643,1,"Below is an instruction that describes a sentiment analysis task.

### Instruction:
Given the following text, please determine if it should be classified as funny or not funny. Base your classification on humor elements such as wit, irony, absurdity, or comedic timing.

### Input:
You can’t run through a campground You can only ran, because it’s past tents

### Response:
",Yes
merrykieran2,https://old.reddit.com/r/dadjokes/comments/69tjhd/why_didnt_the_night_owl_go_to_the_funeral/,2017-05-07 20:23:01,Why didn't the night owl go to the funeral? He wasn't a mourning person,71,36,7253,1,"Below is an instruction that describes a sentiment analysis task.

### Instruction:
Given the following text, please determine if it should be classified as funny or not funny. Base your classification on humor elements such as wit, irony, absurdity, or comedic timing.

### Input:
Why didn't the night owl go to the funeral? He wasn't a mourning person

### Response:
",Yes
Theflawlessbeetles,https://old.reddit.com/r/dadjokes/comments/rnbttw/in_2017_i_didnt_do_a_marathon_i_didnt_do_one_in/,2021-12-24 02:30:46,"In recent years, I didn't participate in a marathon. It's been a trend I haven't started yet.",93,1,12797,0,"Below is an instruction that describes a sentiment analysis task.

### Instruction:
Given the following text, please determine if it should be classified as funny or not funny. Base your classification on humor elements such as wit, irony, absurdity, or comedic timing.

### Input:
In recent years, I didn't participate in a marathon. It's been a trend I haven't started yet.

### Response:
",Yes
B-man44,https://old.reddit.com/r/dadjokes/comments/cw3rjg/what_music_are_balloons_scared_of/,2019-08-27 12:29:22,What music are balloons scared of? Pop music!,45,50,10446,1,"Below is an instruction that describes a sentiment analysis task.

### Instruction:
Given the following text, please determine if it should be classified as funny or not funny. Base your classification on humor elements such as wit, irony, absurdity, or comedic timing.

### Input:
What music are balloons scared of? Pop music!

### Response:
",Yes
Oh_My_Monster,https://old.reddit.com/r/dadjokes/comments/qoron0/why_didnt_the_motorcycle_cross_the_road/,2021-11-07 16:13:24,Why didn't the motorcycle move across the road? It required maintenance.,72,1,19097,0,"Below is an instruction that describes a sentiment analysis task.

### Instruction:
Given the following text, please determine if it should be classified as funny or not funny. Base your classification on humor elements such as wit, irony, absurdity, or comedic timing.

### Input:
Why didn't the motorcycle move across the road? It required maintenance.

### Response:
",Yes
Kopextacy,https://old.reddit.com/r/dadjokes/comments/99vib0/archeologists_really_dig_their_job/,2018-08-24 07:52:48,Archeologists really dig their job and they work their fingers to the bone. ,76,64,6324,1,"Below is an instruction that describes a sentiment analysis task.

### Instruction:
Given the following text, please determine if it should be classified as funny or not funny. Base your classification on humor elements such as wit, irony, absurdity, or comedic timing.

### Input:
Archeologists really dig their job and they work their fingers to the bone. 

### Response:
",Yes
Edequalluv,https://old.reddit.com/r/dadjokes/comments/dh5gb8/a_grasshopper_walks_into_a_bar_the_bartender_says/,2019-10-13 03:39:34,"A grasshopper walks into a bar. The bartender says ""We've got a drink named after you."" The grasshopper says: ""you've got a drink named Eugene?""",144,59,3157,1,"Below is an instruction that describes a sentiment analysis task.

### Instruction:
Given the following text, please determine if it should be classified as funny or not funny. Base your classification on humor elements such as wit, irony, absurdity, or comedic timing.

### Input:
A grasshopper walks into a bar. The bartender says ""We've got a drink named after you."" The grasshopper says: ""you've got a drink named Eugene?""

### Response:
",Yes
porichoygupto,https://old.reddit.com/r/dadjokes/comments/b4xesa/i_decided_to_get_my_son_a_flat_piece_of_cardboard/,2019-03-24 15:15:46,"I decided to get my son a flat piece of cardboard for his birthday. He keeps asking for an ex box, so I’m sure he will be delighted.",132,68,3416,1,"Below is an instruction that describes a sentiment analysis task.

### Instruction:
Given the following text, please determine if it should be classified as funny or not funny. Base your classification on humor elements such as wit, irony, absurdity, or comedic timing.

### Input:
I decided to get my son a flat piece of cardboard for his birthday. He keeps asking for an ex box, so I’m sure he will be delighted.

### Response:
",Yes
Sir_Pluses,https://old.reddit.com/r/dadjokes/comments/qcoocb/i_stole_a_dolphin_a_porpoise_and_a_beluga_whale/,2021-10-21 10:23:12,I took responsibility for three marine animals. The authorities were informed.,78,1,21704,0,"Below is an instruction that describes a sentiment analysis task.

### Instruction:
Given the following text, please determine if it should be classified as funny or not funny. Base your classification on humor elements such as wit, irony, absurdity, or comedic timing.

### Input:
I took responsibility for three marine animals. The authorities were informed.

### Response:
",Yes
Frohoss,https://old.reddit.com/r/dadjokes/comments/dhcoro/if_h2o_is_water_and_h2o2_is_hydrogen_peroxide/,2019-10-13 16:21:05,"If H2O is Water and H2O2 is Hydrogen Peroxide, What is H2O4? Drinking",69,15093,7356,1,"Below is an instruction that describes a sentiment analysis task.

### Instruction:
Given the following text, please determine if it should be classified as funny or not funny. Base your classification on humor elements such as wit, irony, absurdity, or comedic timing.

### Input:
If H2O is Water and H2O2 is Hydrogen Peroxide, What is H2O4? Drinking

### Response:
",Yes
Fit_Creme_8060,https://old.reddit.com/r/dadjokes/comments/qfsp7z/i_took_all_my_money_out_of_charles_schwab_to/,2021-10-25 22:57:40,I withdrew all my funds from one investment firm to invest elsewhere. That was a transfer.,90,1,20860,0,"Below is an instruction that describes a sentiment analysis task.

### Instruction:
Given the following text, please determine if it should be classified as funny or not funny. Base your classification on humor elements such as wit, irony, absurdity, or comedic timing.

### Input:
I withdrew all my funds from one investment firm to invest elsewhere. That was a transfer.

### Response:
",Yes
Engineer842,https://old.reddit.com/r/dadjokes/comments/rue3yn/i_got_arrested_for_an_illegal_firearm_in_my/,1/2/2022 17:11,I got a warning for having a faulty part in my vehicle the other day. I didn't know the regulations well.,105,1,11347,0,"Below is an instruction that describes a sentiment analysis task.

### Instruction:
Given the following text, please determine if it should be classified as funny or not funny. Base your classification on humor elements such as wit, irony, absurdity, or comedic timing.

### Input:
I got a warning for having a faulty part in my vehicle the other day. I didn't know the regulations well.

### Response:
",No
Bakedschwarzenbach,https://old.reddit.com/r/dadjokes/comments/c0yhgw/what_is_the_loudest_pet_you_can_get/,2019-06-15 15:28:31,What is the loudest pet you can get? A trumpet!,47,34,3195,1,"Below is an instruction that describes a sentiment analysis task.

### Instruction:
Given the following text, please determine if it should be classified as funny or not funny. Base your classification on humor elements such as wit, irony, absurdity, or comedic timing.

### Input:
What is the loudest pet you can get? A trumpet!

### Response:
",Yes
styrofoamcouch,https://old.reddit.com/r/dadjokes/comments/r958qq/how_did_the_carpenter_feel_when_he_cut_off_his/,2021-12-05 02:21:56,How did the carpenter feel when he cut off his left hand? He was unable to work.,80,1,15390,0,"Below is an instruction that describes a sentiment analysis task.

### Instruction:
Given the following text, please determine if it should be classified as funny or not funny. Base your classification on humor elements such as wit, irony, absurdity, or comedic timing.

### Input:
How did the carpenter feel when he cut off his left hand? He was unable to work.

### Response:
",Yes
DDHyatt,https://old.reddit.com/r/dadjokes/comments/3x8yaz/someone_switched_all_the_buttons_on_our_elevator/,2015-12-17 19:03:15,Someone switched all the buttons on our elevator today. That's wrong on so many levels.,87,59,9969,1,"Below is an instruction that describes a sentiment analysis task.

### Instruction:
Given the following text, please determine if it should be classified as funny or not funny. Base your classification on humor elements such as wit, irony, absurdity, or comedic timing.

### Input:
Someone switched all the buttons on our elevator today. That's wrong on so many levels.

### Response:
",Yes
StuntsMonkey,https://old.reddit.com/r/dadjokes/comments/dbahn0/my_wife_got_into_body_building_about_13_weeks_ago/,2019-09-30 12:00:50,My wife got into body building about 13 weeks ago. We find out if it's a boy or a girl in a couple more weeks.,110,34,4086,1,"Below is an instruction that describes a sentiment analysis task.

### Instruction:
Given the following text, please determine if it should be classified as funny or not funny. Base your classification on humor elements such as wit, irony, absurdity, or comedic timing.

### Input:
My wife got into body building about 13 weeks ago. We find out if it's a boy or a girl in a couple more weeks.

### Response:
",Yes
SHoppe715,https://old.reddit.com/r/dadjokes/comments/qk19i3/why_doesnt_the_ghost_like_going_to_comedy_clubs/,2021-10-31 23:21:34,Why doesn’t the ghost like loud places? He's seeking quiet and calm environments.,81,1,19912,0,"Below is an instruction that describes a sentiment analysis task.

### Instruction:
Given the following text, please determine if it should be classified as funny or not funny. Base your classification on humor elements such as wit, irony, absurdity, or comedic timing.

### Input:
Why doesn’t the ghost like loud places? He's seeking quiet and calm environments.

### Response:
",Yes
incredibleinkpen,https://old.reddit.com/r/dadjokes/comments/r1qapi/dad_whats_a_forklift/,2021-11-25 06:43:14,"""Dad, what's a forklift?"" ""It's a vehicle used for lifting and moving heavy loads,"" I explained.",96,1,16715,0,"Below is an instruction that describes a sentiment analysis task.

### Instruction:
Given the following text, please determine if it should be classified as funny or not funny. Base your classification on humor elements such as wit, irony, absurdity, or comedic timing.

### Input:
""Dad, what's a forklift?"" ""It's a vehicle used for lifting and moving heavy loads,"" I explained.

### Response:
",Yes
OkamiKraft,https://old.reddit.com/r/dadjokes/comments/rfq1b4/i_had_a_joke_about_alzheimers/,2021-12-13 21:02:12,"I was thinking about a fact related to memory loss, yet it seems to have slipped my mind.",89,1,14355,0,"Below is an instruction that describes a sentiment analysis task.

### Instruction:
Given the following text, please determine if it should be classified as funny or not funny. Base your classification on humor elements such as wit, irony, absurdity, or comedic timing.

### Input:
I was thinking about a fact related to memory loss, yet it seems to have slipped my mind.

### Response:
",Yes
liljacobs05,https://old.reddit.com/r/dadjokes/comments/drr880/what_do_astronauts_use_to_stay_warm/,2019-11-05 00:39:22,What do astronauts use to stay warm? Space Heaters,50,31,1034,1,"Below is an instruction that describes a sentiment analysis task.

### Instruction:
Given the following text, please determine if it should be classified as funny or not funny. Base your classification on humor elements such as wit, irony, absurdity, or comedic timing.

### Input:
What do astronauts use to stay warm? Space Heaters

### Response:
",Yes
LatelySad,https://old.reddit.com/r/dadjokes/comments/quj5pg/two_thousand_people_die_per_year_at_sea/,2021-11-15 15:39:05,"Every year, a significant number of people are lost at sea. It's a sobering fact.",81,1,18015,0,"Below is an instruction that describes a sentiment analysis task.

### Instruction:
Given the following text, please determine if it should be classified as funny or not funny. Base your classification on humor elements such as wit, irony, absurdity, or comedic timing.

### Input:
Every year, a significant number of people are lost at sea. It's a sobering fact.

### Response:
",Yes
SilentJoe1986,https://old.reddit.com/r/dadjokes/comments/r1xxo9/theres_one_thing_i_want_to_say_to_those_who_dont/,2021-11-25 14:37:54,One compliment I can give to those who manage to cook the turkey just right on Thanksgiving: Impressive skill.,110,1,16689,0,"Below is an instruction that describes a sentiment analysis task.

### Instruction:
Given the following text, please determine if it should be classified as funny or not funny. Base your classification on humor elements such as wit, irony, absurdity, or comedic timing.

### Input:
One compliment I can give to those who manage to cook the turkey just right on Thanksgiving: Impressive skill.

### Response:
",Yes
_santa-claus_,https://old.reddit.com/r/dadjokes/comments/7lwgtq/why_are_rudolph_and_blitzer_always_drinking_coffee/,2017-12-24 17:57:01,Why are Rudolph and Blitzer always drinking coffee? Because they're my star bucks,81,85,4635,1,"Below is an instruction that describes a sentiment analysis task.

### Instruction:
Given the following text, please determine if it should be classified as funny or not funny. Base your classification on humor elements such as wit, irony, absurdity, or comedic timing.

### Input:
Why are Rudolph and Blitzer always drinking coffee? Because they're my star bucks

### Response:
",Yes
xIR0NPULSE,https://old.reddit.com/r/dadjokes/comments/r0p0yi/my_dog_died_the_other_day/,2021-11-23 22:25:33,My dog passed away recently. It's been a difficult time.,56,1,16898,0,"Below is an instruction that describes a sentiment analysis task.

### Instruction:
Given the following text, please determine if it should be classified as funny or not funny. Base your classification on humor elements such as wit, irony, absurdity, or comedic timing.

### Input:
My dog passed away recently. It's been a difficult time.

### Response:
",Yes
xander8in,https://old.reddit.com/r/dadjokes/comments/dp66yy/i_can_cut_wood_just_by_staring_at_it/,2019-10-30 12:42:01,"I can cut wood just by staring at it It's true, I saw it with my own eyes",73,393,5124,1,"Below is an instruction that describes a sentiment analysis task.

### Instruction:
Given the following text, please determine if it should be classified as funny or not funny. Base your classification on humor elements such as wit, irony, absurdity, or comedic timing.

### Input:
I can cut wood just by staring at it It's true, I saw it with my own eyes

### Response:
",Yes
GrizzKarizz,https://old.reddit.com/r/dadjokes/comments/r8h62p/what_did_the_mummy_dad_joke_to_be_say_to_the/,2021-12-04 04:09:09,"The efficient mummy joke expressed to the experienced joke maker: ""An amusing thought has just occurred to me.""",111,1,15490,0,"Below is an instruction that describes a sentiment analysis task.

### Instruction:
Given the following text, please determine if it should be classified as funny or not funny. Base your classification on humor elements such as wit, irony, absurdity, or comedic timing.

### Input:
The efficient mummy joke expressed to the experienced joke maker: ""An amusing thought has just occurred to me.""

### Response:
",Yes
Arxieos,https://old.reddit.com/r/dadjokes/comments/92laqm/dad_why_are_they_called_hummingbirds/,2018-07-28 10:53:10,Dad why are they called hummingbirds? Because they don't know the words son,75,99,21,1,"Below is an instruction that describes a sentiment analysis task.

### Instruction:
Given the following text, please determine if it should be classified as funny or not funny. Base your classification on humor elements such as wit, irony, absurdity, or comedic timing.

### Input:
Dad why are they called hummingbirds? Because they don't know the words son

### Response:
",Yes
MrHarlz,https://old.reddit.com/r/dadjokes/comments/bl0g4f/the_inventor_of_auto_correct_died_last_week/,2019-05-05 17:28:12,The inventor of auto correct died last week... Restaurant In Peace,66,53,3002,1,"Below is an instruction that describes a sentiment analysis task.

### Instruction:
Given the following text, please determine if it should be classified as funny or not funny. Base your classification on humor elements such as wit, irony, absurdity, or comedic timing.

### Input:
The inventor of auto correct died last week... Restaurant In Peace

### Response:
",Yes
nathan_nuggets,https://old.reddit.com/r/dadjokes/comments/axjllf/to_whoever_stole_my_copy_of_microsoft_office_i/,2019-03-05 10:14:21,"To whoever stole my copy of Microsoft Office, I will find you... You have my Word.",82,817,5772,1,"Below is an instruction that describes a sentiment analysis task.

### Instruction:
Given the following text, please determine if it should be classified as funny or not funny. Base your classification on humor elements such as wit, irony, absurdity, or comedic timing.

### Input:
To whoever stole my copy of Microsoft Office, I will find you... You have my Word.

### Response:
",Yes
hados1109,https://old.reddit.com/r/dadjokes/comments/bn6xcv/you_shouldnt_watch_any_horror_movies_today/,2019-05-11 02:15:47,"You shouldn't watch any horror movies today It May, Fri 10 you.",63,81,7123,1,"Below is an instruction that describes a sentiment analysis task.

### Instruction:
Given the following text, please determine if it should be classified as funny or not funny. Base your classification on humor elements such as wit, irony, absurdity, or comedic timing.

### Input:
You shouldn't watch any horror movies today It May, Fri 10 you.

### Response:
",Yes
yestardays_gem,https://old.reddit.com/r/dadjokes/comments/rctlv7/why_a_man_wanted_to_play_with_a_deer/,2021-12-09 22:56:07,Why did the man want to watch deer in the park? Because he enjoyed wildlife.,76,1,14945,0,"Below is an instruction that describes a sentiment analysis task.

### Instruction:
Given the following text, please determine if it should be classified as funny or not funny. Base your classification on humor elements such as wit, irony, absurdity, or comedic timing.

### Input:
Why did the man want to watch deer in the park? Because he enjoyed wildlife.

### Response:
",Yes
SodaBubblesPopped,https://old.reddit.com/r/dadjokes/comments/rphfn8/why_did_speed_1994_movie_not_have_a_director/,2021-12-27 07:03:45,Speed (1994 movie) had a director; that's a misconception.,58,1,12333,0,"Below is an instruction that describes a sentiment analysis task.

### Instruction:
Given the following text, please determine if it should be classified as funny or not funny. Base your classification on humor elements such as wit, irony, absurdity, or comedic timing.

### Input:
Speed (1994 movie) had a director; that's a misconception.

### Response:
",Yes
helloiamthomas70,https://old.reddit.com/r/dadjokes/comments/qf3ks6/when_my_friend_came_out_as_an_apache_helicopter_i/,2021-10-24 23:08:56,"When my friend revealed a unique aspect about himself, I asked how he preferred to be addressed.",96,1,21046,0,"Below is an instruction that describes a sentiment analysis task.

### Instruction:
Given the following text, please determine if it should be classified as funny or not funny. Base your classification on humor elements such as wit, irony, absurdity, or comedic timing.

### Input:
When my friend revealed a unique aspect about himself, I asked how he preferred to be addressed.

### Response:
",Yes
platinummattagain,https://old.reddit.com/r/dadjokes/comments/rjuuhl/nsfw/,2021-12-19 11:22:47,Stay informed about workplace safety and health regulations at [the Health and Safety Executive website](https://www.hse.gov.uk/).,130,1,13524,0,"Below is an instruction that describes a sentiment analysis task.

### Instruction:
Given the following text, please determine if it should be classified as funny or not funny. Base your classification on humor elements such as wit, irony, absurdity, or comedic timing.

### Input:
Stay informed about workplace safety and health regulations at [the Health and Safety Executive website](https://www.hse.gov.uk/).

### Response:
",No
Carnalvore86,https://old.reddit.com/r/dadjokes/comments/qhtqa8/where_did_the_king_keep_his_armies/,2021-10-28 18:47:22,Where did the king keep his armies? In the barracks.,52,1,20402,0,"Below is an instruction that describes a sentiment analysis task.

### Instruction:
Given the following text, please determine if it should be classified as funny or not funny. Base your classification on humor elements such as wit, irony, absurdity, or comedic timing.

### Input:
Where did the king keep his armies? In the barracks.

### Response:
",Yes
supercman99,https://old.reddit.com/r/dadjokes/comments/qe3jlz/for_more_than_25_years_mariah_carey_has_only/,2021-10-23 11:59:13,For more than 25 years Mariah Carey has been associated with a holiday song. Perhaps she'll enjoy this season anew.,115,1,21292,0,"Below is an instruction that describes a sentiment analysis task.

### Instruction:
Given the following text, please determine if it should be classified as funny or not funny. Base your classification on humor elements such as wit, irony, absurdity, or comedic timing.

### Input:
For more than 25 years Mariah Carey has been associated with a holiday song. Perhaps she'll enjoy this season anew.

### Response:
",No
n3rv0u5,https://old.reddit.com/r/dadjokes/comments/c154oi/why_did_the_scarecrow_win_an_award/,2019-06-16 02:24:58,Why did the scarecrow win an award? He was outstanding in his field.,68,29,8127,1,"Below is an instruction that describes a sentiment analysis task.

### Instruction:
Given the following text, please determine if it should be classified as funny or not funny. Base your classification on humor elements such as wit, irony, absurdity, or comedic timing.

### Input:
Why did the scarecrow win an award? He was outstanding in his field.

### Response:
",Yes
FortRhein,https://old.reddit.com/r/dadjokes/comments/qztxas/my_wife_i_need_to_go_to_the_store_for_a_few_key/,2021-11-22 19:45:09,"My wife: I need to go to the store for a few essentials. Me: Anything specific?
Then she rolled her eyes out of exasperation.",125,1,17029,0,"Below is an instruction that describes a sentiment analysis task.

### Instruction:
Given the following text, please determine if it should be classified as funny or not funny. Base your classification on humor elements such as wit, irony, absurdity, or comedic timing.

### Input:
My wife: I need to go to the store for a few essentials. Me: Anything specific?
Then she rolled her eyes out of exasperation.

### Response:
",Yes
saintpetejackboy,https://old.reddit.com/r/dadjokes/comments/r1ll95/my_son_asked_me_why_i_didnt_name_him_after_me/,2021-11-25 02:24:33,My son asked me why I didn't name him after myself... Jackson Junior just didn't seem quite right.,98,1,16743,0,"Below is an instruction that describes a sentiment analysis task.

### Instruction:
Given the following text, please determine if it should be classified as funny or not funny. Base your classification on humor elements such as wit, irony, absurdity, or comedic timing.

### Input:
My son asked me why I didn't name him after myself... Jackson Junior just didn't seem quite right.

### Response:
",Yes
TooCoolToSocialize,https://old.reddit.com/r/dadjokes/comments/czjntb/if_number_666_is_evil/,2019-09-04 11:38:29,"If number 666 is evil, then 25.8069758011 is the root of all evil.",66,6961,677,1,"Below is an instruction that describes a sentiment analysis task.

### Instruction:
Given the following text, please determine if it should be classified as funny or not funny. Base your classification on humor elements such as wit, irony, absurdity, or comedic timing.

### Input:
If number 666 is evil, then 25.8069758011 is the root of all evil.

### Response:
",Yes
heckermenn,https://old.reddit.com/r/dadjokes/comments/8v6gxo/my_gps_just_told_me_to_turn_around/,2018-07-01 01:11:00,My GPS just told me to turn around. Now I can't see where I'm driving!,70,20,4173,1,"Below is an instruction that describes a sentiment analysis task.

### Instruction:
Given the following text, please determine if it should be classified as funny or not funny. Base your classification on humor elements such as wit, irony, absurdity, or comedic timing.

### Input:
My GPS just told me to turn around. Now I can't see where I'm driving!

### Response:
",Yes
Dream_Song14,https://old.reddit.com/r/dadjokes/comments/rh91vr/i_ordered_a_whole_duck_online_i_was_especially/,2021-12-15 20:52:40,"I ordered a whole duck online. I was looking forward to cooking a special meal, but I was disappointed when I found that FedEx hadn't delivered my package.",155,1,14049,0,"Below is an instruction that describes a sentiment analysis task.

### Instruction:
Given the following text, please determine if it should be classified as funny or not funny. Base your classification on humor elements such as wit, irony, absurdity, or comedic timing.

### Input:
I ordered a whole duck online. I was looking forward to cooking a special meal, but I was disappointed when I found that FedEx hadn't delivered my package.

### Response:
",Yes
GibHib,https://old.reddit.com/r/dadjokes/comments/c5f3g5/a_person_asked_me_arent_you_the_guy_who_brags/,2019-06-25 20:53:18,"A person asked me, ""Aren't you the guy who brags about weird stuff?"" I replied, ""No, Im the guy who takes the longest baths in the city"".",137,557,5157,1,"Below is an instruction that describes a sentiment analysis task.

### Instruction:
Given the following text, please determine if it should be classified as funny or not funny. Base your classification on humor elements such as wit, irony, absurdity, or comedic timing.

### Input:
A person asked me, ""Aren't you the guy who brags about weird stuff?"" I replied, ""No, Im the guy who takes the longest baths in the city"".

### Response:
",Yes
Starcream28266,https://old.reddit.com/r/dadjokes/comments/ckey1v/pies_are_250_in_jamaica_and_300_in_the_bahamas/,2019-07-31 21:43:48,Pies are $2.50 in Jamaica and $3.00 in the Bahamas Those are the pierates of the Caribbean,90,48,7413,1,"Below is an instruction that describes a sentiment analysis task.

### Instruction:
Given the following text, please determine if it should be classified as funny or not funny. Base your classification on humor elements such as wit, irony, absurdity, or comedic timing.

### Input:
Pies are $2.50 in Jamaica and $3.00 in the Bahamas Those are the pierates of the Caribbean

### Response:
",Yes
fatandsalt,https://old.reddit.com/r/dadjokes/comments/9e2y0b/i_recently_started_the_new_brexit_diet/,2018-09-08 08:57:03,I recently started the new Brexit diet. So far I've lost hundreds of millions of pounds.,88,29,751,1,"Below is an instruction that describes a sentiment analysis task.

### Instruction:
Given the following text, please determine if it should be classified as funny or not funny. Base your classification on humor elements such as wit, irony, absurdity, or comedic timing.

### Input:
I recently started the new Brexit diet. So far I've lost hundreds of millions of pounds.

### Response:
",Yes
snowdude-420,https://old.reddit.com/r/dadjokes/comments/riaext/i_told_my_cat_i_was_going_to_teach_him_english/,2021-12-17 05:49:24,"I told my cat I was going to teach him English, he seemed indifferent.",70,1,13830,0,"Below is an instruction that describes a sentiment analysis task.

### Instruction:
Given the following text, please determine if it should be classified as funny or not funny. Base your classification on humor elements such as wit, irony, absurdity, or comedic timing.

### Input:
I told my cat I was going to teach him English, he seemed indifferent.

### Response:
",Yes
BootyliciousOlivia,https://old.reddit.com/r/dadjokes/comments/l9omle/what_do_you_get_if_you_dont_move_a_single_muscle/,2021-01-31 23:08:43,What do you get if you don’t move a single muscle all week? A trophy,68,23,8271,1,"Below is an instruction that describes a sentiment analysis task.

### Instruction:
Given the following text, please determine if it should be classified as funny or not funny. Base your classification on humor elements such as wit, irony, absurdity, or comedic timing.

### Input:
What do you get if you don’t move a single muscle all week? A trophy

### Response:
",Yes
Lukestoney,https://old.reddit.com/r/dadjokes/comments/rpk3o4/why_is_taylor_swift_positive_about_next_year/,2021-12-27 09:55:16,Taylor Swift is optimistic about the future. She has a positive outlook.,72,1,12320,0,"Below is an instruction that describes a sentiment analysis task.

### Instruction:
Given the following text, please determine if it should be classified as funny or not funny. Base your classification on humor elements such as wit, irony, absurdity, or comedic timing.

### Input:
Taylor Swift is optimistic about the future. She has a positive outlook.

### Response:
",Yes
andersonfmly,https://old.reddit.com/r/dadjokes/comments/qxsq7j/what_do_you_call_a_rebellious_tattooed_motorcycle/,2021-11-19 23:49:06,"What do you call an unconventional, bold, lamb? Perhaps simply an individual.",77,1,17366,0,"Below is an instruction that describes a sentiment analysis task.

### Instruction:
Given the following text, please determine if it should be classified as funny or not funny. Base your classification on humor elements such as wit, irony, absurdity, or comedic timing.

### Input:
What do you call an unconventional, bold, lamb? Perhaps simply an individual.

### Response:
",Yes
Everenzi,https://old.reddit.com/r/dadjokes/comments/b5uufo/why_did_the_burglars_steal_soap/,2019-03-26 20:30:44,Why did the burglars steal soap? They wanted a clean getaway.,61,23,8660,1,"Below is an instruction that describes a sentiment analysis task.

### Instruction:
Given the following text, please determine if it should be classified as funny or not funny. Base your classification on humor elements such as wit, irony, absurdity, or comedic timing.

### Input:
Why did the burglars steal soap? They wanted a clean getaway.

### Response:
",Yes
DifferentQuiet,https://old.reddit.com/r/dadjokes/comments/8mbtnt/mom_was_pregnant_and_dad_asked_the_time_she_asked/,2018-05-26 17:54:49,"Mom was pregnant and dad asked the time. She asked if she looked like a clock... ""Well, you're big and round and you've got two hands!"" said my dad ",148,66,6377,1,"Below is an instruction that describes a sentiment analysis task.

### Instruction:
Given the following text, please determine if it should be classified as funny or not funny. Base your classification on humor elements such as wit, irony, absurdity, or comedic timing.

### Input:
Mom was pregnant and dad asked the time. She asked if she looked like a clock... ""Well, you're big and round and you've got two hands!"" said my dad 

### Response:
",Yes
LordsofGastone,https://old.reddit.com/r/dadjokes/comments/qrv25g/how_does_the_group_that_drives_the_mystery/,2021-11-11 21:07:14,How does the group that drives The Mystery Machine chill their beverages? With cubes of ice!,92,1,18551,0,"Below is an instruction that describes a sentiment analysis task.

### Instruction:
Given the following text, please determine if it should be classified as funny or not funny. Base your classification on humor elements such as wit, irony, absurdity, or comedic timing.

### Input:
How does the group that drives The Mystery Machine chill their beverages? With cubes of ice!

### Response:
",Yes
KitKattozIsMyName,https://old.reddit.com/r/dadjokes/comments/bqbz17/how_can_you_tell_if_an_ant_is_a_girl_or_a_boy/,2019-05-19 02:32:32,"How can you tell if an ant is a girl or a boy? They're all girls, otherwise they'd be uncles.",93,46,9177,1,"Below is an instruction that describes a sentiment analysis task.

### Instruction:
Given the following text, please determine if it should be classified as funny or not funny. Base your classification on humor elements such as wit, irony, absurdity, or comedic timing.

### Input:
How can you tell if an ant is a girl or a boy? They're all girls, otherwise they'd be uncles.

### Response:
",Yes
VERBERD,https://old.reddit.com/r/dadjokes/comments/lb3r62/in_laughter_the_l_comes_first/,2021-02-02 19:13:31,In laughter the 'L' comes first. The rest of the letters comes 'aughter' it.,76,36,6883,1,"Below is an instruction that describes a sentiment analysis task.

### Instruction:
Given the following text, please determine if it should be classified as funny or not funny. Base your classification on humor elements such as wit, irony, absurdity, or comedic timing.

### Input:
In laughter the 'L' comes first. The rest of the letters comes 'aughter' it.

### Response:
",Yes
ALkatraz919,https://old.reddit.com/r/dadjokes/comments/qf07y1/if_fire_hydrants_have_h2o_on_the_inside_what_do/,2021-10-24 20:16:47,"If fire hydrants contain water on the inside, what surrounds them on the outside? Protective paint.",99,1,21065,0,"Below is an instruction that describes a sentiment analysis task.

### Instruction:
Given the following text, please determine if it should be classified as funny or not funny. Base your classification on humor elements such as wit, irony, absurdity, or comedic timing.

### Input:
If fire hydrants contain water on the inside, what surrounds them on the outside? Protective paint.

### Response:
",Yes
porichoygupto,https://old.reddit.com/r/dadjokes/comments/d439yn/i_just_saw_my_wife_walk_by_with_her_sexiest/,2019-09-14 09:58:18,"I just saw my wife walk by with her sexiest underwear on, which can only mean one thing. It’s laundry day.",106,148,897,1,"Below is an instruction that describes a sentiment analysis task.

### Instruction:
Given the following text, please determine if it should be classified as funny or not funny. Base your classification on humor elements such as wit, irony, absurdity, or comedic timing.

### Input:
I just saw my wife walk by with her sexiest underwear on, which can only mean one thing. It’s laundry day.

### Response:
",Yes
Jaye_Axis,https://old.reddit.com/r/dadjokes/comments/d3ljwd/whats_the_difference_between_a_kleptomaniac_and_a/,2019-09-13 07:07:39,"What's the difference between a kleptomaniac and a literalist? One takes things literally and the other takes things, literally",127,21,6825,1,"Below is an instruction that describes a sentiment analysis task.

### Instruction:
Given the following text, please determine if it should be classified as funny or not funny. Base your classification on humor elements such as wit, irony, absurdity, or comedic timing.

### Input:
What's the difference between a kleptomaniac and a literalist? One takes things literally and the other takes things, literally

### Response:
",Yes
janwastaken1,https://old.reddit.com/r/dadjokes/comments/r4tzr5/that_hedgehog_is_a_toothprick_for_not_stopping/,2021-11-29 11:38:10,"That hedgehog didn't stop for pedestrians. Two individuals were walking to the mall and were surprised by a hedgehog, considering alternative transportation.",157,1,16161,0,"Below is an instruction that describes a sentiment analysis task.

### Instruction:
Given the following text, please determine if it should be classified as funny or not funny. Base your classification on humor elements such as wit, irony, absurdity, or comedic timing.

### Input:
That hedgehog didn't stop for pedestrians. Two individuals were walking to the mall and were surprised by a hedgehog, considering alternative transportation.

### Response:
",Yes
Roivas14,https://old.reddit.com/r/dadjokes/comments/cxnb8e/when_arnold_schwarzenegger_worked_at_a_music/,2019-08-30 21:37:32,"When Arnold Schwarzenegger worked at a music store, his manager noticed that anytime he went on a break, the last person he spoke to would end up in the classical section. Maybe because before he left he would say, ""Aisle B: Bach.""",231,129,2297,1,"Below is an instruction that describes a sentiment analysis task.

### Instruction:
Given the following text, please determine if it should be classified as funny or not funny. Base your classification on humor elements such as wit, irony, absurdity, or comedic timing.

### Input:
When Arnold Schwarzenegger worked at a music store, his manager noticed that anytime he went on a break, the last person he spoke to would end up in the classical section. Maybe because before he left he would say, ""Aisle B: Bach.""

### Response:
",Yes
spicymemestealer,https://old.reddit.com/r/dadjokes/comments/9c36vh/i_was_doing_shots_of_food_colouring_last_night/,2018-09-01 13:52:02,I was doing shots of food colouring last night. I ended up dying inside.,72,35,4976,1,"Below is an instruction that describes a sentiment analysis task.

### Instruction:
Given the following text, please determine if it should be classified as funny or not funny. Base your classification on humor elements such as wit, irony, absurdity, or comedic timing.

### Input:
I was doing shots of food colouring last night. I ended up dying inside.

### Response:
",Yes
DixieNormous22,https://old.reddit.com/r/dadjokes/comments/qw974o/did_you_know_that_a_slice_of_pie_costs_175_in/,2021-11-17 21:17:08,"Did you know that a slice of pie has different prices in different countries? For example, it's more expensive in certain places compared to others.",148,1,17671,0,"Below is an instruction that describes a sentiment analysis task.

### Instruction:
Given the following text, please determine if it should be classified as funny or not funny. Base your classification on humor elements such as wit, irony, absurdity, or comedic timing.

### Input:
Did you know that a slice of pie has different prices in different countries? For example, it's more expensive in certain places compared to others.

### Response:
",Yes
heckyhoodles,https://old.reddit.com/r/dadjokes/comments/col5nn/why_did_the_man_leave_his_socks_on_the_golf_course/,2019-08-10 17:45:44,Why did the man leave his socks on the golf course? He got a hole in one,72,83,2531,1,"Below is an instruction that describes a sentiment analysis task.

### Instruction:
Given the following text, please determine if it should be classified as funny or not funny. Base your classification on humor elements such as wit, irony, absurdity, or comedic timing.

### Input:
Why did the man leave his socks on the golf course? He got a hole in one

### Response:
",Yes
Pangean-trash-panda,https://old.reddit.com/r/dadjokes/comments/rs0zle/a_dog_walked_into_a_bar_and_said/,12/30/2021 12:46,A dog walked into the establishment looking rather confused about its surroundings.,83,1,11914,0,"Below is an instruction that describes a sentiment analysis task.

### Instruction:
Given the following text, please determine if it should be classified as funny or not funny. Base your classification on humor elements such as wit, irony, absurdity, or comedic timing.

### Input:
A dog walked into the establishment looking rather confused about its surroundings.

### Response:
",Yes
Pookells,https://old.reddit.com/r/dadjokes/comments/rkb3c9/ozzy_ozbourne_made_a_concept_album_about_milk/,2021-12-20 01:21:43,Ozzy Osbourne made an album with a unique theme. It explores different concepts.,80,1,13419,0,"Below is an instruction that describes a sentiment analysis task.

### Instruction:
Given the following text, please determine if it should be classified as funny or not funny. Base your classification on humor elements such as wit, irony, absurdity, or comedic timing.

### Input:
Ozzy Osbourne made an album with a unique theme. It explores different concepts.

### Response:
",Yes
porichoygupto,https://old.reddit.com/r/dadjokes/comments/bu0dfu/like_a_lot_of_people_i_had_a_hard_time_deciding/,2019-05-28 14:00:35,"Like a lot of people, I had a hard time deciding on what to do after finishing school. After some thought, I decided to go home.",128,20,9253,1,"Below is an instruction that describes a sentiment analysis task.

### Instruction:
Given the following text, please determine if it should be classified as funny or not funny. Base your classification on humor elements such as wit, irony, absurdity, or comedic timing.

### Input:
Like a lot of people, I had a hard time deciding on what to do after finishing school. After some thought, I decided to go home.

### Response:
",Yes
maskedprincess_2020,https://old.reddit.com/r/dadjokes/comments/rs46tw/someone_stole_my_microsoft_office_and_theyre/,12/30/2021 15:21,"Someone, unfortunately, took my Microsoft Office, and they will be held accountable.",84,1,11898,0,"Below is an instruction that describes a sentiment analysis task.

### Instruction:
Given the following text, please determine if it should be classified as funny or not funny. Base your classification on humor elements such as wit, irony, absurdity, or comedic timing.

### Input:
Someone, unfortunately, took my Microsoft Office, and they will be held accountable.

### Response:
",Yes
ZappBrannigansLaw,https://old.reddit.com/r/dadjokes/comments/bxbjz0/i_was_on_a_date_with_a_woman_who_said_i_am_a_big/,2019-06-06 02:51:18,"I was on a date with a woman who said ""I am a big country fan."" Me trying to sound intelligent: "" Well, China is 3.7 million square miles. """,140,124,10469,1,"Below is an instruction that describes a sentiment analysis task.

### Instruction:
Given the following text, please determine if it should be classified as funny or not funny. Base your classification on humor elements such as wit, irony, absurdity, or comedic timing.

### Input:
I was on a date with a woman who said ""I am a big country fan."" Me trying to sound intelligent: "" Well, China is 3.7 million square miles. ""

### Response:
",Yes
larryb78,https://old.reddit.com/r/dadjokes/comments/rmt801/found_an_abandoned_christmas_ornament_factory/,2021-12-23 10:57:29,Found an out-of-business Christmas ornament factory. It was available for rent.,79,1,12937,0,"Below is an instruction that describes a sentiment analysis task.

### Instruction:
Given the following text, please determine if it should be classified as funny or not funny. Base your classification on humor elements such as wit, irony, absurdity, or comedic timing.

### Input:
Found an out-of-business Christmas ornament factory. It was available for rent.

### Response:
",Yes
redneckvet,https://old.reddit.com/r/dadjokes/comments/qdzodg/my_kid_asked_me_what_my_favorite_show_was_as_a_kid/,2021-10-23 06:48:32,"My kid asked me what my favorite show was as a kid. He seemed upset when I told him, ""Figure It Out.""",101,1,21331,0,"Below is an instruction that describes a sentiment analysis task.

### Instruction:
Given the following text, please determine if it should be classified as funny or not funny. Base your classification on humor elements such as wit, irony, absurdity, or comedic timing.

### Input:
My kid asked me what my favorite show was as a kid. He seemed upset when I told him, ""Figure It Out.""

### Response:
",Yes
simply_alive,https://old.reddit.com/r/dadjokes/comments/984jrb/i_told_my_sister_she_needed_to_download_the/,2018-08-17 18:08:06,I told my sister she needed to download the reddit app Said she would never regreddit,85,61,2764,1,"Below is an instruction that describes a sentiment analysis task.

### Instruction:
Given the following text, please determine if it should be classified as funny or not funny. Base your classification on humor elements such as wit, irony, absurdity, or comedic timing.

### Input:
I told my sister she needed to download the reddit app Said she would never regreddit

### Response:
",Yes
MildBanana,https://old.reddit.com/r/dadjokes/comments/azn7o4/why_do_gay_people_keep_smiling/,2019-03-11 01:30:56,Why do gay people keep smiling? They can’t keep a straight face ,64,168,2840,1,"Below is an instruction that describes a sentiment analysis task.

### Instruction:
Given the following text, please determine if it should be classified as funny or not funny. Base your classification on humor elements such as wit, irony, absurdity, or comedic timing.

### Input:
Why do gay people keep smiling? They can’t keep a straight face 

### Response:
",Yes
johnbr,https://old.reddit.com/r/dadjokes/comments/qqqzh9/whats_a_zen_buddhists_favorite_snack/,2021-11-10 09:59:05,What's a Zen Buddhist's favorite snack? Health-conscious individuals may prefer rice cakes.,91,1,18726,0,"Below is an instruction that describes a sentiment analysis task.

### Instruction:
Given the following text, please determine if it should be classified as funny or not funny. Base your classification on humor elements such as wit, irony, absurdity, or comedic timing.

### Input:
What's a Zen Buddhist's favorite snack? Health-conscious individuals may prefer rice cakes.

### Response:
",Yes
Pretzelogist,https://old.reddit.com/r/dadjokes/comments/r4y5zz/the_torch_has_been_passed/,2021-11-29 15:24:50,"The torch has been passed! My 11-yr old daughter walked up to me carrying a small ceramic bear and shared: ""Dad, did you know I crafted this myself?""",149,1,16141,0,"Below is an instruction that describes a sentiment analysis task.

### Instruction:
Given the following text, please determine if it should be classified as funny or not funny. Base your classification on humor elements such as wit, irony, absurdity, or comedic timing.

### Input:
The torch has been passed! My 11-yr old daughter walked up to me carrying a small ceramic bear and shared: ""Dad, did you know I crafted this myself?""

### Response:
",Yes
TheOriginalNewGuy,https://old.reddit.com/r/dadjokes/comments/77ruo1/what_do_you_get_when_you_drop_a_piano_down_a/,2017-10-21 06:20:20,What do you get when you drop a piano down a mineshaft? A♭ miner,64,229,1497,1,"Below is an instruction that describes a sentiment analysis task.

### Instruction:
Given the following text, please determine if it should be classified as funny or not funny. Base your classification on humor elements such as wit, irony, absurdity, or comedic timing.

### Input:
What do you get when you drop a piano down a mineshaft? A♭ miner

### Response:
",Yes
glue_gun_01,https://old.reddit.com/r/dadjokes/comments/gzeh1d/what_do_sea_monsters_eat_for_lunch/,2020-06-09 02:55:30,What do sea monsters eat for lunch Potato ships,47,26,9678,1,"Below is an instruction that describes a sentiment analysis task.

### Instruction:
Given the following text, please determine if it should be classified as funny or not funny. Base your classification on humor elements such as wit, irony, absurdity, or comedic timing.

### Input:
What do sea monsters eat for lunch Potato ships

### Response:
",Yes
unboleteable,https://old.reddit.com/r/dadjokes/comments/qxjkpb/why_was_the_cat_a_bad_dj/,2021-11-19 16:16:15,Why wasn't the cat a good DJ? Because it wasn't trained for it.,63,1,17422,0,"Below is an instruction that describes a sentiment analysis task.

### Instruction:
Given the following text, please determine if it should be classified as funny or not funny. Base your classification on humor elements such as wit, irony, absurdity, or comedic timing.

### Input:
Why wasn't the cat a good DJ? Because it wasn't trained for it.

### Response:
",Yes
Jibanyanisgoated,https://old.reddit.com/r/dadjokes/comments/qbnq5o/what_do_you_call_a_polar_bear_interested_in/,2021-10-19 23:26:08,What do you call a polar bear interested in science? A polar researcher.,72,1,21929,0,"Below is an instruction that describes a sentiment analysis task.

### Instruction:
Given the following text, please determine if it should be classified as funny or not funny. Base your classification on humor elements such as wit, irony, absurdity, or comedic timing.

### Input:
What do you call a polar bear interested in science? A polar researcher.

### Response:
",Yes
gt0t,https://old.reddit.com/r/dadjokes/comments/7eo3y1/i_want_to_die_peacefully_in_my_sleep_like_my/,2017-11-22 04:16:37,"I want to die peacefully in my sleep, like my grandfather. Not panicking, like his passengers.",94,27,10512,1,"Below is an instruction that describes a sentiment analysis task.

### Instruction:
Given the following text, please determine if it should be classified as funny or not funny. Base your classification on humor elements such as wit, irony, absurdity, or comedic timing.

### Input:
I want to die peacefully in my sleep, like my grandfather. Not panicking, like his passengers.

### Response:
",Yes
TakinShots,https://old.reddit.com/r/dadjokes/comments/qtpwrq/to_the_thief_who_stole_my_entire_supply_of_red/,2021-11-14 13:33:02,To the person who stole my entire supply of Red Bull: How do you manage to sleep at night?,90,1,18184,0,"Below is an instruction that describes a sentiment analysis task.

### Instruction:
Given the following text, please determine if it should be classified as funny or not funny. Base your classification on humor elements such as wit, irony, absurdity, or comedic timing.

### Input:
To the person who stole my entire supply of Red Bull: How do you manage to sleep at night?

### Response:
",Yes
zeushaulrod,https://old.reddit.com/r/dadjokes/comments/qd9bgc/what_do_you_call_a_loud_elephant/,2021-10-22 04:32:28,What do you call a noisy pachyderm? An elephant that's making a lot of noise.,77,1,21532,0,"Below is an instruction that describes a sentiment analysis task.

### Instruction:
Given the following text, please determine if it should be classified as funny or not funny. Base your classification on humor elements such as wit, irony, absurdity, or comedic timing.

### Input:
What do you call a noisy pachyderm? An elephant that's making a lot of noise.

### Response:
",Yes
orderoffries32,https://old.reddit.com/r/dadjokes/comments/retoey/news_anchor_1_my_teleprompters_too_slow/,2021-12-12 17:27:07,"News anchor 1: ""I'm having issues with my teleprompter."" News anchor 2: ""I understand the problem.""",99,1,14563,0,"Below is an instruction that describes a sentiment analysis task.

### Instruction:
Given the following text, please determine if it should be classified as funny or not funny. Base your classification on humor elements such as wit, irony, absurdity, or comedic timing.

### Input:
News anchor 1: ""I'm having issues with my teleprompter."" News anchor 2: ""I understand the problem.""

### Response:
",Yes
misterrandom1,https://old.reddit.com/r/dadjokes/comments/rph1fg/my_optical_illusion_was_so_good_youd_assume_id/,2021-12-27 06:39:55,My optical illusion impressed everyone so much that they were questioning its originality.,90,1,12336,0,"Below is an instruction that describes a sentiment analysis task.

### Instruction:
Given the following text, please determine if it should be classified as funny or not funny. Base your classification on humor elements such as wit, irony, absurdity, or comedic timing.

### Input:
My optical illusion impressed everyone so much that they were questioning its originality.

### Response:
",Yes
PeacefulSoySouce,https://old.reddit.com/r/dadjokes/comments/rvhclx/i_like_my_kids_and_dad_jokes_just_as_i_like_my/,1/4/2022 1:05,I like my kids and dad jokes just as I like my art. Genuine and refreshing.,75,1,11125,0,"Below is an instruction that describes a sentiment analysis task.

### Instruction:
Given the following text, please determine if it should be classified as funny or not funny. Base your classification on humor elements such as wit, irony, absurdity, or comedic timing.

### Input:
I like my kids and dad jokes just as I like my art. Genuine and refreshing.

### Response:
",Yes
hamiltonisoverrat3d,https://old.reddit.com/r/dadjokes/comments/qfxs5l/from_my_6_year_old_daughter_what_did_the_blanket/,2021-10-26 03:38:04,"What did the blanket say to the bed? ""I'm here to keep you warm.""",65,1,20812,0,"Below is an instruction that describes a sentiment analysis task.

### Instruction:
Given the following text, please determine if it should be classified as funny or not funny. Base your classification on humor elements such as wit, irony, absurdity, or comedic timing.

### Input:
What did the blanket say to the bed? ""I'm here to keep you warm.""

### Response:
",Yes
flyersfan3452,https://old.reddit.com/r/dadjokes/comments/9a6lvl/did_you_hear_about_the_guy_that_got_arrested_for/,2018-08-25 13:00:54,Did you hear about the guy that got arrested for stealing hay? He made bale.,76,31,347,1,"Below is an instruction that describes a sentiment analysis task.

### Instruction:
Given the following text, please determine if it should be classified as funny or not funny. Base your classification on humor elements such as wit, irony, absurdity, or comedic timing.

### Input:
Did you hear about the guy that got arrested for stealing hay? He made bale.

### Response:
",Yes
Cheselth,https://old.reddit.com/r/dadjokes/comments/rpimxe/what_does_a_frog_say_when_it_finds_something/,2021-12-27 08:18:10,"What does a frog say when it finds something exciting? ""Interesting!""",69,1,12328,0,"Below is an instruction that describes a sentiment analysis task.

### Instruction:
Given the following text, please determine if it should be classified as funny or not funny. Base your classification on humor elements such as wit, irony, absurdity, or comedic timing.

### Input:
What does a frog say when it finds something exciting? ""Interesting!""

### Response:
",Yes
eagleboy444,https://old.reddit.com/r/dadjokes/comments/qxay28/did_you_know_that_all_seatbelts_are_really_just/,2021-11-19 07:25:39,Did you know that seatbelts are designed for your safety? They're essential for car travel.,91,1,17478,0,"Below is an instruction that describes a sentiment analysis task.

### Instruction:
Given the following text, please determine if it should be classified as funny or not funny. Base your classification on humor elements such as wit, irony, absurdity, or comedic timing.

### Input:
Did you know that seatbelts are designed for your safety? They're essential for car travel.

### Response:
",Yes
P_as_n_Pterodactyl,https://old.reddit.com/r/dadjokes/comments/cx8c0s/what_did_the_drummer_name_his_twin_daughters/,2019-08-29 22:53:17,"What did the drummer name his twin daughters? Anna 1, Anna 2",60,23,610,1,"Below is an instruction that describes a sentiment analysis task.

### Instruction:
Given the following text, please determine if it should be classified as funny or not funny. Base your classification on humor elements such as wit, irony, absurdity, or comedic timing.

### Input:
What did the drummer name his twin daughters? Anna 1, Anna 2

### Response:
",Yes
wmyspr,https://old.reddit.com/r/dadjokes/comments/bh8a8o/apparently_i_have_to_release_everything_i_catch/,2019-04-25 12:54:33,Apparently I have to release everything I catch when i go fishing today. Because apparently of this thing called throw back Thursday.,133,50,1657,1,"Below is an instruction that describes a sentiment analysis task.

### Instruction:
Given the following text, please determine if it should be classified as funny or not funny. Base your classification on humor elements such as wit, irony, absurdity, or comedic timing.

### Input:
Apparently I have to release everything I catch when i go fishing today. Because apparently of this thing called throw back Thursday.

### Response:
",Yes
icemage27,https://old.reddit.com/r/dadjokes/comments/rmhece/what_does_a_house_wear/,2021-12-22 23:12:21,What does a house have? An address.,35,1,12995,0,"Below is an instruction that describes a sentiment analysis task.

### Instruction:
Given the following text, please determine if it should be classified as funny or not funny. Base your classification on humor elements such as wit, irony, absurdity, or comedic timing.

### Input:
What does a house have? An address.

### Response:
",No
Kinjesus,https://old.reddit.com/r/dadjokes/comments/qwnyiv/my_friends_and_i_bang_on_doors_for_a_living/,2021-11-18 11:42:40,My friends and I install doors for a living. It requires persistence.,69,1,17601,0,"Below is an instruction that describes a sentiment analysis task.

### Instruction:
Given the following text, please determine if it should be classified as funny or not funny. Base your classification on humor elements such as wit, irony, absurdity, or comedic timing.

### Input:
My friends and I install doors for a living. It requires persistence.

### Response:
",Yes
mr_world_thin,https://old.reddit.com/r/dadjokes/comments/qjsyun/what_does_a_horny_witch_ride/,2021-10-31 16:22:33,What's a practical mode of transportation for someone needing to clean? A mop.,78,1,19977,0,"Below is an instruction that describes a sentiment analysis task.

### Instruction:
Given the following text, please determine if it should be classified as funny or not funny. Base your classification on humor elements such as wit, irony, absurdity, or comedic timing.

### Input:
What's a practical mode of transportation for someone needing to clean? A mop.

### Response:
",Yes
KingInTheNorth57,https://old.reddit.com/r/dadjokes/comments/8cwwxq/did_you_guys_hear_about_the_new_corduroy_pillows/,2018-04-17 14:26:06,Did you guys hear about the new corduroy pillows that were invented? They’re making headlines everywhere. ,106,64,1213,1,"Below is an instruction that describes a sentiment analysis task.

### Instruction:
Given the following text, please determine if it should be classified as funny or not funny. Base your classification on humor elements such as wit, irony, absurdity, or comedic timing.

### Input:
Did you guys hear about the new corduroy pillows that were invented? They’re making headlines everywhere. 

### Response:
",Yes
Degtyrev,https://old.reddit.com/r/dadjokes/comments/bkewuc/why_did_the_magician_have_a_candy_bar_on_his_shirt/,2019-05-03 23:24:28,Why did the magician have a candy bar on his shirt? He needed a couple of twix up his sleeve,92,20,4096,1,"Below is an instruction that describes a sentiment analysis task.

### Instruction:
Given the following text, please determine if it should be classified as funny or not funny. Base your classification on humor elements such as wit, irony, absurdity, or comedic timing.

### Input:
Why did the magician have a candy bar on his shirt? He needed a couple of twix up his sleeve

### Response:
",Yes
DoubleE343,https://old.reddit.com/r/dadjokes/comments/92dpiq/what_do_you_call_a_group_of_invisible_dinosaurs/,2018-07-27 15:54:50,What do you call a group of invisible dinosaurs? Idontthinktheysarus,68,32,9652,1,"Below is an instruction that describes a sentiment analysis task.

### Instruction:
Given the following text, please determine if it should be classified as funny or not funny. Base your classification on humor elements such as wit, irony, absurdity, or comedic timing.

### Input:
What do you call a group of invisible dinosaurs? Idontthinktheysarus

### Response:
",Yes
andersonfmly,https://old.reddit.com/r/dadjokes/comments/qo1b1g/according_to_the_chocolate_advent_calendar_i/,2021-11-06 14:24:45,The chocolate Advent Calendar I bought suggests… that Christmas is not far away.,80,1,19244,0,"Below is an instruction that describes a sentiment analysis task.

### Instruction:
Given the following text, please determine if it should be classified as funny or not funny. Base your classification on humor elements such as wit, irony, absurdity, or comedic timing.

### Input:
The chocolate Advent Calendar I bought suggests… that Christmas is not far away.

### Response:
",Yes
PdawgUltimate,https://old.reddit.com/r/dadjokes/comments/cel2au/do_you_hate_people_that_answer_their_own_questions/,2019-07-18 00:09:39,Do you hate people that answer their own questions? I do,56,44,862,1,"Below is an instruction that describes a sentiment analysis task.

### Instruction:
Given the following text, please determine if it should be classified as funny or not funny. Base your classification on humor elements such as wit, irony, absurdity, or comedic timing.

### Input:
Do you hate people that answer their own questions? I do

### Response:
",Yes
NIRU1497,https://old.reddit.com/r/dadjokes/comments/b1kl7l/what_triggers_a_spanish_mans_fight_or_flight/,2019-03-15 21:39:57,What triggers a Spanish man's Fight or Flight response? His-Panic.,66,40,3992,1,"Below is an instruction that describes a sentiment analysis task.

### Instruction:
Given the following text, please determine if it should be classified as funny or not funny. Base your classification on humor elements such as wit, irony, absurdity, or comedic timing.

### Input:
What triggers a Spanish man's Fight or Flight response? His-Panic.

### Response:
",Yes
brother_p,https://old.reddit.com/r/dadjokes/comments/rp91ys/a_cheese_factory_in_france_blew_up_yesterday/,2021-12-26 23:42:30,"A cheese factory in France had an incident yesterday, causing quite a mess.",75,1,12381,0,"Below is an instruction that describes a sentiment analysis task.

### Instruction:
Given the following text, please determine if it should be classified as funny or not funny. Base your classification on humor elements such as wit, irony, absurdity, or comedic timing.

### Input:
A cheese factory in France had an incident yesterday, causing quite a mess.

### Response:
",Yes
combination_is_12345,https://old.reddit.com/r/dadjokes/comments/7u0v38/why_do_norways_naval_ships_have_barcodes_printed/,2018-01-30 13:06:22,Why do Norway's naval ships have barcodes printed on their sides? So they can Scandinavian.,91,81,5328,1,"Below is an instruction that describes a sentiment analysis task.

### Instruction:
Given the following text, please determine if it should be classified as funny or not funny. Base your classification on humor elements such as wit, irony, absurdity, or comedic timing.

### Input:
Why do Norway's naval ships have barcodes printed on their sides? So they can Scandinavian.

### Response:
",Yes
YZXFILE,https://old.reddit.com/r/dadjokes/comments/r7fh05/whats_fowl_and_swine_but_people_cant_resist/,2021-12-02 19:41:57,What's popular at a festive meal? A turkey and ham platter.,59,1,15680,0,"Below is an instruction that describes a sentiment analysis task.

### Instruction:
Given the following text, please determine if it should be classified as funny or not funny. Base your classification on humor elements such as wit, irony, absurdity, or comedic timing.

### Input:
What's popular at a festive meal? A turkey and ham platter.

### Response:
",Yes
dandan_56,https://old.reddit.com/r/dadjokes/comments/81oeua/vegans_think_that_people_who_sell_meat_are/,2018-03-03 07:59:57,Vegans think that people who sell meat are disgusting But people who sell fruit and vegetables are grocer. ,107,37,7331,1,"Below is an instruction that describes a sentiment analysis task.

### Instruction:
Given the following text, please determine if it should be classified as funny or not funny. Base your classification on humor elements such as wit, irony, absurdity, or comedic timing.

### Input:
Vegans think that people who sell meat are disgusting But people who sell fruit and vegetables are grocer. 

### Response:
",Yes
tfofurn,https://old.reddit.com/r/dadjokes/comments/qd5qmy/hey_dad_how_many_syllables_are_there_in_democracy/,2021-10-22 00:58:04,"""Hey, Dad! How many syllables are there in democracy?"" Dad: ""I'm not sure, let's check the dictionary!""",103,1,21574,0,"Below is an instruction that describes a sentiment analysis task.

### Instruction:
Given the following text, please determine if it should be classified as funny or not funny. Base your classification on humor elements such as wit, irony, absurdity, or comedic timing.

### Input:
""Hey, Dad! How many syllables are there in democracy?"" Dad: ""I'm not sure, let's check the dictionary!""

### Response:
",Yes
Iced_Coffee_IV,https://old.reddit.com/r/dadjokes/comments/qobpsq/my_kids_are_obsessed_with_these_movies_about_a/,2021-11-06 23:12:55,My kids are fond of these movies about a scrappy little brown dog. They enjoy them immensely.,93,1,19170,0,"Below is an instruction that describes a sentiment analysis task.

### Instruction:
Given the following text, please determine if it should be classified as funny or not funny. Base your classification on humor elements such as wit, irony, absurdity, or comedic timing.

### Input:
My kids are fond of these movies about a scrappy little brown dog. They enjoy them immensely.

### Response:
",Yes
incredibleinkpen,https://old.reddit.com/r/dadjokes/comments/rhq5ks/i_served_my_daughter_dinner_and_gave_her_a_fork/,2021-12-16 12:54:15,I told my daughter to take care with her hot meal. She reminded me she was still waiting for her food to cool.,110,1,13946,0,"Below is an instruction that describes a sentiment analysis task.

### Instruction:
Given the following text, please determine if it should be classified as funny or not funny. Base your classification on humor elements such as wit, irony, absurdity, or comedic timing.

### Input:
I told my daughter to take care with her hot meal. She reminded me she was still waiting for her food to cool.

### Response:
",Yes
Dimash_DBSKClown,https://old.reddit.com/r/dadjokes/comments/qtiq04/what_kind_of_potatoes_does_a_dear_like/,2021-11-14 05:14:29,What type of potatoes might a connoisseur prefer? Puréed potatoes with a dash of gourmet seasoning.,99,1,18220,0,"Below is an instruction that describes a sentiment analysis task.

### Instruction:
Given the following text, please determine if it should be classified as funny or not funny. Base your classification on humor elements such as wit, irony, absurdity, or comedic timing.

### Input:
What type of potatoes might a connoisseur prefer? Puréed potatoes with a dash of gourmet seasoning.

### Response:
",Yes
Oh_My_Monster,https://old.reddit.com/r/dadjokes/comments/qck6hz/i_saw_a_tall_man_selling_fertilizer_he_was_gross/,2021-10-21 05:08:32,I saw a tall man selling fertilizer. He was supplying quality goods. I saw a short man selling food. He was running a local store.,130,1,21727,0,"Below is an instruction that describes a sentiment analysis task.

### Instruction:
Given the following text, please determine if it should be classified as funny or not funny. Base your classification on humor elements such as wit, irony, absurdity, or comedic timing.

### Input:
I saw a tall man selling fertilizer. He was supplying quality goods. I saw a short man selling food. He was running a local store.

### Response:
",Yes
porichoygupto,https://old.reddit.com/r/dadjokes/comments/8sqtkn/i_saw_a_cashier_scan_the_eyes_of_a_rude_customer/,2018-06-21 10:38:38,I saw a cashier scan the eyes of a rude customer with her barcode reader. The look on his face was priceless.,109,66,6476,1,"Below is an instruction that describes a sentiment analysis task.

### Instruction:
Given the following text, please determine if it should be classified as funny or not funny. Base your classification on humor elements such as wit, irony, absurdity, or comedic timing.

### Input:
I saw a cashier scan the eyes of a rude customer with her barcode reader. The look on his face was priceless.

### Response:
",Yes
not_a_bug_a_feature,https://old.reddit.com/r/dadjokes/comments/ret836/hey_dad_whats_a_freudian_slip/,2021-12-12 17:04:55,"""Hey dad, what's a Freudian slip?"" ""It's an interesting psychological phenomenon where you might accidentally reveal your subconscious thoughts.""",145,1,14569,0,"Below is an instruction that describes a sentiment analysis task.

### Instruction:
Given the following text, please determine if it should be classified as funny or not funny. Base your classification on humor elements such as wit, irony, absurdity, or comedic timing.

### Input:
""Hey dad, what's a Freudian slip?"" ""It's an interesting psychological phenomenon where you might accidentally reveal your subconscious thoughts.""

### Response:
",Yes
MichaelBenedictM,https://old.reddit.com/r/dadjokes/comments/qqwz3l/why_was_the_stoner_in_the_hov_lane/,2021-11-10 15:32:17,Why was the individual in the HOV lane? Because he was carpooling with friends.,79,1,18699,0,"Below is an instruction that describes a sentiment analysis task.

### Instruction:
Given the following text, please determine if it should be classified as funny or not funny. Base your classification on humor elements such as wit, irony, absurdity, or comedic timing.

### Input:
Why was the individual in the HOV lane? Because he was carpooling with friends.

### Response:
",Yes
mash3735,https://old.reddit.com/r/dadjokes/comments/33rfkz/id_tell_you_my_family_secret_recipe_for_bread_but/,2015-04-24 22:22:52,"I'd tell you my family secret recipe for bread, but... It's on a knead to know basis.",85,36,1649,1,"Below is an instruction that describes a sentiment analysis task.

### Instruction:
Given the following text, please determine if it should be classified as funny or not funny. Base your classification on humor elements such as wit, irony, absurdity, or comedic timing.

### Input:
I'd tell you my family secret recipe for bread, but... It's on a knead to know basis.

### Response:
",Yes
bearsongz,https://old.reddit.com/r/dadjokes/comments/ax29il/dont_you_hate_it_when_people_answer_their_own/,2019-03-04 03:18:17,Don't you hate it when people answer their own questions? I do.,63,33,10515,1,"Below is an instruction that describes a sentiment analysis task.

### Instruction:
Given the following text, please determine if it should be classified as funny or not funny. Base your classification on humor elements such as wit, irony, absurdity, or comedic timing.

### Input:
Don't you hate it when people answer their own questions? I do.

### Response:
",Yes
you_buy_this_shit,https://old.reddit.com/r/dadjokes/comments/c619mn/what_do_you_call_two_monkeys_who_share_an_amazon/,2019-06-27 04:58:47,What do you call two monkeys who share an Amazon account? Prime mates,69,58,5125,1,"Below is an instruction that describes a sentiment analysis task.

### Instruction:
Given the following text, please determine if it should be classified as funny or not funny. Base your classification on humor elements such as wit, irony, absurdity, or comedic timing.

### Input:
What do you call two monkeys who share an Amazon account? Prime mates

### Response:
",Yes
Horcrux922,https://old.reddit.com/r/dadjokes/comments/rfx6qa/the_farmer_isnt_just_good_at_his_job/,2021-12-14 02:45:36,The farmer excels in his agricultural duties and is often seen actively involved in his work.,93,1,14319,0,"Below is an instruction that describes a sentiment analysis task.

### Instruction:
Given the following text, please determine if it should be classified as funny or not funny. Base your classification on humor elements such as wit, irony, absurdity, or comedic timing.

### Input:
The farmer excels in his agricultural duties and is often seen actively involved in his work.

### Response:
",Yes
ArchipelagoMind,https://old.reddit.com/r/dadjokes/comments/juk9rc/i_told_my_daughter_go_to_bed_the_cows_are/,2020-11-15 11:05:10,"I told my daughter, ""Go to bed, the cows are sleeping in the field."" She said, ""What's that got to do with anything?"" I said ""That means it's pasture bedtime.""",159,20667,8811,1,"Below is an instruction that describes a sentiment analysis task.

### Instruction:
Given the following text, please determine if it should be classified as funny or not funny. Base your classification on humor elements such as wit, irony, absurdity, or comedic timing.

### Input:
I told my daughter, ""Go to bed, the cows are sleeping in the field."" She said, ""What's that got to do with anything?"" I said ""That means it's pasture bedtime.""

### Response:
",Yes
Wacey166,https://old.reddit.com/r/dadjokes/comments/qinx83/what_do_you_call_an_american_bee/,2021-10-29 22:24:17,"What do you call an American bee? An Apis mellifera, commonly known as the Western honey bee.",93,1,20193,0,"Below is an instruction that describes a sentiment analysis task.

### Instruction:
Given the following text, please determine if it should be classified as funny or not funny. Base your classification on humor elements such as wit, irony, absurdity, or comedic timing.

### Input:
What do you call an American bee? An Apis mellifera, commonly known as the Western honey bee.

### Response:
",Yes
akasdan1,https://old.reddit.com/r/dadjokes/comments/qg42lx/when_does_a_joke_become_a_dad_joke/,2021-10-26 11:11:37,When does a pun become a dad joke? It's all in the delivery.,60,1,20778,0,"Below is an instruction that describes a sentiment analysis task.

### Instruction:
Given the following text, please determine if it should be classified as funny or not funny. Base your classification on humor elements such as wit, irony, absurdity, or comedic timing.

### Input:
When does a pun become a dad joke? It's all in the delivery.

### Response:
",Yes
Mr_Blobby2343,https://old.reddit.com/r/dadjokes/comments/asax8q/i_read_a_lengthy_article_about_japanese_sword/,2019-02-19 14:24:11,I read a lengthy article about Japanese sword fighters It's okay I can Samurais it for you.,91,670,5024,1,"Below is an instruction that describes a sentiment analysis task.

### Instruction:
Given the following text, please determine if it should be classified as funny or not funny. Base your classification on humor elements such as wit, irony, absurdity, or comedic timing.

### Input:
I read a lengthy article about Japanese sword fighters It's okay I can Samurais it for you.

### Response:
",Yes
FermentToBee,https://old.reddit.com/r/dadjokes/comments/qsh9t2/do_the_british_consider_horror_movies_to_be_taboo/,2021-11-12 18:16:40,Do the British enjoy horror movies even though they might include startling scenes?,83,1,18421,0,"Below is an instruction that describes a sentiment analysis task.

### Instruction:
Given the following text, please determine if it should be classified as funny or not funny. Base your classification on humor elements such as wit, irony, absurdity, or comedic timing.

### Input:
Do the British enjoy horror movies even though they might include startling scenes?

### Response:
",Yes
keithasaurus,https://old.reddit.com/r/dadjokes/comments/9i367f/when_i_first_started_playing_chess_i_thought_the/,2018-09-22 21:19:04,"When I first started playing chess, I thought the castle could move diagonally. Classic rook-y mistake.",103,22,2590,1,"Below is an instruction that describes a sentiment analysis task.

### Instruction:
Given the following text, please determine if it should be classified as funny or not funny. Base your classification on humor elements such as wit, irony, absurdity, or comedic timing.

### Input:
When I first started playing chess, I thought the castle could move diagonally. Classic rook-y mistake.

### Response:
",Yes
Jazst,https://old.reddit.com/r/dadjokes/comments/r48bql/my_friend_artie_found_a_stone_arrowhead_buried_in/,2021-11-28 16:38:08,My friend Artie found a stone arrowhead buried in his backyard the other day. It's an interesting find.,103,1,16276,0,"Below is an instruction that describes a sentiment analysis task.

### Instruction:
Given the following text, please determine if it should be classified as funny or not funny. Base your classification on humor elements such as wit, irony, absurdity, or comedic timing.

### Input:
My friend Artie found a stone arrowhead buried in his backyard the other day. It's an interesting find.

### Response:
",Yes
Moist_Milky,https://old.reddit.com/r/dadjokes/comments/bqtb1d/what_do_you_call_a_chicken_that_sees_a_lettuce/,2019-05-20 09:26:30,What do you call a Chicken that sees a lettuce? Chicken-See's-A-Salad,69,21,5014,1,"Below is an instruction that describes a sentiment analysis task.

### Instruction:
Given the following text, please determine if it should be classified as funny or not funny. Base your classification on humor elements such as wit, irony, absurdity, or comedic timing.

### Input:
What do you call a Chicken that sees a lettuce? Chicken-See's-A-Salad

### Response:
",Yes
showerdrinking,https://old.reddit.com/r/dadjokes/comments/qu2309/i_tried_taking_my_friend_with_tourettes_hiking/,2021-11-14 23:10:41,"I tried taking my friend with Tourette’s hiking, but we had to be careful due to the presence of ticks in the area.",115,1,18121,0,"Below is an instruction that describes a sentiment analysis task.

### Instruction:
Given the following text, please determine if it should be classified as funny or not funny. Base your classification on humor elements such as wit, irony, absurdity, or comedic timing.

### Input:
I tried taking my friend with Tourette’s hiking, but we had to be careful due to the presence of ticks in the area.

### Response:
",Yes
moorda,https://old.reddit.com/r/dadjokes/comments/rkdlcc/u2_have_opened_an_amazing_carnival/,2021-12-20 03:32:08,U2 have organized a remarkable event. It’s titled ”The Memorable Festival.”,75,1,13398,0,"Below is an instruction that describes a sentiment analysis task.

### Instruction:
Given the following text, please determine if it should be classified as funny or not funny. Base your classification on humor elements such as wit, irony, absurdity, or comedic timing.

### Input:
U2 have organized a remarkable event. It’s titled ”The Memorable Festival.”

### Response:
",Yes
IDK_banana,https://old.reddit.com/r/dadjokes/comments/rozx2j/i_didnt_want_a_brain_transplant/,2021-12-26 16:12:49,"I initially resisted a brain surgery proposal, but eventually, I was convinced.",79,1,12439,0,"Below is an instruction that describes a sentiment analysis task.

### Instruction:
Given the following text, please determine if it should be classified as funny or not funny. Base your classification on humor elements such as wit, irony, absurdity, or comedic timing.

### Input:
I initially resisted a brain surgery proposal, but eventually, I was convinced.

### Response:
",Yes
girl0nfire69,https://old.reddit.com/r/dadjokes/comments/qg5top/what_do_you_call_a_dress_that_a_dick_wears/,2021-10-26 12:57:29,What do you call formal attire for sophisticated events? An evening gown.,73,1,20771,0,"Below is an instruction that describes a sentiment analysis task.

### Instruction:
Given the following text, please determine if it should be classified as funny or not funny. Base your classification on humor elements such as wit, irony, absurdity, or comedic timing.

### Input:
What do you call formal attire for sophisticated events? An evening gown.

### Response:
",Yes
ThaRedditAddict,https://old.reddit.com/r/dadjokes/comments/cm7177/i_dreamed_about_drowning_in_an_ocean_of_orange/,2019-08-05 05:46:35,I dreamed about drowning in an ocean of orange soda last night. It took me a while to work out it was just a Fanta Sea.,119,42,3470,1,"Below is an instruction that describes a sentiment analysis task.

### Instruction:
Given the following text, please determine if it should be classified as funny or not funny. Base your classification on humor elements such as wit, irony, absurdity, or comedic timing.

### Input:
I dreamed about drowning in an ocean of orange soda last night. It took me a while to work out it was just a Fanta Sea.

### Response:
",Yes
zenpod,https://old.reddit.com/r/dadjokes/comments/rii2yr/a_string_quartet_baroque_into_chamber_music/,2021-12-17 14:02:11,A string quartet transitioned into performing chamber music. It was a new venture for them.,91,1,13775,0,"Below is an instruction that describes a sentiment analysis task.

### Instruction:
Given the following text, please determine if it should be classified as funny or not funny. Base your classification on humor elements such as wit, irony, absurdity, or comedic timing.

### Input:
A string quartet transitioned into performing chamber music. It was a new venture for them.

### Response:
",Yes
maskedprincess_2020,https://old.reddit.com/r/dadjokes/comments/rn7hkp/how_is_life_like_toilet_paper/,2021-12-23 22:46:29,"Life can be likened to many things, it has its ups and downs.",61,1,12830,0,"Below is an instruction that describes a sentiment analysis task.

### Instruction:
Given the following text, please determine if it should be classified as funny or not funny. Base your classification on humor elements such as wit, irony, absurdity, or comedic timing.

### Input:
Life can be likened to many things, it has its ups and downs.

### Response:
",Yes
bassistheplace246,https://old.reddit.com/r/dadjokes/comments/r96qdo/did_you_know_that_fozzie_bear_has_a_rap_career/,2021-12-05 03:46:16,Did you know that Fozzie Bear has other entertainment ventures besides comedy? He's quite the performer.,104,1,15380,0,"Below is an instruction that describes a sentiment analysis task.

### Instruction:
Given the following text, please determine if it should be classified as funny or not funny. Base your classification on humor elements such as wit, irony, absurdity, or comedic timing.

### Input:
Did you know that Fozzie Bear has other entertainment ventures besides comedy? He's quite the performer.

### Response:
",Yes
CtrlSodapop,https://old.reddit.com/r/dadjokes/comments/b1dmae/its_just_as_i_suspected_someones_been_adding_soil/,2019-03-15 11:12:02,"It’s just as I suspected, someone’s been adding soil to my garden The plot thickens",83,41,2465,1,"Below is an instruction that describes a sentiment analysis task.

### Instruction:
Given the following text, please determine if it should be classified as funny or not funny. Base your classification on humor elements such as wit, irony, absurdity, or comedic timing.

### Input:
It’s just as I suspected, someone’s been adding soil to my garden The plot thickens

### Response:
",Yes
Graflex01867,https://old.reddit.com/r/dadjokes/comments/qps7v7/what_do_cartographers_drink_when_they_go_to_a_bar/,2021-11-09 01:11:58,What do mapmakers enjoy drinking? A local brew.,47,1,18916,0,"Below is an instruction that describes a sentiment analysis task.

### Instruction:
Given the following text, please determine if it should be classified as funny or not funny. Base your classification on humor elements such as wit, irony, absurdity, or comedic timing.

### Input:
What do mapmakers enjoy drinking? A local brew.

### Response:
",Yes
IceMango359,https://old.reddit.com/r/dadjokes/comments/r9l72n/there_were_two_brothers_that_almost_designed_a/,2021-12-05 17:58:21,There were two brothers who contributed substantially to aeronautics before the Wright brothers became known for their historical flight.,137,1,15306,0,"Below is an instruction that describes a sentiment analysis task.

### Instruction:
Given the following text, please determine if it should be classified as funny or not funny. Base your classification on humor elements such as wit, irony, absurdity, or comedic timing.

### Input:
There were two brothers who contributed substantially to aeronautics before the Wright brothers became known for their historical flight.

### Response:
",Yes
StrokeMyAxe,https://old.reddit.com/r/dadjokes/comments/lburcy/my_printer_was_making_music_so_i_checked_it_out/,2021-02-03 18:42:39,My printer was making music so I checked it out. The paper was jamming.,71,162,5172,1,"Below is an instruction that describes a sentiment analysis task.

### Instruction:
Given the following text, please determine if it should be classified as funny or not funny. Base your classification on humor elements such as wit, irony, absurdity, or comedic timing.

### Input:
My printer was making music so I checked it out. The paper was jamming.

### Response:
",Yes
bryanBr,https://old.reddit.com/r/dadjokes/comments/c3qkmo/my_computer_said_my_password_is_insecure/,2019-06-22 14:51:14,My computer said my password is insecure. Well maybe if it wasn't forced to have such strict requirements it would be more confident.,133,280,3774,1,"Below is an instruction that describes a sentiment analysis task.

### Instruction:
Given the following text, please determine if it should be classified as funny or not funny. Base your classification on humor elements such as wit, irony, absurdity, or comedic timing.

### Input:
My computer said my password is insecure. Well maybe if it wasn't forced to have such strict requirements it would be more confident.

### Response:
",Yes
gfxChris,https://old.reddit.com/r/dadjokes/comments/676m60/what_does_a_drunken_ghost_say/,2017-04-24 03:12:13,"What does a drunken ghost say? Booooooooooooooooooze

As told to me by my kid. ",79,38,3721,1,"Below is an instruction that describes a sentiment analysis task.

### Instruction:
Given the following text, please determine if it should be classified as funny or not funny. Base your classification on humor elements such as wit, irony, absurdity, or comedic timing.

### Input:
What does a drunken ghost say? Booooooooooooooooooze

As told to me by my kid. 

### Response:
",Yes
jazzguitarma,https://old.reddit.com/r/dadjokes/comments/qif0sg/i_have_two_egyptian_trumpets/,2021-10-29 15:12:28,"I own two pieces of historical Egyptian musical instruments, which are quite similar in design.",95,1,20268,0,"Below is an instruction that describes a sentiment analysis task.

### Instruction:
Given the following text, please determine if it should be classified as funny or not funny. Base your classification on humor elements such as wit, irony, absurdity, or comedic timing.

### Input:
I own two pieces of historical Egyptian musical instruments, which are quite similar in design.

### Response:
",No
mfitzy87,https://old.reddit.com/r/dadjokes/comments/bww0v9/i_got_into_bar_fight_and_shoved_a_guy_into_a/,2019-06-05 00:01:17,"I got into bar fight and shoved a guy into a light switch on the wall. He looked at me and said, “OH, ITS ON NOW!”",114,59,6510,1,"Below is an instruction that describes a sentiment analysis task.

### Instruction:
Given the following text, please determine if it should be classified as funny or not funny. Base your classification on humor elements such as wit, irony, absurdity, or comedic timing.

### Input:
I got into bar fight and shoved a guy into a light switch on the wall. He looked at me and said, “OH, ITS ON NOW!”

### Response:
",Yes
somethingcliched,https://old.reddit.com/r/dadjokes/comments/r382bi/yoda_in_4k/,2021-11-27 07:14:22,"Yoda in 4K Dad: What did Yoda say when he saw himself in 4K?

Family: No idea

Dad: The detail is strong with this one.",119,1,16441,0,"Below is an instruction that describes a sentiment analysis task.

### Instruction:
Given the following text, please determine if it should be classified as funny or not funny. Base your classification on humor elements such as wit, irony, absurdity, or comedic timing.

### Input:
Yoda in 4K Dad: What did Yoda say when he saw himself in 4K?

Family: No idea

Dad: The detail is strong with this one.

### Response:
",Yes
then_a_suk,https://old.reddit.com/r/dadjokes/comments/qkdi0a/new_month/,2021-11-01 13:01:58,New Month: November 1st. The previous month has ended.,54,1,19844,0,"Below is an instruction that describes a sentiment analysis task.

### Instruction:
Given the following text, please determine if it should be classified as funny or not funny. Base your classification on humor elements such as wit, irony, absurdity, or comedic timing.

### Input:
New Month: November 1st. The previous month has ended.

### Response:
",Yes
metroidfan220,https://old.reddit.com/r/dadjokes/comments/dj5w1b/got_a_new_phone_and_i_went_straight_to_my_lawyers/,2019-10-17 12:45:39,"Got a new phone, and I went straight to my lawyer's office. He suggested I build a case to avoid potential damages.",115,34,8826,1,"Below is an instruction that describes a sentiment analysis task.

### Instruction:
Given the following text, please determine if it should be classified as funny or not funny. Base your classification on humor elements such as wit, irony, absurdity, or comedic timing.

### Input:
Got a new phone, and I went straight to my lawyer's office. He suggested I build a case to avoid potential damages.

### Response:
",Yes
Bishtranger,https://old.reddit.com/r/dadjokes/comments/qayko2/weird_does_not_follow_the_rule_of_i_before_e/,2021-10-18 23:18:36,The word weird does not conform to the rule of “I before e except after c” It's an exception.,93,1,22042,0,"Below is an instruction that describes a sentiment analysis task.

### Instruction:
Given the following text, please determine if it should be classified as funny or not funny. Base your classification on humor elements such as wit, irony, absurdity, or comedic timing.

### Input:
The word weird does not conform to the rule of “I before e except after c” It's an exception.

### Response:
",Yes
Redstone_Rager,https://old.reddit.com/r/dadjokes/comments/8sgfld/my_son_asked_if_we_could_wake_up_and_watch_the/,2018-06-20 07:37:17,"My son asked if we could wake up and watch the sunrise I told him no, but he can watch the dadsleep instead",107,24,900,1,"Below is an instruction that describes a sentiment analysis task.

### Instruction:
Given the following text, please determine if it should be classified as funny or not funny. Base your classification on humor elements such as wit, irony, absurdity, or comedic timing.

### Input:
My son asked if we could wake up and watch the sunrise I told him no, but he can watch the dadsleep instead

### Response:
",Yes
porichoygupto,https://old.reddit.com/r/dadjokes/comments/8m2gtm/my_parents_only_drank_australian_beer_while_i_was/,2018-05-25 15:08:11,My parents only drank Australian beer while I was growing up. I was raised in a Foster family.,94,40,9990,1,"Below is an instruction that describes a sentiment analysis task.

### Instruction:
Given the following text, please determine if it should be classified as funny or not funny. Base your classification on humor elements such as wit, irony, absurdity, or comedic timing.

### Input:
My parents only drank Australian beer while I was growing up. I was raised in a Foster family.

### Response:
",Yes
CYKABlyetGrande,https://old.reddit.com/r/dadjokes/comments/8lq618/why_do_teenagers_group_in_three/,2018-05-24 05:13:14,Why do teenagers group in three? Because they can’t even. ,58,26,2836,1,"Below is an instruction that describes a sentiment analysis task.

### Instruction:
Given the following text, please determine if it should be classified as funny or not funny. Base your classification on humor elements such as wit, irony, absurdity, or comedic timing.

### Input:
Why do teenagers group in three? Because they can’t even. 

### Response:
",Yes
bridge_view,https://old.reddit.com/r/dadjokes/comments/bijkqh/how_did_the_hipster_burn_his_mouth/,2019-04-29 03:03:44,How did the hipster burn his mouth? He sipped his coffee before it was cool.,76,43,2047,1,"Below is an instruction that describes a sentiment analysis task.

### Instruction:
Given the following text, please determine if it should be classified as funny or not funny. Base your classification on humor elements such as wit, irony, absurdity, or comedic timing.

### Input:
How did the hipster burn his mouth? He sipped his coffee before it was cool.

### Response:
",Yes
The90sWereOkay,https://old.reddit.com/r/dadjokes/comments/qyl2tv/i_should_be_a_parttime_philosopher/,2021-11-21 02:36:32,I could consider being a philosopher part-time. I'd reflect on various issues.,78,1,17235,0,"Below is an instruction that describes a sentiment analysis task.

### Instruction:
Given the following text, please determine if it should be classified as funny or not funny. Base your classification on humor elements such as wit, irony, absurdity, or comedic timing.

### Input:
I could consider being a philosopher part-time. I'd reflect on various issues.

### Response:
",Yes
Calthropstu,https://old.reddit.com/r/dadjokes/comments/5ch58v/way_too_many_protesters_around/,2016-11-11 21:52:55,Way too many protesters around. Maybe we should invest in some amateur testers.,79,86,2080,1,"Below is an instruction that describes a sentiment analysis task.

### Instruction:
Given the following text, please determine if it should be classified as funny or not funny. Base your classification on humor elements such as wit, irony, absurdity, or comedic timing.

### Input:
Way too many protesters around. Maybe we should invest in some amateur testers.

### Response:
",Yes
metal_fever,https://old.reddit.com/r/dadjokes/comments/rdz54v/i_accidentally_took_a_double_dose_of_my_anxiety/,2021-12-11 12:50:33,"I mistakenly took extra medication for my nerves. Hopefully, it has a calming effect.",85,1,14748,0,"Below is an instruction that describes a sentiment analysis task.

### Instruction:
Given the following text, please determine if it should be classified as funny or not funny. Base your classification on humor elements such as wit, irony, absurdity, or comedic timing.

### Input:
I mistakenly took extra medication for my nerves. Hopefully, it has a calming effect.

### Response:
",Yes
tiny_rick_tr,https://old.reddit.com/r/dadjokes/comments/qysour/i_like_my_feet_like_i_like_my_corn_chips/,2021-11-21 10:59:41,I prefer my shoes comfortable and practical.,44,1,17211,0,"Below is an instruction that describes a sentiment analysis task.

### Instruction:
Given the following text, please determine if it should be classified as funny or not funny. Base your classification on humor elements such as wit, irony, absurdity, or comedic timing.

### Input:
I prefer my shoes comfortable and practical.

### Response:
",No
moorda,https://old.reddit.com/r/dadjokes/comments/qfures/my_friend_is_struggling_with_his_new_job_posting/,2021-10-26 00:47:45,"My friend is struggling with his new job, distributing the latest edition of a magazine. He has many responsibilities to manage.",128,1,20842,0,"Below is an instruction that describes a sentiment analysis task.

### Instruction:
Given the following text, please determine if it should be classified as funny or not funny. Base your classification on humor elements such as wit, irony, absurdity, or comedic timing.

### Input:
My friend is struggling with his new job, distributing the latest edition of a magazine. He has many responsibilities to manage.

### Response:
",Yes
Eltothebee,https://old.reddit.com/r/dadjokes/comments/crmo6h/i_used_to_illegally_give_weed_to_my_prize_winning/,2019-08-17 14:16:11,"I used to illegally give weed to my prize winning cows, but unfortunately I had to stop.   The steaks were too high",115,45,7732,1,"Below is an instruction that describes a sentiment analysis task.

### Instruction:
Given the following text, please determine if it should be classified as funny or not funny. Base your classification on humor elements such as wit, irony, absurdity, or comedic timing.

### Input:
I used to illegally give weed to my prize winning cows, but unfortunately I had to stop.   The steaks were too high

### Response:
",Yes
TI86,https://old.reddit.com/r/dadjokes/comments/crpkkd/why_do_cows_have_hooves_and_not_feet/,2019-08-17 18:00:08,Why do cows have hooves and not feet Because they lactose,57,242,7221,1,"Below is an instruction that describes a sentiment analysis task.

### Instruction:
Given the following text, please determine if it should be classified as funny or not funny. Base your classification on humor elements such as wit, irony, absurdity, or comedic timing.

### Input:
Why do cows have hooves and not feet Because they lactose

### Response:
",Yes
Morighant,https://old.reddit.com/r/dadjokes/comments/ra8ryb/some_guy_just_threw_an_ice_cube_at_me/,2021-12-06 14:40:37,Someone threw a piece of ice at me in a moment of anger.,56,1,15185,0,"Below is an instruction that describes a sentiment analysis task.

### Instruction:
Given the following text, please determine if it should be classified as funny or not funny. Base your classification on humor elements such as wit, irony, absurdity, or comedic timing.

### Input:
Someone threw a piece of ice at me in a moment of anger.

### Response:
",Yes
Nobida12,https://old.reddit.com/r/dadjokes/comments/h0toao/confucius_knew_the_answers_to_all_of_lifes/,2020-06-11 06:27:45,"Confucius knew the answers to all of life’s questions. The same cannot be said of his twin brother, Confusion.",110,61,2861,1,"Below is an instruction that describes a sentiment analysis task.

### Instruction:
Given the following text, please determine if it should be classified as funny or not funny. Base your classification on humor elements such as wit, irony, absurdity, or comedic timing.

### Input:
Confucius knew the answers to all of life’s questions. The same cannot be said of his twin brother, Confusion.

### Response:
",Yes
Lord_Ardmore,https://old.reddit.com/r/dadjokes/comments/cbngi7/my_father_always_stored_his_coin_collection_in/,2019-07-10 22:28:03,My father always stored his coin collection in Altoids tins... He claimed it kept them in mint condition,104,21,7808,1,"Below is an instruction that describes a sentiment analysis task.

### Instruction:
Given the following text, please determine if it should be classified as funny or not funny. Base your classification on humor elements such as wit, irony, absurdity, or comedic timing.

### Input:
My father always stored his coin collection in Altoids tins... He claimed it kept them in mint condition

### Response:
",Yes
moorda,https://old.reddit.com/r/dadjokes/comments/qplodb/i_dont_think_ill_go_wake_boarding_again/,2021-11-08 19:54:59,I don’t think I’ll participate in sports at a funeral again. It didn't seem appropriate to others in attendance.,112,1,18955,0,"Below is an instruction that describes a sentiment analysis task.

### Instruction:
Given the following text, please determine if it should be classified as funny or not funny. Base your classification on humor elements such as wit, irony, absurdity, or comedic timing.

### Input:
I don’t think I’ll participate in sports at a funeral again. It didn't seem appropriate to others in attendance.

### Response:
",Yes
hyejooloveclub,https://old.reddit.com/r/dadjokes/comments/qsuqh2/i_spent_the_entire_afternoon_trying_to_convince/,2021-11-13 05:57:52,"I spent the afternoon trying to get a DVD from my friend, but they were reluctant to lend it out.",97,1,18345,0,"Below is an instruction that describes a sentiment analysis task.

### Instruction:
Given the following text, please determine if it should be classified as funny or not funny. Base your classification on humor elements such as wit, irony, absurdity, or comedic timing.

### Input:
I spent the afternoon trying to get a DVD from my friend, but they were reluctant to lend it out.

### Response:
",Yes
DENelson83,https://old.reddit.com/r/dadjokes/comments/r09bu7/why_would_a_criminal_only_rob_a_bank_at_noon/,2021-11-23 09:14:18,Why would someone only visit a bank at a specific time? To ensure they're punctual for their appointment.,105,1,16963,0,"Below is an instruction that describes a sentiment analysis task.

### Instruction:
Given the following text, please determine if it should be classified as funny or not funny. Base your classification on humor elements such as wit, irony, absurdity, or comedic timing.

### Input:
Why would someone only visit a bank at a specific time? To ensure they're punctual for their appointment.

### Response:
",Yes
khanglikestowin,https://old.reddit.com/r/dadjokes/comments/d1vsk0/why_do_north_koreans_draw_such_perfect_lines/,2019-09-09 19:33:28,Why do North Koreans draw such perfect lines? Because they have a supreme ruler.,80,20,1463,1,"Below is an instruction that describes a sentiment analysis task.

### Instruction:
Given the following text, please determine if it should be classified as funny or not funny. Base your classification on humor elements such as wit, irony, absurdity, or comedic timing.

### Input:
Why do North Koreans draw such perfect lines? Because they have a supreme ruler.

### Response:
",Yes
MALESTROMME,https://old.reddit.com/r/dadjokes/comments/rgoidr/what_did_the_big_guitar_say_to_the_little_guitar/,2021-12-15 02:48:16,"What did the big guitar say to the little one? ""You look up to me.""",67,1,14170,0,"Below is an instruction that describes a sentiment analysis task.

### Instruction:
Given the following text, please determine if it should be classified as funny or not funny. Base your classification on humor elements such as wit, irony, absurdity, or comedic timing.

### Input:
What did the big guitar say to the little one? ""You look up to me.""

### Response:
",Yes
The_Pun-ishing_One,https://old.reddit.com/r/dadjokes/comments/rj99xv/last_night_me_and_my_girlfriend_watched_three/,2021-12-18 15:03:59,"Last night my partner and I watched several movies in succession. Fortunately, I had the comfortable seat.",106,1,13644,0,"Below is an instruction that describes a sentiment analysis task.

### Instruction:
Given the following text, please determine if it should be classified as funny or not funny. Base your classification on humor elements such as wit, irony, absurdity, or comedic timing.

### Input:
Last night my partner and I watched several movies in succession. Fortunately, I had the comfortable seat.

### Response:
",Yes
Gingi0,https://old.reddit.com/r/dadjokes/comments/qghmmo/i_was_worried_about_my_wrinkly_shirt/,2021-10-26 22:12:35,I was concerned about my wrinkled shirt. But I realized it just needed ironing.,79,1,20696,0,"Below is an instruction that describes a sentiment analysis task.

### Instruction:
Given the following text, please determine if it should be classified as funny or not funny. Base your classification on humor elements such as wit, irony, absurdity, or comedic timing.

### Input:
I was concerned about my wrinkled shirt. But I realized it just needed ironing.

### Response:
",Yes
M-comment,https://old.reddit.com/r/dadjokes/comments/aumtlp/i_tried_to_get_into_the_chandelier_business/,2019-02-25 16:06:03,I tried to get into the chandelier business... But there was too much overhead. ,80,20,310,1,"Below is an instruction that describes a sentiment analysis task.

### Instruction:
Given the following text, please determine if it should be classified as funny or not funny. Base your classification on humor elements such as wit, irony, absurdity, or comedic timing.

### Input:
I tried to get into the chandelier business... But there was too much overhead. 

### Response:
",Yes
if_only_only_if,https://old.reddit.com/r/dadjokes/comments/rfoxfp/bored_at_work_sent_this_to_the_kids_and_got_an/,2021-12-13 20:14:56,"Feeling spontaneous, I sent a playful message to my kids about our dinner plans.",80,1,14364,0,"Below is an instruction that describes a sentiment analysis task.

### Instruction:
Given the following text, please determine if it should be classified as funny or not funny. Base your classification on humor elements such as wit, irony, absurdity, or comedic timing.

### Input:
Feeling spontaneous, I sent a playful message to my kids about our dinner plans.

### Response:
",Yes
superfectamaster,https://old.reddit.com/r/dadjokes/comments/askr9m/i_am_not_going_to_vaccinate_my_children/,2019-02-20 06:02:32,I am not going to vaccinate my children But their doctor is,59,23,2835,1,"Below is an instruction that describes a sentiment analysis task.

### Instruction:
Given the following text, please determine if it should be classified as funny or not funny. Base your classification on humor elements such as wit, irony, absurdity, or comedic timing.

### Input:
I am not going to vaccinate my children But their doctor is

### Response:
",Yes
MajorRobotnik,https://old.reddit.com/r/dadjokes/comments/8y251f/why_dont_seagulls_fly_over_the_bay/,2018-07-11 18:31:47,Why don't seagulls fly over the bay? Because then they would be bagels ,71,102,1132,1,"Below is an instruction that describes a sentiment analysis task.

### Instruction:
Given the following text, please determine if it should be classified as funny or not funny. Base your classification on humor elements such as wit, irony, absurdity, or comedic timing.

### Input:
Why don't seagulls fly over the bay? Because then they would be bagels 

### Response:
",Yes
HuangWaang,https://old.reddit.com/r/dadjokes/comments/rp6k1r/if_sweet_dreams_are_made_of_cheese/,2021-12-26 21:44:47,If sweet dreams are composed of wishes... who am I to criticize?,64,1,12398,0,"Below is an instruction that describes a sentiment analysis task.

### Instruction:
Given the following text, please determine if it should be classified as funny or not funny. Base your classification on humor elements such as wit, irony, absurdity, or comedic timing.

### Input:
If sweet dreams are composed of wishes... who am I to criticize?

### Response:
",Yes
Fortains,https://old.reddit.com/r/dadjokes/comments/c5e85b/if_you_had_a_bisexual_son_wouldnt_he_just_be/,2019-06-25 19:58:48,"If you had a bisexual son, wouldn't he just be called a... ... bison :P",71,92,1548,1,"Below is an instruction that describes a sentiment analysis task.

### Instruction:
Given the following text, please determine if it should be classified as funny or not funny. Base your classification on humor elements such as wit, irony, absurdity, or comedic timing.

### Input:
If you had a bisexual son, wouldn't he just be called a... ... bison :P

### Response:
",Yes
Ihavenolifes,https://old.reddit.com/r/dadjokes/comments/qmk9r0/you_show_me_hardcore_incest_porn/,2021-11-04 13:12:57,You analyze problematic content... it often requires psychological evaluation.,78,1,19536,0,"Below is an instruction that describes a sentiment analysis task.

### Instruction:
Given the following text, please determine if it should be classified as funny or not funny. Base your classification on humor elements such as wit, irony, absurdity, or comedic timing.

### Input:
You analyze problematic content... it often requires psychological evaluation.

### Response:
",Yes
JoeyElbano,https://old.reddit.com/r/dadjokes/comments/9f0495/why_is_frozen_yogurt_better_than_regular_yogurt/,2018-09-11 18:31:37,Why is frozen yogurt better than regular yogurt? It’s cooler,60,26,4410,1,"Below is an instruction that describes a sentiment analysis task.

### Instruction:
Given the following text, please determine if it should be classified as funny or not funny. Base your classification on humor elements such as wit, irony, absurdity, or comedic timing.

### Input:
Why is frozen yogurt better than regular yogurt? It’s cooler

### Response:
",Yes
Automatic_Debt_2465,https://old.reddit.com/r/dadjokes/comments/nzhm1m/i_made_a_belt_out_of_the_old_watches_i_found_in/,2021-06-14 07:53:59,I made a belt out of the old watches I found in my attic. It was a waist of time.,81,50,10432,1,"Below is an instruction that describes a sentiment analysis task.

### Instruction:
Given the following text, please determine if it should be classified as funny or not funny. Base your classification on humor elements such as wit, irony, absurdity, or comedic timing.

### Input:
I made a belt out of the old watches I found in my attic. It was a waist of time.

### Response:
",Yes
porichoygupto,https://old.reddit.com/r/dadjokes/comments/d9lur3/driving_my_wife_hey_you_missed_a_right/,2019-09-26 16:17:14,"[Driving] My wife: Hey, you missed a right. Me: Thanks babe. You Mrs. Right.",76,10512,6321,1,"Below is an instruction that describes a sentiment analysis task.

### Instruction:
Given the following text, please determine if it should be classified as funny or not funny. Base your classification on humor elements such as wit, irony, absurdity, or comedic timing.

### Input:
[Driving] My wife: Hey, you missed a right. Me: Thanks babe. You Mrs. Right.

### Response:
",Yes
peter_stark_3k,https://old.reddit.com/r/dadjokes/comments/rmhx68/why_is_it_so_hard_to_take_sea_monsters_seriously/,2021-12-22 23:38:20,Why is it so hard to understand sea monsters? Because their legends are often exaggerated!,90,1,12994,0,"Below is an instruction that describes a sentiment analysis task.

### Instruction:
Given the following text, please determine if it should be classified as funny or not funny. Base your classification on humor elements such as wit, irony, absurdity, or comedic timing.

### Input:
Why is it so hard to understand sea monsters? Because their legends are often exaggerated!

### Response:
",Yes
Linky_Slinky,https://old.reddit.com/r/dadjokes/comments/reh5mj/i_hate_the_people_that_used_to_give_me_human_flesh/,2021-12-12 04:37:30,I dislike people who are insensitive. They can be dismissive and aloof.,71,1,14629,0,"Below is an instruction that describes a sentiment analysis task.

### Instruction:
Given the following text, please determine if it should be classified as funny or not funny. Base your classification on humor elements such as wit, irony, absurdity, or comedic timing.

### Input:
I dislike people who are insensitive. They can be dismissive and aloof.

### Response:
",Yes
UltimateAnemone,https://old.reddit.com/r/dadjokes/comments/qg81ts/why_did_the_dwarf_get_arrested/,2021-10-26 14:49:30,Why was the criminal of short stature apprehended? For breaking the law.,72,1,20749,0,"Below is an instruction that describes a sentiment analysis task.

### Instruction:
Given the following text, please determine if it should be classified as funny or not funny. Base your classification on humor elements such as wit, irony, absurdity, or comedic timing.

### Input:
Why was the criminal of short stature apprehended? For breaking the law.

### Response:
",Yes
Questi0nRea1ity,https://old.reddit.com/r/dadjokes/comments/qev2yd/whats_in_a_name/,2021-10-24 16:03:35,What's significant about a name brand with a vehicle snorkel: it shows capability for water crossings.,102,1,21093,0,"Below is an instruction that describes a sentiment analysis task.

### Instruction:
Given the following text, please determine if it should be classified as funny or not funny. Base your classification on humor elements such as wit, irony, absurdity, or comedic timing.

### Input:
What's significant about a name brand with a vehicle snorkel: it shows capability for water crossings.

### Response:
",Yes
liamo000,https://old.reddit.com/r/dadjokes/comments/rvufp8/what_time_did_sean_connery_normally_make_it_to/,1/4/2022 13:30,What time did Sean Connery normally arrive at Wimbledon? Around ten.,68,1,11045,0,"Below is an instruction that describes a sentiment analysis task.

### Instruction:
Given the following text, please determine if it should be classified as funny or not funny. Base your classification on humor elements such as wit, irony, absurdity, or comedic timing.

### Input:
What time did Sean Connery normally arrive at Wimbledon? Around ten.

### Response:
",Yes
Theeclat,https://old.reddit.com/r/dadjokes/comments/r2572e/what_is_it_called_when_you_are_afraid_of_the/,2021-11-25 20:06:17,What is the concern called about the environmental impact? Climate change awareness,83,1,16645,0,"Below is an instruction that describes a sentiment analysis task.

### Instruction:
Given the following text, please determine if it should be classified as funny or not funny. Base your classification on humor elements such as wit, irony, absurdity, or comedic timing.

### Input:
What is the concern called about the environmental impact? Climate change awareness

### Response:
",No
Metalingus03,https://old.reddit.com/r/dadjokes/comments/bfymrv/i_did_a_good_deed_today_i_saw_a_homeless_man/,2019-04-22 06:01:41,"I did a good deed today. I saw a homeless man living in a tyre and I punctured it... How is that a good deed you ask?

Well now he lives in a flat!",147,22,9620,1,"Below is an instruction that describes a sentiment analysis task.

### Instruction:
Given the following text, please determine if it should be classified as funny or not funny. Base your classification on humor elements such as wit, irony, absurdity, or comedic timing.

### Input:
I did a good deed today. I saw a homeless man living in a tyre and I punctured it... How is that a good deed you ask?

Well now he lives in a flat!

### Response:
",Yes
Un-Named,https://old.reddit.com/r/dadjokes/comments/6p3i5h/did_you_hear_about_the_guy_who_overdosed_on/,2017-07-23 20:04:02,Did you hear about the guy who overdosed on cheese and crisps? He died of nacho-ral causes.,91,37,10164,1,"Below is an instruction that describes a sentiment analysis task.

### Instruction:
Given the following text, please determine if it should be classified as funny or not funny. Base your classification on humor elements such as wit, irony, absurdity, or comedic timing.

### Input:
Did you hear about the guy who overdosed on cheese and crisps? He died of nacho-ral causes.

### Response:
",Yes
Talquin,https://old.reddit.com/r/dadjokes/comments/8q4ksl/why_dont_you_ever_see_a_rich_cheetah/,2018-06-10 22:45:23,Why dont you ever see a rich cheetah? Because cheetahs never prosper. ,70,27,4164,1,"Below is an instruction that describes a sentiment analysis task.

### Instruction:
Given the following text, please determine if it should be classified as funny or not funny. Base your classification on humor elements such as wit, irony, absurdity, or comedic timing.

### Input:
Why dont you ever see a rich cheetah? Because cheetahs never prosper. 

### Response:
",Yes
Cyan-180,https://old.reddit.com/r/dadjokes/comments/r1dobi/my_son_just_came_out/,2021-11-24 19:55:17,My son just came out; Mother and baby are doing well.,53,1,16798,0,"Below is an instruction that describes a sentiment analysis task.

### Instruction:
Given the following text, please determine if it should be classified as funny or not funny. Base your classification on humor elements such as wit, irony, absurdity, or comedic timing.

### Input:
My son just came out; Mother and baby are doing well.

### Response:
",No
XHeraclitusX,https://old.reddit.com/r/dadjokes/comments/rikdfv/what_type_of_bug_hates_christmas/,2021-12-17 15:53:41,What type of insect is known for its aversion to celebrations? A species that is more active during other seasons.,114,1,13761,0,"Below is an instruction that describes a sentiment analysis task.

### Instruction:
Given the following text, please determine if it should be classified as funny or not funny. Base your classification on humor elements such as wit, irony, absurdity, or comedic timing.

### Input:
What type of insect is known for its aversion to celebrations? A species that is more active during other seasons.

### Response:
",Yes
meepsmops,https://old.reddit.com/r/dadjokes/comments/96h8d6/a_termite_walks_into_a_bar_and_says_hey/,2018-08-11 15:12:58,"A termite walks into a bar and says, “Hey!” “Where’s the bar tender?”",69,39,2501,1,"Below is an instruction that describes a sentiment analysis task.

### Instruction:
Given the following text, please determine if it should be classified as funny or not funny. Base your classification on humor elements such as wit, irony, absurdity, or comedic timing.

### Input:
A termite walks into a bar and says, “Hey!” “Where’s the bar tender?”

### Response:
",Yes
Pandiax,https://old.reddit.com/r/dadjokes/comments/qz20mm/i_heard_about_people_cow_tipping_the_other_day/,2021-11-21 19:10:48,I heard about people cow tipping the other day. I thought it was strange as cows need to be sleeping to tip.,108,1,17162,0,"Below is an instruction that describes a sentiment analysis task.

### Instruction:
Given the following text, please determine if it should be classified as funny or not funny. Base your classification on humor elements such as wit, irony, absurdity, or comedic timing.

### Input:
I heard about people cow tipping the other day. I thought it was strange as cows need to be sleeping to tip.

### Response:
",Yes
HugoZHackenbush2,https://old.reddit.com/r/dadjokes/comments/qeqvvd/i_looked_out_the_bedroom_window_this_morning_and/,2021-10-24 12:07:11,"I looked out the bedroom window this morning, and my car was completely covered in fallen leaves. It looked like the tree had shed all at once.",143,1,21122,0,"Below is an instruction that describes a sentiment analysis task.

### Instruction:
Given the following text, please determine if it should be classified as funny or not funny. Base your classification on humor elements such as wit, irony, absurdity, or comedic timing.

### Input:
I looked out the bedroom window this morning, and my car was completely covered in fallen leaves. It looked like the tree had shed all at once.

### Response:
",Yes
kaoskrim,https://old.reddit.com/r/dadjokes/comments/qs5iev/what_do_u_call_100_epileptics_in_a_lettuce_field/,2021-11-12 06:49:16,What do you find in a field of lettuce? A variety of vegetables.,64,1,18503,0,"Below is an instruction that describes a sentiment analysis task.

### Instruction:
Given the following text, please determine if it should be classified as funny or not funny. Base your classification on humor elements such as wit, irony, absurdity, or comedic timing.

### Input:
What do you find in a field of lettuce? A variety of vegetables.

### Response:
",Yes
porichoygupto,https://old.reddit.com/r/dadjokes/comments/b3omd2/my_wife_forgot_the_code_to_her_luggage_but_i/,2019-03-21 09:51:21,"My wife forgot the code to her luggage, but I figured it out. You can say... I solved the case.",95,8266,7598,1,"Below is an instruction that describes a sentiment analysis task.

### Instruction:
Given the following text, please determine if it should be classified as funny or not funny. Base your classification on humor elements such as wit, irony, absurdity, or comedic timing.

### Input:
My wife forgot the code to her luggage, but I figured it out. You can say... I solved the case.

### Response:
",Yes
oh-n0-im-still-here,https://old.reddit.com/r/dadjokes/comments/cfft7o/my_friend_says_to_me_what_rhymes_with_orange/,2019-07-20 00:59:26,My friend says to me “what rhymes with orange?” And I tell her “no it doesn’t!”,79,24,7750,1,"Below is an instruction that describes a sentiment analysis task.

### Instruction:
Given the following text, please determine if it should be classified as funny or not funny. Base your classification on humor elements such as wit, irony, absurdity, or comedic timing.

### Input:
My friend says to me “what rhymes with orange?” And I tell her “no it doesn’t!”

### Response:
",Yes
plantysenpai,https://old.reddit.com/r/dadjokes/comments/rigzcq/captain_kirk_has_been_known_to_use_some_drugs_in/,2021-12-17 13:02:56,"Captain Kirk has since abandoned his old habits, focusing solely on his career.",79,1,13786,0,"Below is an instruction that describes a sentiment analysis task.

### Instruction:
Given the following text, please determine if it should be classified as funny or not funny. Base your classification on humor elements such as wit, irony, absurdity, or comedic timing.

### Input:
Captain Kirk has since abandoned his old habits, focusing solely on his career.

### Response:
",Yes
JediRustyy,https://old.reddit.com/r/dadjokes/comments/qctdfl/life_is_like_a_penis/,2021-10-21 14:43:02,Life is challenging by various external factors.,48,1,21668,0,"Below is an instruction that describes a sentiment analysis task.

### Instruction:
Given the following text, please determine if it should be classified as funny or not funny. Base your classification on humor elements such as wit, irony, absurdity, or comedic timing.

### Input:
Life is challenging by various external factors.

### Response:
",No
SerbianTarHeel,https://old.reddit.com/r/dadjokes/comments/bte30j/my_wife_asked_me_if_she_could_have_some_peace_and/,2019-05-26 22:19:23,My wife asked me if she could have some peace and quiet while she tried to cook... So I took the batteries out of the smoke alarm.,130,74,4535,1,"Below is an instruction that describes a sentiment analysis task.

### Instruction:
Given the following text, please determine if it should be classified as funny or not funny. Base your classification on humor elements such as wit, irony, absurdity, or comedic timing.

### Input:
My wife asked me if she could have some peace and quiet while she tried to cook... So I took the batteries out of the smoke alarm.

### Response:
",Yes
chaosTechnician,https://old.reddit.com/r/dadjokes/comments/lamy7w/my_8_year_old_finished_eating_dinner/,2021-02-02 04:03:30,"My 8 year old finished eating dinner 8yo: ""There, I ate!""

Me [points at 9yo]: ""Good job! She nine.""

8yo: 🤔? 

9yo: ""Ugh. Because I'm nine and you're eight. You _ate_. I _nine_?"" 

8yo: ""Daaaad!""",196,489,10887,1,"Below is an instruction that describes a sentiment analysis task.

### Instruction:
Given the following text, please determine if it should be classified as funny or not funny. Base your classification on humor elements such as wit, irony, absurdity, or comedic timing.

### Input:
My 8 year old finished eating dinner 8yo: ""There, I ate!""

Me [points at 9yo]: ""Good job! She nine.""

8yo: 🤔? 

9yo: ""Ugh. Because I'm nine and you're eight. You _ate_. I _nine_?"" 

8yo: ""Daaaad!""

### Response:
",Yes
wimpykidfan37,https://old.reddit.com/r/dadjokes/comments/qhcfbp/a_skeleton_walks_into_a_restaurant_and_says_to/,2021-10-28 02:07:07,"A customer walks into a restaurant and says to the waiter, ""I'll have the soup de jour, please.""",96,1,20521,0,"Below is an instruction that describes a sentiment analysis task.

### Instruction:
Given the following text, please determine if it should be classified as funny or not funny. Base your classification on humor elements such as wit, irony, absurdity, or comedic timing.

### Input:
A customer walks into a restaurant and says to the waiter, ""I'll have the soup de jour, please.""

### Response:
",Yes
TheFuzzyWhiteBoy420,https://old.reddit.com/r/dadjokes/comments/r8r9el/someone_threw_a_bottle_of_mayonnaise_at_me/,2021-12-04 14:53:46,Someone threw a bottle of mayonnaise at me. It was quite a surprise.,68,1,15459,0,"Below is an instruction that describes a sentiment analysis task.

### Instruction:
Given the following text, please determine if it should be classified as funny or not funny. Base your classification on humor elements such as wit, irony, absurdity, or comedic timing.

### Input:
Someone threw a bottle of mayonnaise at me. It was quite a surprise.

### Response:
",Yes
FitTucker0513,https://old.reddit.com/r/dadjokes/comments/rls914/why_did_google_hire_santa_for_the_it_dept/,2021-12-22 00:22:24,Why did Google employ an expert for the IT dept? Because he excels in data management.,86,1,13132,0,"Below is an instruction that describes a sentiment analysis task.

### Instruction:
Given the following text, please determine if it should be classified as funny or not funny. Base your classification on humor elements such as wit, irony, absurdity, or comedic timing.

### Input:
Why did Google employ an expert for the IT dept? Because he excels in data management.

### Response:
",Yes
slacker604,https://old.reddit.com/r/dadjokes/comments/r39les/my_wife_was_sad_at_how_her_ibs_stomachs_aches_and/,2021-11-27 08:58:18,My wife was struggling with her IBS stomach pains. I sympathized with her discomfort.,85,1,16433,0,"Below is an instruction that describes a sentiment analysis task.

### Instruction:
Given the following text, please determine if it should be classified as funny or not funny. Base your classification on humor elements such as wit, irony, absurdity, or comedic timing.

### Input:
My wife was struggling with her IBS stomach pains. I sympathized with her discomfort.

### Response:
",Yes
phillydog1,https://old.reddit.com/r/dadjokes/comments/dgnezb/a_cowboy_counted_48_horses_on_his_property_but/,2019-10-11 23:55:52,"A cowboy counted 48 horses on his property, but when he rounded them up... he had 50.",85,31,9732,1,"Below is an instruction that describes a sentiment analysis task.

### Instruction:
Given the following text, please determine if it should be classified as funny or not funny. Base your classification on humor elements such as wit, irony, absurdity, or comedic timing.

### Input:
A cowboy counted 48 horses on his property, but when he rounded them up... he had 50.

### Response:
",Yes
mediumfanta,https://old.reddit.com/r/dadjokes/comments/7hoagx/there_was_a_shooting_today/,2017-12-05 08:03:37,"There was a shooting today, The suspect used a starting pistol. 

They say it was race related",94,4319,5160,1,"Below is an instruction that describes a sentiment analysis task.

### Instruction:
Given the following text, please determine if it should be classified as funny or not funny. Base your classification on humor elements such as wit, irony, absurdity, or comedic timing.

### Input:
There was a shooting today, The suspect used a starting pistol. 

They say it was race related

### Response:
",Yes
Middleparkers,https://old.reddit.com/r/dadjokes/comments/rtrcaj/im_shattered_today_my_dog_kept_me_up_all_night/,1/1/2022 20:09,I'm exhausted today; my dog kept me up all night needing attention.,67,1,11481,0,"Below is an instruction that describes a sentiment analysis task.

### Instruction:
Given the following text, please determine if it should be classified as funny or not funny. Base your classification on humor elements such as wit, irony, absurdity, or comedic timing.

### Input:
I'm exhausted today; my dog kept me up all night needing attention.

### Response:
",Yes
SlugBoy42,https://old.reddit.com/r/dadjokes/comments/armvyx/did_you_hear_about_the_photographer_who_got_lost/,2019-02-17 17:46:02,Did you hear about the photographer who got lost in the woods? He died of exposure. ,84,57,333,1,"Below is an instruction that describes a sentiment analysis task.

### Instruction:
Given the following text, please determine if it should be classified as funny or not funny. Base your classification on humor elements such as wit, irony, absurdity, or comedic timing.

### Input:
Did you hear about the photographer who got lost in the woods? He died of exposure. 

### Response:
",Yes
WDizzle,https://old.reddit.com/r/dadjokes/comments/qf3us7/did_you_know_that_mortal_kombat_is_based_off_an/,2021-10-24 23:24:54,"Did you know that Mortal Kombat is based off an old Scandinavian church song? Yes, it’s inspired by traditional hymns.",118,1,21043,0,"Below is an instruction that describes a sentiment analysis task.

### Instruction:
Given the following text, please determine if it should be classified as funny or not funny. Base your classification on humor elements such as wit, irony, absurdity, or comedic timing.

### Input:
Did you know that Mortal Kombat is based off an old Scandinavian church song? Yes, it’s inspired by traditional hymns.

### Response:
",Yes
TheRealNiftyNate,https://old.reddit.com/r/dadjokes/comments/qh559d/what_does_an_aggie_cow_say/,2021-10-27 19:58:23,What sound does a cow associated with a university make? It vocalizes a distinctive moo.,88,1,20567,0,"Below is an instruction that describes a sentiment analysis task.

### Instruction:
Given the following text, please determine if it should be classified as funny or not funny. Base your classification on humor elements such as wit, irony, absurdity, or comedic timing.

### Input:
What sound does a cow associated with a university make? It vocalizes a distinctive moo.

### Response:
",Yes
vagdryna,https://old.reddit.com/r/dadjokes/comments/cwl6tg/why_were_the_rappers_late_for_their_flight/,2019-08-28 13:58:44,Why were the rappers late for their flight? They forgot Tupac,61,23,5644,1,"Below is an instruction that describes a sentiment analysis task.

### Instruction:
Given the following text, please determine if it should be classified as funny or not funny. Base your classification on humor elements such as wit, irony, absurdity, or comedic timing.

### Input:
Why were the rappers late for their flight? They forgot Tupac

### Response:
",Yes
GetMeAReubenSandwich,https://old.reddit.com/r/dadjokes/comments/qr4qfs/where_do_you_get_dragon_milk/,2021-11-10 21:31:04,Where do you find unusually large milk? From a cow bred for high yield.,71,1,18662,0,"Below is an instruction that describes a sentiment analysis task.

### Instruction:
Given the following text, please determine if it should be classified as funny or not funny. Base your classification on humor elements such as wit, irony, absurdity, or comedic timing.

### Input:
Where do you find unusually large milk? From a cow bred for high yield.

### Response:
",Yes
Vendidurt,https://old.reddit.com/r/dadjokes/comments/qk6ygn/i_travelled_in_time_from_1985_to_tell_you/,2021-11-01 05:07:05,I've been anticipating meeting you for a long time.,51,1,19882,0,"Below is an instruction that describes a sentiment analysis task.

### Instruction:
Given the following text, please determine if it should be classified as funny or not funny. Base your classification on humor elements such as wit, irony, absurdity, or comedic timing.

### Input:
I've been anticipating meeting you for a long time.

### Response:
",Yes
CapitalBread6959,https://old.reddit.com/r/dadjokes/comments/qh8mlp/if_two_vegans_fight/,2021-10-27 22:43:22,"If two people disagree, they have a misunderstanding.",53,1,20550,0,"Below is an instruction that describes a sentiment analysis task.

### Instruction:
Given the following text, please determine if it should be classified as funny or not funny. Base your classification on humor elements such as wit, irony, absurdity, or comedic timing.

### Input:
If two people disagree, they have a misunderstanding.

### Response:
",Yes
i-am-froot,https://old.reddit.com/r/dadjokes/comments/cw35zm/what_do_you_call_a_dog_with_no_legs/,2019-08-27 11:35:03,"What do you call a dog with no legs? You can call it anything, it ain't gonna come.",83,86,2630,1,"Below is an instruction that describes a sentiment analysis task.

### Instruction:
Given the following text, please determine if it should be classified as funny or not funny. Base your classification on humor elements such as wit, irony, absurdity, or comedic timing.

### Input:
What do you call a dog with no legs? You can call it anything, it ain't gonna come.

### Response:
",Yes
Psychological_Ant847,https://old.reddit.com/r/dadjokes/comments/rfevem/johns_chest_is_out_of_shape_because_he_is_too_shy/,2021-12-13 12:42:50,John's chest is out of shape because he is too shy to exercise alone. He is in desperate need of support.,105,1,14428,0,"Below is an instruction that describes a sentiment analysis task.

### Instruction:
Given the following text, please determine if it should be classified as funny or not funny. Base your classification on humor elements such as wit, irony, absurdity, or comedic timing.

### Input:
John's chest is out of shape because he is too shy to exercise alone. He is in desperate need of support.

### Response:
",Yes
porichoygupto,https://old.reddit.com/r/dadjokes/comments/azrx0e/getting_my_kite_stuck_in_a_tree_is_not_one_of_my/,2019-03-11 10:40:12,Getting my kite stuck in a tree is not one of my favourite childhood memories. But it’s definitely up there.,108,36,4812,1,"Below is an instruction that describes a sentiment analysis task.

### Instruction:
Given the following text, please determine if it should be classified as funny or not funny. Base your classification on humor elements such as wit, irony, absurdity, or comedic timing.

### Input:
Getting my kite stuck in a tree is not one of my favourite childhood memories. But it’s definitely up there.

### Response:
",Yes
Concupiscence_Maven,https://old.reddit.com/r/dadjokes/comments/qrdcxp/every_morning_i_announce_loudly_to_my_family_that/,2021-11-11 04:59:14,"Every morning I remind my family of the importance of exercise, but I often miss the opportunity to go jogging myself.",118,1,18615,0,"Below is an instruction that describes a sentiment analysis task.

### Instruction:
Given the following text, please determine if it should be classified as funny or not funny. Base your classification on humor elements such as wit, irony, absurdity, or comedic timing.

### Input:
Every morning I remind my family of the importance of exercise, but I often miss the opportunity to go jogging myself.

### Response:
",Yes
TheyCallMeDrAsshole,https://old.reddit.com/r/dadjokes/comments/g1q33x/some_people_see_add_as_a_problem/,2020-04-15 11:22:44,Some people see ADD as a problem I prefer to see it as a plus,61,196,3714,1,"Below is an instruction that describes a sentiment analysis task.

### Instruction:
Given the following text, please determine if it should be classified as funny or not funny. Base your classification on humor elements such as wit, irony, absurdity, or comedic timing.

### Input:
Some people see ADD as a problem I prefer to see it as a plus

### Response:
",Yes
TheManicMonocle,https://old.reddit.com/r/dadjokes/comments/9blpvb/why_did_the_exorcist_learn_karate/,2018-08-30 17:34:20,Why did the exorcist learn karate? So he could beat the hell out of people.,75,36,10784,1,"Below is an instruction that describes a sentiment analysis task.

### Instruction:
Given the following text, please determine if it should be classified as funny or not funny. Base your classification on humor elements such as wit, irony, absurdity, or comedic timing.

### Input:
Why did the exorcist learn karate? So he could beat the hell out of people.

### Response:
",Yes
Nickatier_Carbs,https://old.reddit.com/r/dadjokes/comments/rta6uq/before_you_go_to_bed_tonight/,1/1/2022 3:12,"Before going to sleep, you can look forward to a fresh start in the new year.",77,1,11607,0,"Below is an instruction that describes a sentiment analysis task.

### Instruction:
Given the following text, please determine if it should be classified as funny or not funny. Base your classification on humor elements such as wit, irony, absurdity, or comedic timing.

### Input:
Before going to sleep, you can look forward to a fresh start in the new year.

### Response:
",Yes
Cheap_Molasses_1687,https://old.reddit.com/r/dadjokes/comments/qd5hpn/what_washes_up_on_very_small_beaches/,2021-10-22 00:43:37,What comes ashore on tiny beaches? Little shells.,49,1,21583,0,"Below is an instruction that describes a sentiment analysis task.

### Instruction:
Given the following text, please determine if it should be classified as funny or not funny. Base your classification on humor elements such as wit, irony, absurdity, or comedic timing.

### Input:
What comes ashore on tiny beaches? Little shells.

### Response:
",Yes
coughdrop1989,https://old.reddit.com/r/dadjokes/comments/cygui4/how_many_south_americans_does_it_take_to_change_a/,2019-09-01 22:55:57,How many South Americans does it take to change a lightbulb? A Brazilian.,73,89,7449,1,"Below is an instruction that describes a sentiment analysis task.

### Instruction:
Given the following text, please determine if it should be classified as funny or not funny. Base your classification on humor elements such as wit, irony, absurdity, or comedic timing.

### Input:
How many South Americans does it take to change a lightbulb? A Brazilian.

### Response:
",Yes
nemorefert,https://old.reddit.com/r/dadjokes/comments/rcxmso/i_thought_of_an_electricity_joke_but_i_forgot_it/,2021-12-10 02:18:31,"I thought of an electricity joke but I forgot it. I just remember it involved large amounts of energy being applied to move an electric charge. It's a shame I forgot, it had a lot of potential.
- I forgot the details of a concept in physics involving the potential energy related to electric charges.",300,1,14923,0,"Below is an instruction that describes a sentiment analysis task.

### Instruction:
Given the following text, please determine if it should be classified as funny or not funny. Base your classification on humor elements such as wit, irony, absurdity, or comedic timing.

### Input:
I thought of an electricity joke but I forgot it. I just remember it involved large amounts of energy being applied to move an electric charge. It's a shame I forgot, it had a lot of potential.
- I forgot the details of a concept in physics involving the potential energy related to electric charges.

### Response:
",Yes
Landen10e,https://old.reddit.com/r/dadjokes/comments/rre4rx/just_started_to_get_into_collecting_and_i_have/,12/29/2021 17:55,"I've recently begun collecting, and I have a variety of candy canes.",68,1,12025,0,"Below is an instruction that describes a sentiment analysis task.

### Instruction:
Given the following text, please determine if it should be classified as funny or not funny. Base your classification on humor elements such as wit, irony, absurdity, or comedic timing.

### Input:
I've recently begun collecting, and I have a variety of candy canes.

### Response:
",Yes
I_Think_Naught,https://old.reddit.com/r/dadjokes/comments/7rj5w9/i_love_it_when_my_kids_dont_get_the_joke_until/,2018-01-19 15:46:06,"I love it when my kids don't get the joke until the next day... Hear today, groan tomorrow.",91,605,613,1,"Below is an instruction that describes a sentiment analysis task.

### Instruction:
Given the following text, please determine if it should be classified as funny or not funny. Base your classification on humor elements such as wit, irony, absurdity, or comedic timing.

### Input:
I love it when my kids don't get the joke until the next day... Hear today, groan tomorrow.

### Response:
",Yes
tadashi4,https://old.reddit.com/r/dadjokes/comments/qqaom3/i_cant_tell_whether_my_new_cars_suspension_is/,2021-11-09 19:02:03,"I can't tell if my new car's suspension is excellent, or if I'm too detached. It made for a surprisingly smooth ride regardless.",128,1,18807,0,"Below is an instruction that describes a sentiment analysis task.

### Instruction:
Given the following text, please determine if it should be classified as funny or not funny. Base your classification on humor elements such as wit, irony, absurdity, or comedic timing.

### Input:
I can't tell if my new car's suspension is excellent, or if I'm too detached. It made for a surprisingly smooth ride regardless.

### Response:
",Yes
stanleykubricksdad,https://old.reddit.com/r/dadjokes/comments/4bhfwn/did_you_hear_about_the_midget_whose_wallet_got/,2016-03-22 13:45:38,Did you hear about the midget whose wallet got stolen? I didn't know anyone could stoop so low.,95,1579,6734,1,"Below is an instruction that describes a sentiment analysis task.

### Instruction:
Given the following text, please determine if it should be classified as funny or not funny. Base your classification on humor elements such as wit, irony, absurdity, or comedic timing.

### Input:
Did you hear about the midget whose wallet got stolen? I didn't know anyone could stoop so low.

### Response:
",Yes
demgreenorbs,https://old.reddit.com/r/dadjokes/comments/qs8zqk/i_told_my_boyfriend_i_know_a_guy_with_small_dick/,2021-11-12 11:14:45,"I told my boyfriend ""I know a person who reminds me of an owl,"" and he was curious to know who it was.",102,1,18485,0,"Below is an instruction that describes a sentiment analysis task.

### Instruction:
Given the following text, please determine if it should be classified as funny or not funny. Base your classification on humor elements such as wit, irony, absurdity, or comedic timing.

### Input:
I told my boyfriend ""I know a person who reminds me of an owl,"" and he was curious to know who it was.

### Response:
",Yes
buckybadder,https://old.reddit.com/r/dadjokes/comments/r9tp9z/why_did_the_carpenter_start_seeing_a_therapist/,2021-12-06 00:23:50,Why did the carpenter start seeing a therapist? To discuss work-related stress.,79,1,15263,0,"Below is an instruction that describes a sentiment analysis task.

### Instruction:
Given the following text, please determine if it should be classified as funny or not funny. Base your classification on humor elements such as wit, irony, absurdity, or comedic timing.

### Input:
Why did the carpenter start seeing a therapist? To discuss work-related stress.

### Response:
",Yes
Artisticspawm,https://old.reddit.com/r/dadjokes/comments/ltetsf/im_reading_a_horror_book_in_braille/,2021-02-27 03:08:50,I'm reading a horror book in braille. Something bad is going to happen. I can feel it.,86,161,8645,1,"Below is an instruction that describes a sentiment analysis task.

### Instruction:
Given the following text, please determine if it should be classified as funny or not funny. Base your classification on humor elements such as wit, irony, absurdity, or comedic timing.

### Input:
I'm reading a horror book in braille. Something bad is going to happen. I can feel it.

### Response:
",Yes
GD_Toxin,https://old.reddit.com/r/dadjokes/comments/ctbcv8/can_we_do_something_about_uanalwhore6969/,2019-08-21 03:49:14,Can we do something about u/analwhore6969? He's been trolling this subreddit for a bit and posting comments reffering to incest and random stuff,144,24,10238,1,"Below is an instruction that describes a sentiment analysis task.

### Instruction:
Given the following text, please determine if it should be classified as funny or not funny. Base your classification on humor elements such as wit, irony, absurdity, or comedic timing.

### Input:
Can we do something about u/analwhore6969? He's been trolling this subreddit for a bit and posting comments reffering to incest and random stuff

### Response:
",No
Quest10Mark,https://old.reddit.com/r/dadjokes/comments/rjhtct/i_applied_to_ninja_training_school/,2021-12-18 22:06:21,I applied to a highly secretive training program... I'm still waiting for their response.,89,1,13594,0,"Below is an instruction that describes a sentiment analysis task.

### Instruction:
Given the following text, please determine if it should be classified as funny or not funny. Base your classification on humor elements such as wit, irony, absurdity, or comedic timing.

### Input:
I applied to a highly secretive training program... I'm still waiting for their response.

### Response:
",Yes
halcyon427,https://old.reddit.com/r/dadjokes/comments/5ds7rw/my_sister_keeps_judging_people_by_their_sound/,2016-11-19 12:20:04,My sister keeps judging people by their sound systems. I told her to stop being so stereotypical.,97,2056,10330,1,"Below is an instruction that describes a sentiment analysis task.

### Instruction:
Given the following text, please determine if it should be classified as funny or not funny. Base your classification on humor elements such as wit, irony, absurdity, or comedic timing.

### Input:
My sister keeps judging people by their sound systems. I told her to stop being so stereotypical.

### Response:
",Yes
monkeyshinenyc,https://old.reddit.com/r/dadjokes/comments/rhqy7x/i_have_two_friends_that_are_excavators/,2021-12-16 13:39:57,"I have two friends that work in excavation, Doug and Phil.",58,1,13938,0,"Below is an instruction that describes a sentiment analysis task.

### Instruction:
Given the following text, please determine if it should be classified as funny or not funny. Base your classification on humor elements such as wit, irony, absurdity, or comedic timing.

### Input:
I have two friends that work in excavation, Doug and Phil.

### Response:
",Yes
Jimmel1232,https://old.reddit.com/r/dadjokes/comments/4il1d6/i_tried_to_make_a_pencil_with_erasers_on_both_ends/,2016-05-09 18:47:18,"I tried to make a pencil with erasers on both ends... ...but then, I realized it was pointless.",95,39,6496,1,"Below is an instruction that describes a sentiment analysis task.

### Instruction:
Given the following text, please determine if it should be classified as funny or not funny. Base your classification on humor elements such as wit, irony, absurdity, or comedic timing.

### Input:
I tried to make a pencil with erasers on both ends... ...but then, I realized it was pointless.

### Response:
",Yes
Amo_Amas_Amatt,https://old.reddit.com/r/dadjokes/comments/92vft4/i_asked_my_wife_to_cook_me_a_japanese_meal_for/,2018-07-29 15:15:26,I asked my wife to cook me a Japanese meal for our anniversary Sushi did!,73,37,3731,1,"Below is an instruction that describes a sentiment analysis task.

### Instruction:
Given the following text, please determine if it should be classified as funny or not funny. Base your classification on humor elements such as wit, irony, absurdity, or comedic timing.

### Input:
I asked my wife to cook me a Japanese meal for our anniversary Sushi did!

### Response:
",Yes
dr_thug69,https://old.reddit.com/r/dadjokes/comments/revzq6/so_i_was_at_a_tea_shop_with_my_friend_and_after/,2021-12-12 19:15:41,"At the tea shop, my friend confirmed whether I required further assistance, and I assured him I had everything I needed.",120,1,14540,0,"Below is an instruction that describes a sentiment analysis task.

### Instruction:
Given the following text, please determine if it should be classified as funny or not funny. Base your classification on humor elements such as wit, irony, absurdity, or comedic timing.

### Input:
At the tea shop, my friend confirmed whether I required further assistance, and I assured him I had everything I needed.

### Response:
",No
porichoygupto,https://old.reddit.com/r/dadjokes/comments/gz3dx9/any_time_i_wear_a_t_shirt_with_a_picture_of_a/,2020-06-08 17:11:44,"Any time I wear a t shirt with a picture of a crocodile on it, I feel a little sick. I think I might be Lacoste intolerant.",123,52,9585,1,"Below is an instruction that describes a sentiment analysis task.

### Instruction:
Given the following text, please determine if it should be classified as funny or not funny. Base your classification on humor elements such as wit, irony, absurdity, or comedic timing.

### Input:
Any time I wear a t shirt with a picture of a crocodile on it, I feel a little sick. I think I might be Lacoste intolerant.

### Response:
",Yes
The_Pun-ishing_One,https://old.reddit.com/r/dadjokes/comments/rq70w5/whiteboards/,2021-12-28 04:44:58,Whiteboards are useful!,23,1,12208,0,"Below is an instruction that describes a sentiment analysis task.

### Instruction:
Given the following text, please determine if it should be classified as funny or not funny. Base your classification on humor elements such as wit, irony, absurdity, or comedic timing.

### Input:
Whiteboards are useful!

### Response:
",No
HeartBreakKid99,https://old.reddit.com/r/dadjokes/comments/dikyts/can_a_ninja_throw_stars/,2019-10-16 05:54:31,Can a ninja throw stars? Shurikan,33,45,9757,1,"Below is an instruction that describes a sentiment analysis task.

### Instruction:
Given the following text, please determine if it should be classified as funny or not funny. Base your classification on humor elements such as wit, irony, absurdity, or comedic timing.

### Input:
Can a ninja throw stars? Shurikan

### Response:
",Yes
sonalibelle,https://old.reddit.com/r/dadjokes/comments/qgxptm/my_dentist_said_my_teeth_were_stained_he_asked_do/,2021-10-27 14:18:01,My dentist advised me that my teeth were discolored and suggested ways to prevent it.,85,1,20606,0,"Below is an instruction that describes a sentiment analysis task.

### Instruction:
Given the following text, please determine if it should be classified as funny or not funny. Base your classification on humor elements such as wit, irony, absurdity, or comedic timing.

### Input:
My dentist advised me that my teeth were discolored and suggested ways to prevent it.

### Response:
",Yes
owmyfingy,https://old.reddit.com/r/dadjokes/comments/rp6824/where_does_the_general_keep_his_army/,2021-12-26 21:29:23,Where does the General place his troops? In strategic locations.,64,1,12399,0,"Below is an instruction that describes a sentiment analysis task.

### Instruction:
Given the following text, please determine if it should be classified as funny or not funny. Base your classification on humor elements such as wit, irony, absurdity, or comedic timing.

### Input:
Where does the General place his troops? In strategic locations.

### Response:
",Yes
BioFrosted,https://old.reddit.com/r/dadjokes/comments/ridwoe/dad_can_you_tell_me_what_soldar_eclipse_is/,2021-12-17 09:40:38,"Dad, can you explain what a solar eclipse is? Yes, it's when the moon covers the sun.",85,1,13811,0,"Below is an instruction that describes a sentiment analysis task.

### Instruction:
Given the following text, please determine if it should be classified as funny or not funny. Base your classification on humor elements such as wit, irony, absurdity, or comedic timing.

### Input:
Dad, can you explain what a solar eclipse is? Yes, it's when the moon covers the sun.

### Response:
",Yes
PdawgUltimate,https://old.reddit.com/r/dadjokes/comments/c9itw1/there_was_a_kidnapping_at_my_school_the_other_day/,2019-07-05 17:41:22,There was a kidnapping at my school the other day Its ok he woke up,67,23,1743,1,"Below is an instruction that describes a sentiment analysis task.

### Instruction:
Given the following text, please determine if it should be classified as funny or not funny. Base your classification on humor elements such as wit, irony, absurdity, or comedic timing.

### Input:
There was a kidnapping at my school the other day Its ok he woke up

### Response:
",Yes
Oscar12s,https://old.reddit.com/r/dadjokes/comments/ruztz5/three_men_walked_into_a_bar/,1/3/2022 11:41,Three Men Walked Into A Bar... It was an unfortunate accident.,62,1,11236,0,"Below is an instruction that describes a sentiment analysis task.

### Instruction:
Given the following text, please determine if it should be classified as funny or not funny. Base your classification on humor elements such as wit, irony, absurdity, or comedic timing.

### Input:
Three Men Walked Into A Bar... It was an unfortunate accident.

### Response:
",Yes
Dr-cereal,https://old.reddit.com/r/dadjokes/comments/dgy8bk/what_is_a_belt_made_out_of_watches/,2019-10-12 17:35:52,What is a belt made out of watches? A waist of time,51,22,1443,1,"Below is an instruction that describes a sentiment analysis task.

### Instruction:
Given the following text, please determine if it should be classified as funny or not funny. Base your classification on humor elements such as wit, irony, absurdity, or comedic timing.

### Input:
What is a belt made out of watches? A waist of time

### Response:
",Yes
the_hammburglar,https://old.reddit.com/r/dadjokes/comments/qhk05r/what_is_brown_and_sticky/,2021-10-28 10:30:25,What is brown and typically found in nature? A branch.,54,1,20474,0,"Below is an instruction that describes a sentiment analysis task.

### Instruction:
Given the following text, please determine if it should be classified as funny or not funny. Base your classification on humor elements such as wit, irony, absurdity, or comedic timing.

### Input:
What is brown and typically found in nature? A branch.

### Response:
",Yes
keithasaurus,https://old.reddit.com/r/dadjokes/comments/9bqify/nobody_believes_that_i_can_name_the_canadian/,2018-08-31 04:19:04,Nobody believes that I can name the Canadian Prime Minister. It's Trudeau.,74,356,629,1,"Below is an instruction that describes a sentiment analysis task.

### Instruction:
Given the following text, please determine if it should be classified as funny or not funny. Base your classification on humor elements such as wit, irony, absurdity, or comedic timing.

### Input:
Nobody believes that I can name the Canadian Prime Minister. It's Trudeau.

### Response:
",Yes
sweet_pizza,https://old.reddit.com/r/dadjokes/comments/r7fs5a/did_you_hear_jack_dorsey_changed_the_name_of_his/,2021-12-02 19:56:13,Did you hear Jack Dorsey rebranded his company from 'Square' to 'Block'? It reflects the technological innovation of the company.,129,1,15674,0,"Below is an instruction that describes a sentiment analysis task.

### Instruction:
Given the following text, please determine if it should be classified as funny or not funny. Base your classification on humor elements such as wit, irony, absurdity, or comedic timing.

### Input:
Did you hear Jack Dorsey rebranded his company from 'Square' to 'Block'? It reflects the technological innovation of the company.

### Response:
",Yes
AnthoHead,https://old.reddit.com/r/dadjokes/comments/rjoh7r/saw_an_ad_for_a_new_radio_this_week_for_1_only/,2021-12-19 04:08:24,"Saw an ad for a new radio this week for $1, the only problem is that the volume is stuck on high. It's a potentially problematic design flaw.",141,1,13552,0,"Below is an instruction that describes a sentiment analysis task.

### Instruction:
Given the following text, please determine if it should be classified as funny or not funny. Base your classification on humor elements such as wit, irony, absurdity, or comedic timing.

### Input:
Saw an ad for a new radio this week for $1, the only problem is that the volume is stuck on high. It's a potentially problematic design flaw.

### Response:
",Yes
vietlinh12hoa,https://old.reddit.com/r/dadjokes/comments/rg5nmw/which_us_states_is_japanese_most_familiar_with/,2021-12-14 11:37:42,"Among US states, Ohio has a name that is coincidentally similar to a common Japanese greeting.",94,1,14280,0,"Below is an instruction that describes a sentiment analysis task.

### Instruction:
Given the following text, please determine if it should be classified as funny or not funny. Base your classification on humor elements such as wit, irony, absurdity, or comedic timing.

### Input:
Among US states, Ohio has a name that is coincidentally similar to a common Japanese greeting.

### Response:
",Yes
unclejaine,https://old.reddit.com/r/dadjokes/comments/rim0he/what_do_you_call_a_pervert_who_is_expert_at/,2021-12-17 17:10:22,What do you call someone who is skilled at waiting tables? An experienced server.,81,1,13751,0,"Below is an instruction that describes a sentiment analysis task.

### Instruction:
Given the following text, please determine if it should be classified as funny or not funny. Base your classification on humor elements such as wit, irony, absurdity, or comedic timing.

### Input:
What do you call someone who is skilled at waiting tables? An experienced server.

### Response:
",Yes
SpecialistProfit,https://old.reddit.com/r/dadjokes/comments/ddndfm/two_drunk_guys_were_about_to_get_into_a_fight_one/,2019-10-05 13:39:23,"Two drunk guys were about to get into a fight. One draws a line in the dirt and says, “If you cross this line, I’ll hit you in the face.” That was the punchline.",161,41,2740,1,"Below is an instruction that describes a sentiment analysis task.

### Instruction:
Given the following text, please determine if it should be classified as funny or not funny. Base your classification on humor elements such as wit, irony, absurdity, or comedic timing.

### Input:
Two drunk guys were about to get into a fight. One draws a line in the dirt and says, “If you cross this line, I’ll hit you in the face.” That was the punchline.

### Response:
",Yes
Bexley_Agustin,https://old.reddit.com/r/dadjokes/comments/7w3fa8/can_you_explain_this_gap_in_your_résumé/,2018-02-08 08:26:28,"""Can you explain this gap in your résumé?"" Me: ""I fell asleep on the space key.""
",81,46,1267,1,"Below is an instruction that describes a sentiment analysis task.

### Instruction:
Given the following text, please determine if it should be classified as funny or not funny. Base your classification on humor elements such as wit, irony, absurdity, or comedic timing.

### Input:
""Can you explain this gap in your résumé?"" Me: ""I fell asleep on the space key.""


### Response:
",Yes
hotfiremixtape98,https://old.reddit.com/r/dadjokes/comments/rsrvus/knock_knock/,12/31/2021 11:23,"Knock knock. Who's there?

A delivery.",38,1,11745,0,"Below is an instruction that describes a sentiment analysis task.

### Instruction:
Given the following text, please determine if it should be classified as funny or not funny. Base your classification on humor elements such as wit, irony, absurdity, or comedic timing.

### Input:
Knock knock. Who's there?

A delivery.

### Response:
",Yes
Yri03,https://old.reddit.com/r/dadjokes/comments/dimril/my_friend_told_me_i_couldnt_make_a_percussionlike/,2019-10-16 09:22:22,My friend told me i couldn't make a percussion-like sound by moving my fingers against each other That's when i snapped,119,41,355,1,"Below is an instruction that describes a sentiment analysis task.

### Instruction:
Given the following text, please determine if it should be classified as funny or not funny. Base your classification on humor elements such as wit, irony, absurdity, or comedic timing.

### Input:
My friend told me i couldn't make a percussion-like sound by moving my fingers against each other That's when i snapped

### Response:
",Yes
BakuGlocku,https://old.reddit.com/r/dadjokes/comments/rjc3e8/what_did_the_sushi_fish_say_to_the_bumble_bee/,2021-12-18 17:23:57,"What did the fish vendor say to the customer looking for a spicy flavor? ""Try the wasabi.""",90,1,13625,0,"Below is an instruction that describes a sentiment analysis task.

### Instruction:
Given the following text, please determine if it should be classified as funny or not funny. Base your classification on humor elements such as wit, irony, absurdity, or comedic timing.

### Input:
What did the fish vendor say to the customer looking for a spicy flavor? ""Try the wasabi.""

### Response:
",Yes
Megalitho,https://old.reddit.com/r/dadjokes/comments/qhm6qp/what_do_a_hyena_a_catfish_and_a_jump_rope_have_in/,2021-10-28 12:43:37,"What do a hyena, a catfish, and a jump rope have in common? They are each unique in their own way.",98,1,20455,0,"Below is an instruction that describes a sentiment analysis task.

### Instruction:
Given the following text, please determine if it should be classified as funny or not funny. Base your classification on humor elements such as wit, irony, absurdity, or comedic timing.

### Input:
What do a hyena, a catfish, and a jump rope have in common? They are each unique in their own way.

### Response:
",Yes
krakhis,https://old.reddit.com/r/dadjokes/comments/qdoqvy/i_wondered_why_there_was_music_coming_from_my/,2021-10-22 19:48:41,I wondered why there was sound coming from my printer... It turns out it was malfunctioning.,92,1,21415,0,"Below is an instruction that describes a sentiment analysis task.

### Instruction:
Given the following text, please determine if it should be classified as funny or not funny. Base your classification on humor elements such as wit, irony, absurdity, or comedic timing.

### Input:
I wondered why there was sound coming from my printer... It turns out it was malfunctioning.

### Response:
",Yes
Rstein656,https://old.reddit.com/r/dadjokes/comments/r6fcdc/why_did_the_sailors_have_to_stop_playing_cards/,2021-12-01 13:58:38,Why did the sailors stop playing cards? Because the Captain had called them to attention on the deck!,101,1,15855,0,"Below is an instruction that describes a sentiment analysis task.

### Instruction:
Given the following text, please determine if it should be classified as funny or not funny. Base your classification on humor elements such as wit, irony, absurdity, or comedic timing.

### Input:
Why did the sailors stop playing cards? Because the Captain had called them to attention on the deck!

### Response:
",Yes
PurplePoogle,https://old.reddit.com/r/dadjokes/comments/9j63hd/have_you_ever_smelt_mothballs/,2018-09-26 20:14:13,Have you ever smelt mothballs? How did you get their tiny legs open?!,69,45,9306,1,"Below is an instruction that describes a sentiment analysis task.

### Instruction:
Given the following text, please determine if it should be classified as funny or not funny. Base your classification on humor elements such as wit, irony, absurdity, or comedic timing.

### Input:
Have you ever smelt mothballs? How did you get their tiny legs open?!

### Response:
",Yes
Lizziblaize,https://old.reddit.com/r/dadjokes/comments/6z3wk5/what_do_you_call_a_sleepwalking_nun/,2017-09-09 20:08:07,What do you call a sleepwalking nun? A Roman (roamin') Catholic ,64,27,252,1,"Below is an instruction that describes a sentiment analysis task.

### Instruction:
Given the following text, please determine if it should be classified as funny or not funny. Base your classification on humor elements such as wit, irony, absurdity, or comedic timing.

### Input:
What do you call a sleepwalking nun? A Roman (roamin') Catholic 

### Response:
",Yes
Top_Service_6152,https://old.reddit.com/r/dadjokes/comments/r4koar/what_do_u_call_a_duck_that_does_drugs/,2021-11-29 02:07:06,What do you call a duck that's lost? A wandering waterfowl.,59,1,16199,0,"Below is an instruction that describes a sentiment analysis task.

### Instruction:
Given the following text, please determine if it should be classified as funny or not funny. Base your classification on humor elements such as wit, irony, absurdity, or comedic timing.

### Input:
What do you call a duck that's lost? A wandering waterfowl.

### Response:
",Yes
Es_presso,https://old.reddit.com/r/dadjokes/comments/lri041/why_was_the_pepsi_employee_arrested/,2021-02-24 17:16:17,"Why was the Pepsi employee arrested? Because he was selling Coke.

Btw this is my first post on Reddit :)",105,78,7937,1,"Below is an instruction that describes a sentiment analysis task.

### Instruction:
Given the following text, please determine if it should be classified as funny or not funny. Base your classification on humor elements such as wit, irony, absurdity, or comedic timing.

### Input:
Why was the Pepsi employee arrested? Because he was selling Coke.

Btw this is my first post on Reddit :)

### Response:
",Yes
trinitymaster,https://old.reddit.com/r/dadjokes/comments/rde6d0/i_was_on_wheel_of_fortune_last_night_and_had_no/,2021-12-10 17:47:09,I was on WHEEL OF FORTUNE last night and correctly guessed the last letter in this word - MOT_L.,96,1,14843,0,"Below is an instruction that describes a sentiment analysis task.

### Instruction:
Given the following text, please determine if it should be classified as funny or not funny. Base your classification on humor elements such as wit, irony, absurdity, or comedic timing.

### Input:
I was on WHEEL OF FORTUNE last night and correctly guessed the last letter in this word - MOT_L.

### Response:
",Yes
mellon_coliee,https://old.reddit.com/r/dadjokes/comments/cnhcuv/why_did_the_man_buy_9_racquets/,2019-08-08 05:45:15,why did the man buy 9 racquets? because tennis too many,55,40,8852,1,"Below is an instruction that describes a sentiment analysis task.

### Instruction:
Given the following text, please determine if it should be classified as funny or not funny. Base your classification on humor elements such as wit, irony, absurdity, or comedic timing.

### Input:
why did the man buy 9 racquets? because tennis too many

### Response:
",Yes
enzon2001,https://old.reddit.com/r/dadjokes/comments/87kh1n/what_did_the_drummer_call_his_twin_girls/,2018-03-27 17:47:07,"What did the drummer call his twin girls? Anna One, Anna Two...",63,65,7567,1,"Below is an instruction that describes a sentiment analysis task.

### Instruction:
Given the following text, please determine if it should be classified as funny or not funny. Base your classification on humor elements such as wit, irony, absurdity, or comedic timing.

### Input:
What did the drummer call his twin girls? Anna One, Anna Two...

### Response:
",Yes
theonlyMOONMAN,https://old.reddit.com/r/dadjokes/comments/r6g3fx/why_dont_mailmen_date_mailboxes/,2021-12-01 14:33:56,Why don't mail carriers get close to mailboxes? There are too many warning signs.,81,1,15849,0,"Below is an instruction that describes a sentiment analysis task.

### Instruction:
Given the following text, please determine if it should be classified as funny or not funny. Base your classification on humor elements such as wit, irony, absurdity, or comedic timing.

### Input:
Why don't mail carriers get close to mailboxes? There are too many warning signs.

### Response:
",Yes
coot32,https://old.reddit.com/r/dadjokes/comments/9gjmlk/women_should_not_have_children_after_35/,2018-09-17 11:51:42,Women should not have children after 35. I mean even 34 is to many. ,68,64,10918,1,"Below is an instruction that describes a sentiment analysis task.

### Instruction:
Given the following text, please determine if it should be classified as funny or not funny. Base your classification on humor elements such as wit, irony, absurdity, or comedic timing.

### Input:
Women should not have children after 35. I mean even 34 is to many. 

### Response:
",Yes
icallitporkroll,https://old.reddit.com/r/dadjokes/comments/9aqtsc/how_many_birds_does_it_take_to_change_a_lightbulb/,2018-08-27 17:14:51,How many birds does it take to change a lightbulb? Two-can,58,56,8558,1,"Below is an instruction that describes a sentiment analysis task.

### Instruction:
Given the following text, please determine if it should be classified as funny or not funny. Base your classification on humor elements such as wit, irony, absurdity, or comedic timing.

### Input:
How many birds does it take to change a lightbulb? Two-can

### Response:
",Yes
Afkor,https://old.reddit.com/r/dadjokes/comments/4w9a5i/for_those_of_you_who_arent_very_humorous/,2016-08-05 07:33:13,For those of you who aren't very humorous You should arm yourself with more jokes,81,59,1668,1,"Below is an instruction that describes a sentiment analysis task.

### Instruction:
Given the following text, please determine if it should be classified as funny or not funny. Base your classification on humor elements such as wit, irony, absurdity, or comedic timing.

### Input:
For those of you who aren't very humorous You should arm yourself with more jokes

### Response:
",Yes
Don_Dickle,https://old.reddit.com/r/dadjokes/comments/r3e75e/why_did_the_peanut_get_arrested/,2021-11-27 14:04:07,Why did the peanut face consequences? It caused an allergic reaction.,69,1,16416,0,"Below is an instruction that describes a sentiment analysis task.

### Instruction:
Given the following text, please determine if it should be classified as funny or not funny. Base your classification on humor elements such as wit, irony, absurdity, or comedic timing.

### Input:
Why did the peanut face consequences? It caused an allergic reaction.

### Response:
",Yes
GhostPotency,https://old.reddit.com/r/dadjokes/comments/cr4du4/cliffhanger_endings_are_incredibly_frustrating/,2019-08-16 10:14:38,Cliffhanger endings are incredibly frustrating. They just,57,41,3925,1,"Below is an instruction that describes a sentiment analysis task.

### Instruction:
Given the following text, please determine if it should be classified as funny or not funny. Base your classification on humor elements such as wit, irony, absurdity, or comedic timing.

### Input:
Cliffhanger endings are incredibly frustrating. They just

### Response:
",Yes
Gingi0,https://old.reddit.com/r/dadjokes/comments/rkceos/whoever_stole_my_calendar/,2021-12-20 02:28:37,Whoever stole my calendar. You have disrupted my schedule.,58,1,13413,0,"Below is an instruction that describes a sentiment analysis task.

### Instruction:
Given the following text, please determine if it should be classified as funny or not funny. Base your classification on humor elements such as wit, irony, absurdity, or comedic timing.

### Input:
Whoever stole my calendar. You have disrupted my schedule.

### Response:
",Yes
kickypie,https://old.reddit.com/r/dadjokes/comments/cj7sz2/why_dont_zen_buddhists_vacuum_in_the_corners_of/,2019-07-29 07:12:44,Why don't Zen Buddhists vacuum in the corners of the monastery? Because they have no attachments.,97,24,10833,1,"Below is an instruction that describes a sentiment analysis task.

### Instruction:
Given the following text, please determine if it should be classified as funny or not funny. Base your classification on humor elements such as wit, irony, absurdity, or comedic timing.

### Input:
Why don't Zen Buddhists vacuum in the corners of the monastery? Because they have no attachments.

### Response:
",Yes
RestlessDiesel,https://old.reddit.com/r/dadjokes/comments/7lwuwd/what_do_you_call_a_snake_that_works_for_the/,2017-12-24 19:08:05,What do you call a snake that works for the government? A civil serpent.,72,28,2912,1,"Below is an instruction that describes a sentiment analysis task.

### Instruction:
Given the following text, please determine if it should be classified as funny or not funny. Base your classification on humor elements such as wit, irony, absurdity, or comedic timing.

### Input:
What do you call a snake that works for the government? A civil serpent.

### Response:
",Yes
Brentobot,https://old.reddit.com/r/dadjokes/comments/rjijjz/nsfw/,2021-12-18 22:43:23,NSFW I bought a safe for securing my valuable possessions at home.,66,1,13589,0,"Below is an instruction that describes a sentiment analysis task.

### Instruction:
Given the following text, please determine if it should be classified as funny or not funny. Base your classification on humor elements such as wit, irony, absurdity, or comedic timing.

### Input:
NSFW I bought a safe for securing my valuable possessions at home.

### Response:
",Yes
isupposeyouthink,https://old.reddit.com/r/dadjokes/comments/1xhr0o/my_boyfriend_dropped_this_while_watching_the/,2014-02-10 04:18:13,"My boyfriend dropped this while watching the Sochi Games. ""You win some, you Luge some"". ",89,1197,2156,1,"Below is an instruction that describes a sentiment analysis task.

### Instruction:
Given the following text, please determine if it should be classified as funny or not funny. Base your classification on humor elements such as wit, irony, absurdity, or comedic timing.

### Input:
My boyfriend dropped this while watching the Sochi Games. ""You win some, you Luge some"". 

### Response:
",Yes
chamabc,https://old.reddit.com/r/dadjokes/comments/qu1wg9/as_a_baseball_batter_i_lost_my_house_today/,2021-11-14 23:01:35,"As a baseball batter, I was successful today; I managed to make a home run.",75,1,18122,0,"Below is an instruction that describes a sentiment analysis task.

### Instruction:
Given the following text, please determine if it should be classified as funny or not funny. Base your classification on humor elements such as wit, irony, absurdity, or comedic timing.

### Input:
As a baseball batter, I was successful today; I managed to make a home run.

### Response:
",Yes
PeevesPoltergist,https://old.reddit.com/r/dadjokes/comments/by68hd/dr_sir_im_afraid_your_dna_is_backwards/,2019-06-08 09:27:03,"Dr: ""Sir, I'm afraid your DNA is backwards"" Me: ""AND?""",54,339,2361,1,"Below is an instruction that describes a sentiment analysis task.

### Instruction:
Given the following text, please determine if it should be classified as funny or not funny. Base your classification on humor elements such as wit, irony, absurdity, or comedic timing.

### Input:
Dr: ""Sir, I'm afraid your DNA is backwards"" Me: ""AND?""

### Response:
",Yes
tjd1657,https://old.reddit.com/r/dadjokes/comments/qgt37r/what_would_have_saved_steve_irwin/,2021-10-27 09:55:17,"What would have been an additional safety measure for Steve Irwin?
Person 1: ""More protective equipment might have been beneficial in general.""",143,1,20636,0,"Below is an instruction that describes a sentiment analysis task.

### Instruction:
Given the following text, please determine if it should be classified as funny or not funny. Base your classification on humor elements such as wit, irony, absurdity, or comedic timing.

### Input:
What would have been an additional safety measure for Steve Irwin?
Person 1: ""More protective equipment might have been beneficial in general.""

### Response:
",Yes
Potato_of_Future,https://old.reddit.com/r/dadjokes/comments/cezg3k/when_does_a_joke_become_a_dad_joke/,2019-07-18 22:43:32,When does a joke become a dad joke? When the punch line becomes apparent,72,25,7038,1,"Below is an instruction that describes a sentiment analysis task.

### Instruction:
Given the following text, please determine if it should be classified as funny or not funny. Base your classification on humor elements such as wit, irony, absurdity, or comedic timing.

### Input:
When does a joke become a dad joke? When the punch line becomes apparent

### Response:
",Yes
Keldaras,https://old.reddit.com/r/dadjokes/comments/qxq5wi/how_does_a_polar_bear_build_its_home/,2021-11-19 21:35:25,How does a polar bear build its home? With dedication and hard work.,68,1,17380,0,"Below is an instruction that describes a sentiment analysis task.

### Instruction:
Given the following text, please determine if it should be classified as funny or not funny. Base your classification on humor elements such as wit, irony, absurdity, or comedic timing.

### Input:
How does a polar bear build its home? With dedication and hard work.

### Response:
",Yes
IONTOP,https://old.reddit.com/r/dadjokes/comments/5u6xza/why_did_the_farmer_get_arrested_for_having/,2017-02-15 11:58:19,Why did the farmer get arrested for having headaches? Because he had my grains,78,26,898,1,"Below is an instruction that describes a sentiment analysis task.

### Instruction:
Given the following text, please determine if it should be classified as funny or not funny. Base your classification on humor elements such as wit, irony, absurdity, or comedic timing.

### Input:
Why did the farmer get arrested for having headaches? Because he had my grains

### Response:
",Yes
1963Jan,https://old.reddit.com/r/dadjokes/comments/rajn68/tshirt_is_actually_an_abbreviation_of/,2021-12-06 22:30:54,T-shirt is actually an abbreviation of Tyrannosaurus shirt... Because of its association with T-shape.,102,1,15119,0,"Below is an instruction that describes a sentiment analysis task.

### Instruction:
Given the following text, please determine if it should be classified as funny or not funny. Base your classification on humor elements such as wit, irony, absurdity, or comedic timing.

### Input:
T-shirt is actually an abbreviation of Tyrannosaurus shirt... Because of its association with T-shape.

### Response:
",Yes
basickq,https://old.reddit.com/r/dadjokes/comments/rkgphz/let_it_go/,2021-12-20 06:32:07,Let it go... ...or move on.,27,1,13379,0,"Below is an instruction that describes a sentiment analysis task.

### Instruction:
Given the following text, please determine if it should be classified as funny or not funny. Base your classification on humor elements such as wit, irony, absurdity, or comedic timing.

### Input:
Let it go... ...or move on.

### Response:
",Yes
kattattak_76,https://old.reddit.com/r/dadjokes/comments/7u0ycr/did_you_hear_about_the_man_who_was_murdered_in/,2018-01-30 13:22:23,Did you hear about the man who was murdered in the tub? It was a bloodbath.,75,25,2459,1,"Below is an instruction that describes a sentiment analysis task.

### Instruction:
Given the following text, please determine if it should be classified as funny or not funny. Base your classification on humor elements such as wit, irony, absurdity, or comedic timing.

### Input:
Did you hear about the man who was murdered in the tub? It was a bloodbath.

### Response:
",Yes
SuperMario1313,https://old.reddit.com/r/dadjokes/comments/ls864l/why_did_the_3_want_to_hook_up_with_the_other_3/,2021-02-25 14:49:26,Why did the 3 want to hook up with the other 3? Because of the six appeal.,74,37,10333,1,"Below is an instruction that describes a sentiment analysis task.

### Instruction:
Given the following text, please determine if it should be classified as funny or not funny. Base your classification on humor elements such as wit, irony, absurdity, or comedic timing.

### Input:
Why did the 3 want to hook up with the other 3? Because of the six appeal.

### Response:
",Yes
Pokerface2300,https://old.reddit.com/r/dadjokes/comments/rbupeq/what_do_you_call_a_factory_that_makes_okay/,2021-12-08 16:13:17,What do you call a factory that makes okay products? A satisfactory.,68,58,5462,1,"Below is an instruction that describes a sentiment analysis task.

### Instruction:
Given the following text, please determine if it should be classified as funny or not funny. Base your classification on humor elements such as wit, irony, absurdity, or comedic timing.

### Input:
What do you call a factory that makes okay products? A satisfactory.

### Response:
",Yes
0ajh10,https://old.reddit.com/r/dadjokes/comments/5xu8eo/why_are_jokes_about_hats_never_funny/,2017-03-06 16:41:44,Why are jokes about hats never funny? Because they always go right over your head. ,83,164,6409,1,"Below is an instruction that describes a sentiment analysis task.

### Instruction:
Given the following text, please determine if it should be classified as funny or not funny. Base your classification on humor elements such as wit, irony, absurdity, or comedic timing.

### Input:
Why are jokes about hats never funny? Because they always go right over your head. 

### Response:
",Yes
Brady01234,https://old.reddit.com/r/dadjokes/comments/lbvb92/my_blind_friend_kept_lying_to_me/,2021-02-03 19:04:49,My blind friend kept lying to me... It was hard for him to see the truth,72,25,10046,1,"Below is an instruction that describes a sentiment analysis task.

### Instruction:
Given the following text, please determine if it should be classified as funny or not funny. Base your classification on humor elements such as wit, irony, absurdity, or comedic timing.

### Input:
My blind friend kept lying to me... It was hard for him to see the truth

### Response:
",Yes
zoebread,https://old.reddit.com/r/dadjokes/comments/d530hc/breaking_news_all_the_toilets_from_the_local/,2019-09-16 16:23:44,Breaking news .... All the toilets from the local police station have been stolen. A spokesman said currently the police have nothing to go on,142,22,1605,1,"Below is an instruction that describes a sentiment analysis task.

### Instruction:
Given the following text, please determine if it should be classified as funny or not funny. Base your classification on humor elements such as wit, irony, absurdity, or comedic timing.

### Input:
Breaking news .... All the toilets from the local police station have been stolen. A spokesman said currently the police have nothing to go on

### Response:
",Yes
Bakedschwarzenbach,https://old.reddit.com/r/dadjokes/comments/bnb1fl/how_many_tickles_does_it_take_to_make_an_octopus/,2019-05-11 11:23:18,How many tickles does it take to make an octopus laugh? Ten tickles,67,26,7241,1,"Below is an instruction that describes a sentiment analysis task.

### Instruction:
Given the following text, please determine if it should be classified as funny or not funny. Base your classification on humor elements such as wit, irony, absurdity, or comedic timing.

### Input:
How many tickles does it take to make an octopus laugh? Ten tickles

### Response:
",Yes
N0M3RCY117,https://old.reddit.com/r/dadjokes/comments/7iy3lm/what_did_the_spaghetti_say_when_it_fell_off_the/,2017-12-11 00:20:46,What did the spaghetti say when it fell off the table? Pasta la vista!,70,56,3407,1,"Below is an instruction that describes a sentiment analysis task.

### Instruction:
Given the following text, please determine if it should be classified as funny or not funny. Base your classification on humor elements such as wit, irony, absurdity, or comedic timing.

### Input:
What did the spaghetti say when it fell off the table? Pasta la vista!

### Response:
",Yes
Legenda_069,https://old.reddit.com/r/dadjokes/comments/reggql/i_dont_like_samesex_marriage/,2021-12-12 03:58:13,I don't like the routine in marriage. It's often the same patterns repeating.,77,1,14636,0,"Below is an instruction that describes a sentiment analysis task.

### Instruction:
Given the following text, please determine if it should be classified as funny or not funny. Base your classification on humor elements such as wit, irony, absurdity, or comedic timing.

### Input:
I don't like the routine in marriage. It's often the same patterns repeating.

### Response:
",Yes
GoldLoquat5933,https://old.reddit.com/r/dadjokes/comments/riu66x/when_does_a_joke_become_a_dad_joke/,2021-12-17 23:51:24,When does a joke become predictable? When it’s evident.,55,1,13712,0,"Below is an instruction that describes a sentiment analysis task.

### Instruction:
Given the following text, please determine if it should be classified as funny or not funny. Base your classification on humor elements such as wit, irony, absurdity, or comedic timing.

### Input:
When does a joke become predictable? When it’s evident.

### Response:
",Yes
FourBloodMoons,https://old.reddit.com/r/dadjokes/comments/rei5qc/i_caught_a_burglar_breaking_in_to_my_house_he_ran/,2021-12-12 05:38:34,I caught a burglar breaking into my house; he ran away quickly.,63,1,14620,0,"Below is an instruction that describes a sentiment analysis task.

### Instruction:
Given the following text, please determine if it should be classified as funny or not funny. Base your classification on humor elements such as wit, irony, absurdity, or comedic timing.

### Input:
I caught a burglar breaking into my house; he ran away quickly.

### Response:
",Yes
Bellatrix-2197,https://old.reddit.com/r/dadjokes/comments/qfklhw/did_you_hear_about_the_guy_who_invented_the/,2021-10-25 16:32:14,Did you hear about the guy who invented the knock-knock joke? He was recognized for his contribution to humor.,110,1,20907,0,"Below is an instruction that describes a sentiment analysis task.

### Instruction:
Given the following text, please determine if it should be classified as funny or not funny. Base your classification on humor elements such as wit, irony, absurdity, or comedic timing.

### Input:
Did you hear about the guy who invented the knock-knock joke? He was recognized for his contribution to humor.

### Response:
",Yes
sniderjw,https://old.reddit.com/r/dadjokes/comments/b8ilfc/made_brownies/,2019-04-02 12:31:11,Made brownies.... [https://i.imgur.com/4NBo8Yg.jpg](https://i.imgur.com/4NBo8Yg.jpg),84,643,9660,1,"Below is an instruction that describes a sentiment analysis task.

### Instruction:
Given the following text, please determine if it should be classified as funny or not funny. Base your classification on humor elements such as wit, irony, absurdity, or comedic timing.

### Input:
Made brownies.... [https://i.imgur.com/4NBo8Yg.jpg](https://i.imgur.com/4NBo8Yg.jpg)

### Response:
",Yes
HovercraftItchy3517,https://old.reddit.com/r/dadjokes/comments/r0cvq5/i_dont_trust_stairs/,2021-11-23 13:09:23,I'm cautious around stairs... They seem to always lead somewhere.,65,1,16951,0,"Below is an instruction that describes a sentiment analysis task.

### Instruction:
Given the following text, please determine if it should be classified as funny or not funny. Base your classification on humor elements such as wit, irony, absurdity, or comedic timing.

### Input:
I'm cautious around stairs... They seem to always lead somewhere.

### Response:
",Yes
TommehBoi,https://old.reddit.com/r/dadjokes/comments/8v1843/my_workplace_won_an_award_for_most_polite_exit/,2018-06-30 11:25:21,"My workplace won an award for ""Most Polite Exit Signs"". Nice going!",67,29,3615,1,"Below is an instruction that describes a sentiment analysis task.

### Instruction:
Given the following text, please determine if it should be classified as funny or not funny. Base your classification on humor elements such as wit, irony, absurdity, or comedic timing.

### Input:
My workplace won an award for ""Most Polite Exit Signs"". Nice going!

### Response:
",Yes
GDWa1rus,https://old.reddit.com/r/dadjokes/comments/qxdgj3/what_musical_note_does_sparkling_water_make/,2021-11-19 10:30:19,"What musical note does sparkling water make? I don't know, but it's probably a subtle one.",90,1,17459,0,"Below is an instruction that describes a sentiment analysis task.

### Instruction:
Given the following text, please determine if it should be classified as funny or not funny. Base your classification on humor elements such as wit, irony, absurdity, or comedic timing.

### Input:
What musical note does sparkling water make? I don't know, but it's probably a subtle one.

### Response:
",Yes
sandman369,https://old.reddit.com/r/dadjokes/comments/ql18xl/my_grandma_has_a_magic_shoe_holder/,2021-11-02 10:28:29,My grandma has a shoe holder where shoes tend to wear out quickly. It seems they don't last long there.,103,1,19797,0,"Below is an instruction that describes a sentiment analysis task.

### Instruction:
Given the following text, please determine if it should be classified as funny or not funny. Base your classification on humor elements such as wit, irony, absurdity, or comedic timing.

### Input:
My grandma has a shoe holder where shoes tend to wear out quickly. It seems they don't last long there.

### Response:
",Yes
porichoygupto,https://old.reddit.com/r/dadjokes/comments/8i4vhf/yesterday_i_crossed_a_road_changed_a_light_bulb/,2018-05-09 10:20:43,"Yesterday, I crossed a road, changed a light bulb and walked into a bar. My life is turning into a joke.",104,5540,3111,1,"Below is an instruction that describes a sentiment analysis task.

### Instruction:
Given the following text, please determine if it should be classified as funny or not funny. Base your classification on humor elements such as wit, irony, absurdity, or comedic timing.

### Input:
Yesterday, I crossed a road, changed a light bulb and walked into a bar. My life is turning into a joke.

### Response:
",Yes
greedydita,https://old.reddit.com/r/dadjokes/comments/qxgakl/my_son_is_now_81_pounds_but_we_decided_to_kept/,2021-11-19 13:33:15,"My son is now 81 pounds, and for safety, we kept the car seat installed, especially since Grandma just dropped to 79.",117,1,17439,0,"Below is an instruction that describes a sentiment analysis task.

### Instruction:
Given the following text, please determine if it should be classified as funny or not funny. Base your classification on humor elements such as wit, irony, absurdity, or comedic timing.

### Input:
My son is now 81 pounds, and for safety, we kept the car seat installed, especially since Grandma just dropped to 79.

### Response:
",Yes
SlipperyQuark,https://old.reddit.com/r/dadjokes/comments/4vng7c/people_overcome_adversity_all_the_time/,2016-08-01 16:48:45,"People overcome adversity all the time Look at Beethoven. They told him he was deaf, but did he listen?",103,194,2833,1,"Below is an instruction that describes a sentiment analysis task.

### Instruction:
Given the following text, please determine if it should be classified as funny or not funny. Base your classification on humor elements such as wit, irony, absurdity, or comedic timing.

### Input:
People overcome adversity all the time Look at Beethoven. They told him he was deaf, but did he listen?

### Response:
",Yes
MaxMustemal,https://old.reddit.com/r/dadjokes/comments/ruieua/how_do_you_call_one_cini_mini/,1/2/2022 20:21,How do you refer to one Cini Mini? As a Single Mini.,52,1,11334,0,"Below is an instruction that describes a sentiment analysis task.

### Instruction:
Given the following text, please determine if it should be classified as funny or not funny. Base your classification on humor elements such as wit, irony, absurdity, or comedic timing.

### Input:
How do you refer to one Cini Mini? As a Single Mini.

### Response:
",Yes
Phenix_Flare,https://old.reddit.com/r/dadjokes/comments/rs84ok/what_do_you_call_a_german_entertainer/,12/30/2021 18:11,What do you call a popular German comedian? A crowd-pleaser.,60,1,11873,0,"Below is an instruction that describes a sentiment analysis task.

### Instruction:
Given the following text, please determine if it should be classified as funny or not funny. Base your classification on humor elements such as wit, irony, absurdity, or comedic timing.

### Input:
What do you call a popular German comedian? A crowd-pleaser.

### Response:
",Yes
FinalCaveat,https://old.reddit.com/r/dadjokes/comments/cnv39i/never_trust_anyone_with_graph_paper/,2019-08-09 01:10:07,Never trust anyone with graph paper. They’re always plotting something.,71,201,274,1,"Below is an instruction that describes a sentiment analysis task.

### Instruction:
Given the following text, please determine if it should be classified as funny or not funny. Base your classification on humor elements such as wit, irony, absurdity, or comedic timing.

### Input:
Never trust anyone with graph paper. They’re always plotting something.

### Response:
",Yes
goblu33,https://old.reddit.com/r/dadjokes/comments/djfptn/what_part_of_your_body_is_the_last_to_die/,2019-10-18 00:54:32,"What part of your body is the last to die? Your eyes, cause they dilate",71,50,8815,1,"Below is an instruction that describes a sentiment analysis task.

### Instruction:
Given the following text, please determine if it should be classified as funny or not funny. Base your classification on humor elements such as wit, irony, absurdity, or comedic timing.

### Input:
What part of your body is the last to die? Your eyes, cause they dilate

### Response:
",Yes
cheer_up_richard,https://old.reddit.com/r/dadjokes/comments/ro1b24/santas_not_going_to_make_it_to_places_with_bad/,2021-12-25 03:21:17,Santa may have trouble visiting places with inclement weather this year due to heightened protective measures.,110,1,12644,0,"Below is an instruction that describes a sentiment analysis task.

### Instruction:
Given the following text, please determine if it should be classified as funny or not funny. Base your classification on humor elements such as wit, irony, absurdity, or comedic timing.

### Input:
Santa may have trouble visiting places with inclement weather this year due to heightened protective measures.

### Response:
",Yes
HuangWaang,https://old.reddit.com/r/dadjokes/comments/rq9w3v/whats_one_word_you_must_always_say_to_the_family/,2021-12-28 07:20:32,What’s one thing you should always offer to the family of the deceased at a funeral? Condolences - because it shows empathy and respect.,136,1,12200,0,"Below is an instruction that describes a sentiment analysis task.

### Instruction:
Given the following text, please determine if it should be classified as funny or not funny. Base your classification on humor elements such as wit, irony, absurdity, or comedic timing.

### Input:
What’s one thing you should always offer to the family of the deceased at a funeral? Condolences - because it shows empathy and respect.

### Response:
",Yes
TheStateOfMantana,https://old.reddit.com/r/dadjokes/comments/run1fr/what_animal_do_you_find_at_a_lingerie_store/,1/2/2022 23:46,What animal do you find at a lingerie store? The zebra.,55,1,11308,0,"Below is an instruction that describes a sentiment analysis task.

### Instruction:
Given the following text, please determine if it should be classified as funny or not funny. Base your classification on humor elements such as wit, irony, absurdity, or comedic timing.

### Input:
What animal do you find at a lingerie store? The zebra.

### Response:
",Yes
Wisd_Om,https://old.reddit.com/r/dadjokes/comments/qs8f0h/i_saw_my_girlfriend_with_another_guy_at_the_beach/,2021-11-12 10:31:04,I saw my girlfriend with another person at the beach yesterday; it was an unexpected encounter.,95,1,18488,0,"Below is an instruction that describes a sentiment analysis task.

### Instruction:
Given the following text, please determine if it should be classified as funny or not funny. Base your classification on humor elements such as wit, irony, absurdity, or comedic timing.

### Input:
I saw my girlfriend with another person at the beach yesterday; it was an unexpected encounter.

### Response:
",Yes
hairirony,https://old.reddit.com/r/dadjokes/comments/r70hyk/when_the_three_wise_men_asked_where_they_could/,2021-12-02 06:02:13,When the three individuals asked where they could find the manger... They were directed to come back on Tuesday morning to discuss the position with the manager.,161,1,15751,0,"Below is an instruction that describes a sentiment analysis task.

### Instruction:
Given the following text, please determine if it should be classified as funny or not funny. Base your classification on humor elements such as wit, irony, absurdity, or comedic timing.

### Input:
When the three individuals asked where they could find the manger... They were directed to come back on Tuesday morning to discuss the position with the manager.

### Response:
",Yes
Bcp299,https://old.reddit.com/r/dadjokes/comments/qwlfyn/what_do_you_call_a_frightening_middle_eastern/,2021-11-18 08:39:18,What do you call a historically significant middle eastern insect? A scarab.,76,1,17615,0,"Below is an instruction that describes a sentiment analysis task.

### Instruction:
Given the following text, please determine if it should be classified as funny or not funny. Base your classification on humor elements such as wit, irony, absurdity, or comedic timing.

### Input:
What do you call a historically significant middle eastern insect? A scarab.

### Response:
",Yes
thepattato,https://old.reddit.com/r/dadjokes/comments/depig2/im_like_the_fabric_version_of_king_midas/,2019-10-07 20:47:34,I'm like the fabric version of King Midas. Everything I touch becomes felt.,75,25,329,1,"Below is an instruction that describes a sentiment analysis task.

### Instruction:
Given the following text, please determine if it should be classified as funny or not funny. Base your classification on humor elements such as wit, irony, absurdity, or comedic timing.

### Input:
I'm like the fabric version of King Midas. Everything I touch becomes felt.

### Response:
",Yes
Corpsman223,https://old.reddit.com/r/dadjokes/comments/qjsaxo/the_apocalypse_is_upon_us_how_is_everyone_holding/,2021-10-31 15:50:52,The apocalypse is upon us! How is everyone holding up? There seems to be a costume event with everyone involved.,112,1,19984,0,"Below is an instruction that describes a sentiment analysis task.

### Instruction:
Given the following text, please determine if it should be classified as funny or not funny. Base your classification on humor elements such as wit, irony, absurdity, or comedic timing.

### Input:
The apocalypse is upon us! How is everyone holding up? There seems to be a costume event with everyone involved.

### Response:
",Yes
shercroft,https://old.reddit.com/r/dadjokes/comments/rchuhv/what_did_the_man_say_after_his_friend_gave_him_50/,2021-12-09 13:38:09,"What did the man say after his friend gave him 50 out of his 60 pillows? Thank you, that is quite generous.",107,1,15003,0,"Below is an instruction that describes a sentiment analysis task.

### Instruction:
Given the following text, please determine if it should be classified as funny or not funny. Base your classification on humor elements such as wit, irony, absurdity, or comedic timing.

### Input:
What did the man say after his friend gave him 50 out of his 60 pillows? Thank you, that is quite generous.

### Response:
",Yes
Danielaurence,https://old.reddit.com/r/dadjokes/comments/blggyr/what_did_god_say_after_he_separated_the_light/,2019-05-06 19:26:35,What did God say after he separated the light from the darkness? I think I'll call it a day.,92,68,3548,1,"Below is an instruction that describes a sentiment analysis task.

### Instruction:
Given the following text, please determine if it should be classified as funny or not funny. Base your classification on humor elements such as wit, irony, absurdity, or comedic timing.

### Input:
What did God say after he separated the light from the darkness? I think I'll call it a day.

### Response:
",Yes
slootluuurd,https://old.reddit.com/r/dadjokes/comments/4x3gxr/why_cant_you_trust_a_clumsy_barista/,2016-08-10 18:03:04,Why can't you trust a clumsy barista? They're always spilling the beans ,72,41,4151,1,"Below is an instruction that describes a sentiment analysis task.

### Instruction:
Given the following text, please determine if it should be classified as funny or not funny. Base your classification on humor elements such as wit, irony, absurdity, or comedic timing.

### Input:
Why can't you trust a clumsy barista? They're always spilling the beans 

### Response:
",Yes
honolulu_oahu_mod,https://old.reddit.com/r/dadjokes/comments/axxbm3/instead_of_a_swear_jar_i_have_a_negativity_jar/,2019-03-06 10:20:49,"Instead of a swear jar, I have a negativity jar. Every time I have pessimistic thoughts, I put a dollar in... It’s currently half empty...",138,130,2796,1,"Below is an instruction that describes a sentiment analysis task.

### Instruction:
Given the following text, please determine if it should be classified as funny or not funny. Base your classification on humor elements such as wit, irony, absurdity, or comedic timing.

### Input:
Instead of a swear jar, I have a negativity jar. Every time I have pessimistic thoughts, I put a dollar in... It’s currently half empty...

### Response:
",Yes
greedydita,https://old.reddit.com/r/dadjokes/comments/rgb4wo/dont_run_around_the_pool/,2021-12-14 16:26:14,Walk carefully around the pool to avoid accidents and stay safe.,64,1,14242,0,"Below is an instruction that describes a sentiment analysis task.

### Instruction:
Given the following text, please determine if it should be classified as funny or not funny. Base your classification on humor elements such as wit, irony, absurdity, or comedic timing.

### Input:
Walk carefully around the pool to avoid accidents and stay safe.

### Response:
",No
Munk-the-Man,https://old.reddit.com/r/dadjokes/comments/bhqxi8/a_proton_and_neutron_break_up/,2019-04-26 20:17:23,"A proton and neutron break up... An electron walks up to the proton and says, “Hey! Stay positive!”",99,39,5379,1,"Below is an instruction that describes a sentiment analysis task.

### Instruction:
Given the following text, please determine if it should be classified as funny or not funny. Base your classification on humor elements such as wit, irony, absurdity, or comedic timing.

### Input:
A proton and neutron break up... An electron walks up to the proton and says, “Hey! Stay positive!”

### Response:
",Yes
jfshay,https://old.reddit.com/r/dadjokes/comments/rfir66/why_does_beethoven_despite_chickens/,2021-12-13 15:52:35,Why does Beethoven have issues with repetitive sounds? He prefers more variety in music.,88,1,14392,0,"Below is an instruction that describes a sentiment analysis task.

### Instruction:
Given the following text, please determine if it should be classified as funny or not funny. Base your classification on humor elements such as wit, irony, absurdity, or comedic timing.

### Input:
Why does Beethoven have issues with repetitive sounds? He prefers more variety in music.

### Response:
",Yes
TheArtfulDanger,https://old.reddit.com/r/dadjokes/comments/qkfpew/did_you_know_its_impossible_to_run_in_a_campground/,2021-11-01 14:54:06,"It's humorously noted that one can't run in a campground; you can only walk because it's ""past tents.""",102,1,19825,0,"Below is an instruction that describes a sentiment analysis task.

### Instruction:
Given the following text, please determine if it should be classified as funny or not funny. Base your classification on humor elements such as wit, irony, absurdity, or comedic timing.

### Input:
It's humorously noted that one can't run in a campground; you can only walk because it's ""past tents.""

### Response:
",Yes
paoerfuuul,https://old.reddit.com/r/dadjokes/comments/bpq0a3/the_only_thing_flatearthers_have_to_fear/,2019-05-17 11:24:20,The only thing flat-earthers have to fear... Is sphere itself,61,146,10293,1,"Below is an instruction that describes a sentiment analysis task.

### Instruction:
Given the following text, please determine if it should be classified as funny or not funny. Base your classification on humor elements such as wit, irony, absurdity, or comedic timing.

### Input:
The only thing flat-earthers have to fear... Is sphere itself

### Response:
",Yes
suavecool21692169,https://old.reddit.com/r/dadjokes/comments/qngqyw/why_dont_dogs_ever_go_glamping/,2021-11-05 17:57:45,Why don't dogs participate in luxury camping? Because they prefer the outdoors.,79,1,19359,0,"Below is an instruction that describes a sentiment analysis task.

### Instruction:
Given the following text, please determine if it should be classified as funny or not funny. Base your classification on humor elements such as wit, irony, absurdity, or comedic timing.

### Input:
Why don't dogs participate in luxury camping? Because they prefer the outdoors.

### Response:
",Yes
TommehBoi,https://old.reddit.com/r/dadjokes/comments/95utz9/my_wife_told_me_to_put_down_the_toilet_seat/,2018-08-09 09:10:24,"My wife told me to put down the toilet seat. So I walked over to it and said, ""You stink of urine!""",99,39,1611,1,"Below is an instruction that describes a sentiment analysis task.

### Instruction:
Given the following text, please determine if it should be classified as funny or not funny. Base your classification on humor elements such as wit, irony, absurdity, or comedic timing.

### Input:
My wife told me to put down the toilet seat. So I walked over to it and said, ""You stink of urine!""

### Response:
",Yes
zSilverFox,https://old.reddit.com/r/dadjokes/comments/8n1ee0/did_you_hear_about_the_chemist_who_was_arrested/,2018-05-29 18:25:32,"Did you hear about the chemist who was arrested? He threw sodium chloride at his wife, that's a salt. ",102,4437,4675,1,"Below is an instruction that describes a sentiment analysis task.

### Instruction:
Given the following text, please determine if it should be classified as funny or not funny. Base your classification on humor elements such as wit, irony, absurdity, or comedic timing.

### Input:
Did you hear about the chemist who was arrested? He threw sodium chloride at his wife, that's a salt. 

### Response:
",Yes
luckyj0130,https://old.reddit.com/r/dadjokes/comments/qv99ko/have_i_told_you_my_story_about_screws_nuts_and/,2021-11-16 14:41:37,"Have I told you my story about screws, nuts and bolts? It's rather detailed and specific.",89,1,17889,0,"Below is an instruction that describes a sentiment analysis task.

### Instruction:
Given the following text, please determine if it should be classified as funny or not funny. Base your classification on humor elements such as wit, irony, absurdity, or comedic timing.

### Input:
Have I told you my story about screws, nuts and bolts? It's rather detailed and specific.

### Response:
",Yes
theprogrammerx,https://old.reddit.com/r/dadjokes/comments/b3wv0d/who_is_the_patron_saint_of_copying_people_into/,2019-03-21 22:18:09,Who is the patron saint of copying people into emails? St. Francis of a CC,74,20,1121,1,"Below is an instruction that describes a sentiment analysis task.

### Instruction:
Given the following text, please determine if it should be classified as funny or not funny. Base your classification on humor elements such as wit, irony, absurdity, or comedic timing.

### Input:
Who is the patron saint of copying people into emails? St. Francis of a CC

### Response:
",Yes
Level_Mountain5644,https://old.reddit.com/r/dadjokes/comments/ra7nf7/what_do_you_call_two_intelligence_officers_that/,2021-12-06 13:47:00,Two intelligence officers with conflicting views might experience tension.,74,1,15189,0,"Below is an instruction that describes a sentiment analysis task.

### Instruction:
Given the following text, please determine if it should be classified as funny or not funny. Base your classification on humor elements such as wit, irony, absurdity, or comedic timing.

### Input:
Two intelligence officers with conflicting views might experience tension.

### Response:
",No
HolidayCurrency,https://old.reddit.com/r/dadjokes/comments/d1i0iq/a_weasel_walks_into_a_bar_the_bartender_says_wow/,2019-09-08 22:30:19,"A weasel walks into a bar. The bartender says, ""Wow, I've never served a weasel before. What can i get you?"" ""Pop"" Goes the weasel",130,731,956,1,"Below is an instruction that describes a sentiment analysis task.

### Instruction:
Given the following text, please determine if it should be classified as funny or not funny. Base your classification on humor elements such as wit, irony, absurdity, or comedic timing.

### Input:
A weasel walks into a bar. The bartender says, ""Wow, I've never served a weasel before. What can i get you?"" ""Pop"" Goes the weasel

### Response:
",Yes
bot_10,https://old.reddit.com/r/dadjokes/comments/dkhbbk/if_you_build_a_man_a_fire_he_will_be_warm_for_a/,2019-10-20 09:15:01,If you build a man a fire he will be warm for a day. If you set a man on fire he will be warm for the rest of his life.,119,5139,5454,1,"Below is an instruction that describes a sentiment analysis task.

### Instruction:
Given the following text, please determine if it should be classified as funny or not funny. Base your classification on humor elements such as wit, irony, absurdity, or comedic timing.

### Input:
If you build a man a fire he will be warm for a day. If you set a man on fire he will be warm for the rest of his life.

### Response:
",Yes
ThunderThief92,https://old.reddit.com/r/dadjokes/comments/rt8mgd/what_did_the_stamp_say_to_the_letter/,1/1/2022 1:44,"What did the stamp say to the envelope? Stay close, and we'll make it to the destination.",89,1,11626,0,"Below is an instruction that describes a sentiment analysis task.

### Instruction:
Given the following text, please determine if it should be classified as funny or not funny. Base your classification on humor elements such as wit, irony, absurdity, or comedic timing.

### Input:
What did the stamp say to the envelope? Stay close, and we'll make it to the destination.

### Response:
",Yes
8Romans,https://old.reddit.com/r/dadjokes/comments/rtku4b/lift_your_left_leg_today/,1/1/2022 14:50,Lift your left leg today if you prefer to start with your right.,64,1,11519,0,"Below is an instruction that describes a sentiment analysis task.

### Instruction:
Given the following text, please determine if it should be classified as funny or not funny. Base your classification on humor elements such as wit, irony, absurdity, or comedic timing.

### Input:
Lift your left leg today if you prefer to start with your right.

### Response:
",Yes
porichoygupto,https://old.reddit.com/r/dadjokes/comments/do9dzh/bilbo_baggins_suddenly_woke_up_to_dont_stop/,2019-10-28 14:13:25,Bilbo Baggins suddenly woke up to “Don’t stop Believing.” It was an unexpected Journey.,87,74,9496,1,"Below is an instruction that describes a sentiment analysis task.

### Instruction:
Given the following text, please determine if it should be classified as funny or not funny. Base your classification on humor elements such as wit, irony, absurdity, or comedic timing.

### Input:
Bilbo Baggins suddenly woke up to “Don’t stop Believing.” It was an unexpected Journey.

### Response:
",Yes
porichoygupto,https://old.reddit.com/r/dadjokes/comments/bdb48x/i_walked_into_the_biology_lab_and_saw_my_lab/,2019-04-15 02:50:56,"I walked into the biology lab, and saw my lab partner dissecting an insect. I said, “I think your fly is open.”",111,39,4912,1,"Below is an instruction that describes a sentiment analysis task.

### Instruction:
Given the following text, please determine if it should be classified as funny or not funny. Base your classification on humor elements such as wit, irony, absurdity, or comedic timing.

### Input:
I walked into the biology lab, and saw my lab partner dissecting an insect. I said, “I think your fly is open.”

### Response:
",Yes
porichoygupto,https://old.reddit.com/r/dadjokes/comments/g2ctzp/for_her_birthday_i_gave_my_wife_an_alarm_clock/,2020-04-16 10:59:44,"For her birthday, I gave my wife an alarm clock that swears at her instead of beeping. She’s in for a rude awakening.",117,29,4824,1,"Below is an instruction that describes a sentiment analysis task.

### Instruction:
Given the following text, please determine if it should be classified as funny or not funny. Base your classification on humor elements such as wit, irony, absurdity, or comedic timing.

### Input:
For her birthday, I gave my wife an alarm clock that swears at her instead of beeping. She’s in for a rude awakening.

### Response:
",Yes
exorcist2018,https://old.reddit.com/r/dadjokes/comments/6vh6p5/want_to_hear_a_joke_about_a_piece_of_paper/,2017-08-23 06:33:36,Want to hear a joke about a piece of paper? Never mind... it's tearable.,72,35,3189,1,"Below is an instruction that describes a sentiment analysis task.

### Instruction:
Given the following text, please determine if it should be classified as funny or not funny. Base your classification on humor elements such as wit, irony, absurdity, or comedic timing.

### Input:
Want to hear a joke about a piece of paper? Never mind... it's tearable.

### Response:
",Yes
techtornado,https://old.reddit.com/r/dadjokes/comments/h0ysx8/why_do_seagulls_fly_over_the_ocean/,2020-06-11 12:56:47,Why do seagulls fly over the ocean? Because they'd be called bagels if they flew over the bay...,96,250,8071,1,"Below is an instruction that describes a sentiment analysis task.

### Instruction:
Given the following text, please determine if it should be classified as funny or not funny. Base your classification on humor elements such as wit, irony, absurdity, or comedic timing.

### Input:
Why do seagulls fly over the ocean? Because they'd be called bagels if they flew over the bay...

### Response:
",Yes
ShivaKrishna999,https://old.reddit.com/r/dadjokes/comments/qnx51q/who_do_you_think_is_destroying_the_environment/,2021-11-06 09:55:09,Who do you think is affecting the environment? Our activities are.,66,1,19261,0,"Below is an instruction that describes a sentiment analysis task.

### Instruction:
Given the following text, please determine if it should be classified as funny or not funny. Base your classification on humor elements such as wit, irony, absurdity, or comedic timing.

### Input:
Who do you think is affecting the environment? Our activities are.

### Response:
",Yes
DnDimwit,https://old.reddit.com/r/dadjokes/comments/r17mrq/the_history_of_the_lazy_susan_is_interesting/,2021-11-24 15:23:40,The concept of rotating trays has been impactful in dining experiences.,71,1,16827,0,"Below is an instruction that describes a sentiment analysis task.

### Instruction:
Given the following text, please determine if it should be classified as funny or not funny. Base your classification on humor elements such as wit, irony, absurdity, or comedic timing.

### Input:
The concept of rotating trays has been impactful in dining experiences.

### Response:
",No
h34dw1,https://old.reddit.com/r/dadjokes/comments/qgc87e/whats_wrong_with_left_handed_people/,2021-10-26 18:01:31,What’s often joked about left-handed people? They just have a different preference.,83,1,20723,0,"Below is an instruction that describes a sentiment analysis task.

### Instruction:
Given the following text, please determine if it should be classified as funny or not funny. Base your classification on humor elements such as wit, irony, absurdity, or comedic timing.

### Input:
What’s often joked about left-handed people? They just have a different preference.

### Response:
",Yes
TheTruePeque,https://old.reddit.com/r/dadjokes/comments/qifddv/a_strong_gust_of_wind_made_my_manuscript_spin_in/,2021-10-29 15:29:05,"A sudden breeze caused my papers to scatter around the room, altering the organization of my work.",98,1,20264,0,"Below is an instruction that describes a sentiment analysis task.

### Instruction:
Given the following text, please determine if it should be classified as funny or not funny. Base your classification on humor elements such as wit, irony, absurdity, or comedic timing.

### Input:
A sudden breeze caused my papers to scatter around the room, altering the organization of my work.

### Response:
",Yes
orderoffries32,https://old.reddit.com/r/dadjokes/comments/ra0udq/robert_e_lee_really_liked_whiskey_and_poultry/,2021-12-06 06:42:20,"Robert E Lee had diverse interests, including tasting various kinds of food and drink.",86,1,15220,0,"Below is an instruction that describes a sentiment analysis task.

### Instruction:
Given the following text, please determine if it should be classified as funny or not funny. Base your classification on humor elements such as wit, irony, absurdity, or comedic timing.

### Input:
Robert E Lee had diverse interests, including tasting various kinds of food and drink.

### Response:
",Yes
followtheivoryrabbit,https://old.reddit.com/r/dadjokes/comments/dl43h5/my_friend_steve_drowned_so_at_the_funeral_we_got/,2019-10-21 17:45:21,"""My friend Steve drowned, so at the funeral we got him a wreath in the shape of a lifebelt. Well, it's what he would have wanted.""",130,62,5374,1,"Below is an instruction that describes a sentiment analysis task.

### Instruction:
Given the following text, please determine if it should be classified as funny or not funny. Base your classification on humor elements such as wit, irony, absurdity, or comedic timing.

### Input:
""My friend Steve drowned, so at the funeral we got him a wreath in the shape of a lifebelt. Well, it's what he would have wanted.""

### Response:
",Yes
Blakut,https://old.reddit.com/r/dadjokes/comments/qdcrk9/scientists_have_developed_a_device_that_can_boil/,2021-10-22 08:56:11,Scientists have developed a device that can cook an egg very quickly. They call it a rapid egg cooker.,102,1,21519,0,"Below is an instruction that describes a sentiment analysis task.

### Instruction:
Given the following text, please determine if it should be classified as funny or not funny. Base your classification on humor elements such as wit, irony, absurdity, or comedic timing.

### Input:
Scientists have developed a device that can cook an egg very quickly. They call it a rapid egg cooker.

### Response:
",Yes
Free_Commission6940,https://old.reddit.com/r/dadjokes/comments/qbd0po/how_come_the_pepper_couldnt_practice_archery/,2021-10-19 14:46:35,How come the pepper couldn’t practice archery? It's simply not equipped for it.,79,1,21979,0,"Below is an instruction that describes a sentiment analysis task.

### Instruction:
Given the following text, please determine if it should be classified as funny or not funny. Base your classification on humor elements such as wit, irony, absurdity, or comedic timing.

### Input:
How come the pepper couldn’t practice archery? It's simply not equipped for it.

### Response:
",Yes
_sh3fas,https://old.reddit.com/r/dadjokes/comments/can14t/why_does_the_keyboard_work_247/,2019-07-08 16:11:52,Why does the keyboard work 24/7? Because it has 2 shifts,56,29,10885,1,"Below is an instruction that describes a sentiment analysis task.

### Instruction:
Given the following text, please determine if it should be classified as funny or not funny. Base your classification on humor elements such as wit, irony, absurdity, or comedic timing.

### Input:
Why does the keyboard work 24/7? Because it has 2 shifts

### Response:
",Yes
OneHourRetiring,https://old.reddit.com/r/dadjokes/comments/qczm8t/yall_should_be_proud_of_me_i_am_doing_crunches/,2021-10-21 19:37:28,I've started a new fitness regimen! I'm doing crunches twice a day now!,71,1,21632,0,"Below is an instruction that describes a sentiment analysis task.

### Instruction:
Given the following text, please determine if it should be classified as funny or not funny. Base your classification on humor elements such as wit, irony, absurdity, or comedic timing.

### Input:
I've started a new fitness regimen! I'm doing crunches twice a day now!

### Response:
",Yes
theamberpanda,https://old.reddit.com/r/dadjokes/comments/lxpuc9/when_life_gives_you_melons/,2021-03-04 17:19:18,When life gives you melons... You might be dyslexic.,52,35,2331,1,"Below is an instruction that describes a sentiment analysis task.

### Instruction:
Given the following text, please determine if it should be classified as funny or not funny. Base your classification on humor elements such as wit, irony, absurdity, or comedic timing.

### Input:
When life gives you melons... You might be dyslexic.

### Response:
",Yes
HovercraftItchy3517,https://old.reddit.com/r/dadjokes/comments/rkuavu/what_part_of_the_body_always_loses/,2021-12-20 18:54:06,What part of the body is often mentioned in defeat? The feet.,61,1,13308,0,"Below is an instruction that describes a sentiment analysis task.

### Instruction:
Given the following text, please determine if it should be classified as funny or not funny. Base your classification on humor elements such as wit, irony, absurdity, or comedic timing.

### Input:
What part of the body is often mentioned in defeat? The feet.

### Response:
",Yes
Europademon,https://old.reddit.com/r/dadjokes/comments/qucemq/what_did_the_envelope_say_to_the_stamp/,2021-11-15 09:13:28,"What did the envelope say to the stamp? Attach to me securely, please.",70,1,18054,0,"Below is an instruction that describes a sentiment analysis task.

### Instruction:
Given the following text, please determine if it should be classified as funny or not funny. Base your classification on humor elements such as wit, irony, absurdity, or comedic timing.

### Input:
What did the envelope say to the stamp? Attach to me securely, please.

### Response:
",Yes
keithasaurus,https://old.reddit.com/r/dadjokes/comments/91zc2e/im_not_saying_your_new_girlfriend_is_a_whore_but/,2018-07-26 05:00:05,I'm not saying your new girlfriend is a whore but... The Bermuda Triangle has swallowed fewer seamen.,101,22,7248,1,"Below is an instruction that describes a sentiment analysis task.

### Instruction:
Given the following text, please determine if it should be classified as funny or not funny. Base your classification on humor elements such as wit, irony, absurdity, or comedic timing.

### Input:
I'm not saying your new girlfriend is a whore but... The Bermuda Triangle has swallowed fewer seamen.

### Response:
",Yes
Ethas,https://old.reddit.com/r/dadjokes/comments/rts299/whatre_your_guys_new_years_resolution/,1/1/2022 20:43,What's your New Year's resolution? I'm aiming to improve myself this year.,74,1,11478,0,"Below is an instruction that describes a sentiment analysis task.

### Instruction:
Given the following text, please determine if it should be classified as funny or not funny. Base your classification on humor elements such as wit, irony, absurdity, or comedic timing.

### Input:
What's your New Year's resolution? I'm aiming to improve myself this year.

### Response:
",Yes
notahog,https://old.reddit.com/r/dadjokes/comments/rl3uva/my_kids_always_loved_my_dad_jokes_until_i_ran_out/,2021-12-21 02:28:19,"My children used to enjoy my dad jokes, and now they look forward to my stories.",80,1,13253,0,"Below is an instruction that describes a sentiment analysis task.

### Instruction:
Given the following text, please determine if it should be classified as funny or not funny. Base your classification on humor elements such as wit, irony, absurdity, or comedic timing.

### Input:
My children used to enjoy my dad jokes, and now they look forward to my stories.

### Response:
",Yes
Mr_Westerfield,https://old.reddit.com/r/dadjokes/comments/raoy4s/its_a_dogs_life/,2021-12-07 02:57:38,Having a pet dog keeps life interesting.,40,1,15079,0,"Below is an instruction that describes a sentiment analysis task.

### Instruction:
Given the following text, please determine if it should be classified as funny or not funny. Base your classification on humor elements such as wit, irony, absurdity, or comedic timing.

### Input:
Having a pet dog keeps life interesting.

### Response:
",No
TheJapanPeople,https://old.reddit.com/r/dadjokes/comments/8qmmqe/did_you_hear_about_the_restaurant_on_the_moon/,2018-06-12 21:03:48,"Did you hear about the restaurant on the moon? Great food, no atmosphere",72,33,10388,1,"Below is an instruction that describes a sentiment analysis task.

### Instruction:
Given the following text, please determine if it should be classified as funny or not funny. Base your classification on humor elements such as wit, irony, absurdity, or comedic timing.

### Input:
Did you hear about the restaurant on the moon? Great food, no atmosphere

### Response:
",Yes
waweruhillary,https://old.reddit.com/r/dadjokes/comments/rhmuhd/why_do_cows_have_hooves_instead_of_feet/,2021-12-16 09:03:08,Cows have hooves instead of feet as a part of their natural anatomy.,68,1,13966,0,"Below is an instruction that describes a sentiment analysis task.

### Instruction:
Given the following text, please determine if it should be classified as funny or not funny. Base your classification on humor elements such as wit, irony, absurdity, or comedic timing.

### Input:
Cows have hooves instead of feet as a part of their natural anatomy.

### Response:
",Yes
Metavel2005,https://old.reddit.com/r/dadjokes/comments/do2chd/a_man_walks_into_a_bar/,2019-10-28 01:43:27,"A man walks into a bar He said ""ouch""",37,30,3990,1,"Below is an instruction that describes a sentiment analysis task.

### Instruction:
Given the following text, please determine if it should be classified as funny or not funny. Base your classification on humor elements such as wit, irony, absurdity, or comedic timing.

### Input:
A man walks into a bar He said ""ouch""

### Response:
",Yes
Kram22598,https://old.reddit.com/r/dadjokes/comments/rt9jg2/whats_a_matadors_favorite_brand_of_soap/,1/1/2022 2:35,What’s a matador’s favorite brand of soap? Lux,46,1,11612,0,"Below is an instruction that describes a sentiment analysis task.

### Instruction:
Given the following text, please determine if it should be classified as funny or not funny. Base your classification on humor elements such as wit, irony, absurdity, or comedic timing.

### Input:
What’s a matador’s favorite brand of soap? Lux

### Response:
",Yes
wassupp73,https://old.reddit.com/r/dadjokes/comments/qcyil9/why_are_fishes_so_thin/,2021-10-21 18:45:15,Why are fishes streamlined? It helps them swim efficiently.,59,1,21638,0,"Below is an instruction that describes a sentiment analysis task.

### Instruction:
Given the following text, please determine if it should be classified as funny or not funny. Base your classification on humor elements such as wit, irony, absurdity, or comedic timing.

### Input:
Why are fishes streamlined? It helps them swim efficiently.

### Response:
",Yes
linzihan,https://old.reddit.com/r/dadjokes/comments/d0g1g9/oranges_improves_your_eyesight/,2019-09-06 12:32:33,Oranges improves your eyesight Because it contains Vitamin See,62,23,5371,1,"Below is an instruction that describes a sentiment analysis task.

### Instruction:
Given the following text, please determine if it should be classified as funny or not funny. Base your classification on humor elements such as wit, irony, absurdity, or comedic timing.

### Input:
Oranges improves your eyesight Because it contains Vitamin See

### Response:
",Yes
Oh_My_Monster,https://old.reddit.com/r/dadjokes/comments/rnu7z4/where_does_rudolph_like_to_go_skiing/,2021-12-24 20:29:50,Where does Rudolph like to go during winter? He enjoys spending time at the North Pole.,87,1,12698,0,"Below is an instruction that describes a sentiment analysis task.

### Instruction:
Given the following text, please determine if it should be classified as funny or not funny. Base your classification on humor elements such as wit, irony, absurdity, or comedic timing.

### Input:
Where does Rudolph like to go during winter? He enjoys spending time at the North Pole.

### Response:
",Yes
BreakfastBeerz,https://old.reddit.com/r/dadjokes/comments/rk19b0/bartender_can_i_get_you_a_beer/,2021-12-19 17:23:08,"Bartender: Can I get you a beer? Dad: I'll have one, thank you.",63,1,13481,0,"Below is an instruction that describes a sentiment analysis task.

### Instruction:
Given the following text, please determine if it should be classified as funny or not funny. Base your classification on humor elements such as wit, irony, absurdity, or comedic timing.

### Input:
Bartender: Can I get you a beer? Dad: I'll have one, thank you.

### Response:
",Yes
OneHourRetiring,https://old.reddit.com/r/dadjokes/comments/qedebk/footballers_soccer_players_have_high_chances_of/,2021-10-23 20:58:37,Footballers (soccer players) have high chances of success because they are very determined!,91,1,21217,0,"Below is an instruction that describes a sentiment analysis task.

### Instruction:
Given the following text, please determine if it should be classified as funny or not funny. Base your classification on humor elements such as wit, irony, absurdity, or comedic timing.

### Input:
Footballers (soccer players) have high chances of success because they are very determined!

### Response:
",Yes
jhallen2260,https://old.reddit.com/r/dadjokes/comments/brb235/what_did_one_nut_say_while_chasing_the_other/,2019-05-21 14:26:51,What did one nut say while chasing the other? I'm a cashew,58,20,472,1,"Below is an instruction that describes a sentiment analysis task.

### Instruction:
Given the following text, please determine if it should be classified as funny or not funny. Base your classification on humor elements such as wit, irony, absurdity, or comedic timing.

### Input:
What did one nut say while chasing the other? I'm a cashew

### Response:
",Yes
wookiewithabrush,https://old.reddit.com/r/dadjokes/comments/qoium4/what_do_you_call_a_vampire_antelope/,2021-11-07 06:30:47,What do you call a vampire antelope? A mythological creature.,61,1,19127,0,"Below is an instruction that describes a sentiment analysis task.

### Instruction:
Given the following text, please determine if it should be classified as funny or not funny. Base your classification on humor elements such as wit, irony, absurdity, or comedic timing.

### Input:
What do you call a vampire antelope? A mythological creature.

### Response:
",Yes
vietlinh12hoa,https://old.reddit.com/r/dadjokes/comments/qv8mwz/my_girlfriend_asked_me_to_hangout_tonight/,2021-11-16 14:11:14,My girlfriend asked me to hang out tonight. I'm really disappointed as I've been waiting for her for an hour.,109,1,17892,0,"Below is an instruction that describes a sentiment analysis task.

### Instruction:
Given the following text, please determine if it should be classified as funny or not funny. Base your classification on humor elements such as wit, irony, absurdity, or comedic timing.

### Input:
My girlfriend asked me to hang out tonight. I'm really disappointed as I've been waiting for her for an hour.

### Response:
",Yes
TheJapanPeople,https://old.reddit.com/r/dadjokes/comments/8sko23/why_do_native_americans_hate_snow/,2018-06-20 18:23:23,Why do native Americans hate snow? It's white and settles on their land,71,215,2774,1,"Below is an instruction that describes a sentiment analysis task.

### Instruction:
Given the following text, please determine if it should be classified as funny or not funny. Base your classification on humor elements such as wit, irony, absurdity, or comedic timing.

### Input:
Why do native Americans hate snow? It's white and settles on their land

### Response:
",Yes
iegloy,https://old.reddit.com/r/dadjokes/comments/89n4lr/did_you_hear_about_the_restaurant_on_the_moon/,2018-04-04 06:38:49,"Did you hear about the restaurant on the moon? Great service, but no atmosphere! ",81,49,10919,1,"Below is an instruction that describes a sentiment analysis task.

### Instruction:
Given the following text, please determine if it should be classified as funny or not funny. Base your classification on humor elements such as wit, irony, absurdity, or comedic timing.

### Input:
Did you hear about the restaurant on the moon? Great service, but no atmosphere! 

### Response:
",Yes
thecyriousone,https://old.reddit.com/r/dadjokes/comments/qft7tz/what_do_you_give_an_actress_whos_on_her_period/,2021-10-25 23:24:50,What do you give an actress after a performance? A round of applause.,69,1,20856,0,"Below is an instruction that describes a sentiment analysis task.

### Instruction:
Given the following text, please determine if it should be classified as funny or not funny. Base your classification on humor elements such as wit, irony, absurdity, or comedic timing.

### Input:
What do you give an actress after a performance? A round of applause.

### Response:
",Yes
BigDaddyAlex7077,https://old.reddit.com/r/dadjokes/comments/h0azwg/a_furniture_store_keeps_on_calling_me/,2020-06-10 13:30:25,A furniture store keeps on calling me... All I wanted was one night stand.,74,20,25,1,"Below is an instruction that describes a sentiment analysis task.

### Instruction:
Given the following text, please determine if it should be classified as funny or not funny. Base your classification on humor elements such as wit, irony, absurdity, or comedic timing.

### Input:
A furniture store keeps on calling me... All I wanted was one night stand.

### Response:
",Yes
ChiriFoxes,https://old.reddit.com/r/dadjokes/comments/r9axxm/just_found_out_my_stuttering_cousin_died_in_prison/,2021-12-05 08:05:58,Just learned my cousin who had difficulty speaking passed away while incarcerated. It's such a tragedy.,103,1,15370,0,"Below is an instruction that describes a sentiment analysis task.

### Instruction:
Given the following text, please determine if it should be classified as funny or not funny. Base your classification on humor elements such as wit, irony, absurdity, or comedic timing.

### Input:
Just learned my cousin who had difficulty speaking passed away while incarcerated. It's such a tragedy.

### Response:
",Yes
Pretzelogist,https://old.reddit.com/r/dadjokes/comments/r95c71/i_asked_my_buddy_if_he_knew_the_chemical_formula/,2021-12-05 02:27:12,I asked my buddy if he knew the chemical formula of sodium hypobromite. He told me he didn't remember.,102,1,15389,0,"Below is an instruction that describes a sentiment analysis task.

### Instruction:
Given the following text, please determine if it should be classified as funny or not funny. Base your classification on humor elements such as wit, irony, absurdity, or comedic timing.

### Input:
I asked my buddy if he knew the chemical formula of sodium hypobromite. He told me he didn't remember.

### Response:
",Yes
coadnamedalex,https://old.reddit.com/r/dadjokes/comments/bsq1v2/youve_been_drinking_beer_havent_you_i_smell_it_on/,2019-05-25 03:26:18,"You’ve been drinking beer haven’t you? I smell it on your breath. No, I’ve been eating frogs’ legs...what you smell is the hops.",128,27,921,1,"Below is an instruction that describes a sentiment analysis task.

### Instruction:
Given the following text, please determine if it should be classified as funny or not funny. Base your classification on humor elements such as wit, irony, absurdity, or comedic timing.

### Input:
You’ve been drinking beer haven’t you? I smell it on your breath. No, I’ve been eating frogs’ legs...what you smell is the hops.

### Response:
",Yes
alphadelt,https://old.reddit.com/r/dadjokes/comments/39qvhu/my_1st_legitimate_dad_joke/,2015-06-13 21:41:30,MY 1st legitimate dad joke. The rest were illegitimate because I wasn't a father to them.,89,212,6607,1,"Below is an instruction that describes a sentiment analysis task.

### Instruction:
Given the following text, please determine if it should be classified as funny or not funny. Base your classification on humor elements such as wit, irony, absurdity, or comedic timing.

### Input:
MY 1st legitimate dad joke. The rest were illegitimate because I wasn't a father to them.

### Response:
",Yes
DivineRainor,https://old.reddit.com/r/dadjokes/comments/5sl3jb/what_do_you_call_a_dwarf_psychic_who_has_escaped/,2017-02-07 12:24:31,What do you call a Dwarf Psychic who has escaped prison? A Small Medium at Large.,81,34,2553,1,"Below is an instruction that describes a sentiment analysis task.

### Instruction:
Given the following text, please determine if it should be classified as funny or not funny. Base your classification on humor elements such as wit, irony, absurdity, or comedic timing.

### Input:
What do you call a Dwarf Psychic who has escaped prison? A Small Medium at Large.

### Response:
",Yes
wookiewithabrush,https://old.reddit.com/r/dadjokes/comments/qsjr9a/if_fan_fiction_goes_against_franchise_canon/,2021-11-12 20:13:16,If fan fiction diverges from the original franchise... It's an alternate take on the story.,91,1,18406,0,"Below is an instruction that describes a sentiment analysis task.

### Instruction:
Given the following text, please determine if it should be classified as funny or not funny. Base your classification on humor elements such as wit, irony, absurdity, or comedic timing.

### Input:
If fan fiction diverges from the original franchise... It's an alternate take on the story.

### Response:
",Yes
porichoygupto,https://old.reddit.com/r/dadjokes/comments/ch6l58/when_i_woke_up_from_my_accident_i_was_shocked_to/,2019-07-24 10:46:11,"When I woke up from my accident, I was shocked to find out that all my fingers were broken. It was hard to grasp.",113,32,6256,1,"Below is an instruction that describes a sentiment analysis task.

### Instruction:
Given the following text, please determine if it should be classified as funny or not funny. Base your classification on humor elements such as wit, irony, absurdity, or comedic timing.

### Input:
When I woke up from my accident, I was shocked to find out that all my fingers were broken. It was hard to grasp.

### Response:
",Yes
jfzastrow,https://old.reddit.com/r/dadjokes/comments/5mfg08/took_my_car_to_a_local_dent_repair_specialist/,2017-01-06 19:03:56,Took my car to a local dent repair specialist... I asked him how he got into it and he said by accident.,104,22,10690,1,"Below is an instruction that describes a sentiment analysis task.

### Instruction:
Given the following text, please determine if it should be classified as funny or not funny. Base your classification on humor elements such as wit, irony, absurdity, or comedic timing.

### Input:
Took my car to a local dent repair specialist... I asked him how he got into it and he said by accident.

### Response:
",Yes
Chcoflakes15,https://old.reddit.com/r/dadjokes/comments/rgccbu/what_does_kris_kringle_use_to_stay_germ_free/,2021-12-14 17:20:54,What does Kris Kringle use to maintain cleanliness? Hand sanitizer.,67,1,14232,0,"Below is an instruction that describes a sentiment analysis task.

### Instruction:
Given the following text, please determine if it should be classified as funny or not funny. Base your classification on humor elements such as wit, irony, absurdity, or comedic timing.

### Input:
What does Kris Kringle use to maintain cleanliness? Hand sanitizer.

### Response:
",Yes
purpleegg1,https://old.reddit.com/r/dadjokes/comments/hw8tz5/my_special_cake_day_was_beautiful/,2020-07-23 03:58:03,"My special (cake) day was beautiful... even the cake was in tiers!

had to do a (bad) dad joke for my cake day lol",114,22,885,1,"Below is an instruction that describes a sentiment analysis task.

### Instruction:
Given the following text, please determine if it should be classified as funny or not funny. Base your classification on humor elements such as wit, irony, absurdity, or comedic timing.

### Input:
My special (cake) day was beautiful... even the cake was in tiers!

had to do a (bad) dad joke for my cake day lol

### Response:
",Yes
